ProteinID,Site,glytoucan_ac,composition,Peptide,Start,End,Length,Sequon,GlycopeptideMass,PeptideMass,glycan_mass,Hydrophobicity,pI,Protease,GlycosylationType,MissedCleavages,Species,TaxonID,GeneName,ProteinEvidence,SequenceVersion,z2,z3,z4,z5,z6,GlycopeptideHydrophobicity,GlycopeptideHydrophobicityWeighted
sp|O88354|LIPP_ICTTR,105,G62765YT,HexNAc(2)Hex(8),GEESWLANMCK,98,109,11,NMCK,2969.11862684902,1266.53729384902,1702.581333,-0.59,4.53,trypsin,N,0,Ictidomys tridecemlineatus,43179,PNLIP,1,2,1485.56658942451,990.7134849496732,743.2869327122551,594.831001369804,495.86038047483663,-0.8721428571428566,-1.2680532523119734
sp|O88354|LIPP_ICTTR,105,G31852PQ,HexNAc(2)Hex(7),GEESWLANMCK,98,109,11,NMCK,2807.06580384902,1266.53729384902,1540.52851,-0.59,4.53,trypsin,N,0,Ictidomys tridecemlineatus,43179,PNLIP,1,2,1404.54017792451,936.6958772830068,702.7737269622551,562.420436769804,468.8515766415033,-0.8721428571428566,-1.2680532523119734
sp|O88354|LIPP_ICTTR,105,G41247ZX,HexNAc(2)Hex(6),GEESWLANMCK,98,109,11,NMCK,2645.01297984902,1266.53729384902,1378.475686,-0.59,4.53,trypsin,N,0,Ictidomys tridecemlineatus,43179,PNLIP,1,2,1323.51376592451,882.6782692830066,662.260520962255,530.009871969804,441.8427726415033,-0.7797619047619051,-1.2740613191046144
sp|O88354|LIPP_ICTTR,351,G62765YT,HexNAc(2)Hex(8),SNFSR,350,355,5,NFSR,2311.8684068699704,609.2870738699701,1702.581333,-1.36,9.47,trypsin,N,0,Ictidomys tridecemlineatus,43179,PNLIP,1,2,1156.9414794349852,771.6300782899901,578.9743777174926,463.3809573739941,386.31867714499504,-1.6421428571428567,-2.0380532523119737
sp|O88354|LIPP_ICTTR,351,G31852PQ,HexNAc(2)Hex(7),SNFSR,350,355,5,NFSR,2149.8155838699704,609.2870738699701,1540.52851,-1.36,9.47,trypsin,N,0,Ictidomys tridecemlineatus,43179,PNLIP,1,2,1075.9150679349852,717.6124706233235,538.4611719674926,430.9703927739941,359.3098733116617,-1.6421428571428567,-2.0380532523119737
sp|O88354|LIPP_ICTTR,351,G41247ZX,HexNAc(2)Hex(6),SNFSR,350,355,5,NFSR,1987.76275986997,609.2870738699701,1378.475686,-1.36,9.47,trypsin,N,0,Ictidomys tridecemlineatus,43179,PNLIP,1,2,994.8886559349852,663.5948626233234,497.9479659674925,398.559827973994,332.3010693116617,-1.5497619047619053,-2.0440613191046144
sp|O88354|LIPP_ICTTR,463,G62765YT,HexNAc(2)Hex(8),EDVLLTLNAC,456,466,10,NAC,2792.11894411885,1089.5376111188498,1702.581333,0.87,4.05,trypsin,N,0,Ictidomys tridecemlineatus,43179,PNLIP,1,2,1397.066748059425,931.7135907062832,699.0370120297125,559.4310648237699,466.3604333531416,0.5878571428571434,0.19194674768802655
sp|O88354|LIPP_ICTTR,463,G31852PQ,HexNAc(2)Hex(7),EDVLLTLNAC,456,466,10,NAC,2630.06612111885,1089.5376111188498,1540.52851,0.87,4.05,trypsin,N,0,Ictidomys tridecemlineatus,43179,PNLIP,1,2,1316.040336559425,877.6959830396166,658.5238062797125,527.02050022377,439.3516295198083,0.5878571428571434,0.19194674768802655
sp|O88354|LIPP_ICTTR,463,G41247ZX,HexNAc(2)Hex(6),EDVLLTLNAC,456,466,10,NAC,2468.0132971188496,1089.5376111188498,1378.475686,0.87,4.05,trypsin,N,0,Ictidomys tridecemlineatus,43179,PNLIP,1,2,1235.0139245594248,823.6783750396165,618.0106002797124,494.6099354237699,412.34282551980823,0.6802380952380949,0.18593868089538557
sp|Q2EF74|SUMO1_ICTTR,74,G62765YT,HexNAc(2)Hex(8),IADNHTPK,71,79,8,NHTP,2597.03726310022,894.45593010022,1702.581333,-1.26,6.74,trypsin,N,0,Ictidomys tridecemlineatus,43179,SUMO1,3,1,1299.52590755011,866.6863637000733,650.2665917750551,520.414728620044,433.84681985003664,-1.5421428571428566,-1.9380532523119736
sp|Q2EF74|SUMO1_ICTTR,74,G31852PQ,HexNAc(2)Hex(7),IADNHTPK,71,79,8,NHTP,2434.98444010022,894.45593010022,1540.52851,-1.26,6.74,trypsin,N,0,Ictidomys tridecemlineatus,43179,SUMO1,3,1,1218.49949605011,812.6687560334067,609.7533860250551,488.004164020044,406.8380160167033,-1.5421428571428566,-1.9380532523119736
sp|Q2EF74|SUMO1_ICTTR,74,G41247ZX,HexNAc(2)Hex(6),IADNHTPK,71,79,8,NHTP,2272.93161610022,894.45593010022,1378.475686,-1.26,6.74,trypsin,N,0,Ictidomys tridecemlineatus,43179,SUMO1,3,1,1137.47308405011,758.6511480334066,569.240180025055,455.593599220044,379.82921201670325,-1.4497619047619053,-1.9440613191046143
sp|Q810W5|FOXO1_ICTTR,73,G62765YT,HexNAc(2)Hex(8),SCTWPLPRPEFSQSNSATSSPAPSGGATANPDASAGLPPASAAAVSADFMSNLSLLEESEDFPQAPGSVAAAVAAAAAAATGGLCGDFQGLEAGCLHPAPPQPPPPGPLSQHPPVPPAAGPLAGQPR,22,149,127,NLSL,13905.445340774371,12202.864007774371,1702.581333,-0.1,4.2,trypsin,N,0,Ictidomys tridecemlineatus,43179,FOXO1,1,1,6953.729946387186,4636.155722924791,3477.3686111935926,2782.0963441548743,2318.581499462395,-0.38214285714285656,-0.7780532523119734
sp|Q810W5|FOXO1_ICTTR,73,G31852PQ,HexNAc(2)Hex(7),SCTWPLPRPEFSQSNSATSSPAPSGGATANPDASAGLPPASAAAVSADFMSNLSLLEESEDFPQAPGSVAAAVAAAAAAATGGLCGDFQGLEAGCLHPAPPQPPPPGPLSQHPPVPPAAGPLAGQPR,22,149,127,NLSL,13743.392517774371,12202.864007774371,1540.52851,-0.1,4.2,trypsin,N,0,Ictidomys tridecemlineatus,43179,FOXO1,1,1,6872.703534887186,4582.138115258124,3436.8554054435926,2749.685779554874,2291.572695629062,-0.38214285714285656,-0.7780532523119734
sp|Q810W5|FOXO1_ICTTR,73,G41247ZX,HexNAc(2)Hex(6),SCTWPLPRPEFSQSNSATSSPAPSGGATANPDASAGLPPASAAAVSADFMSNLSLLEESEDFPQAPGSVAAAVAAAAAAATGGLCGDFQGLEAGCLHPAPPQPPPPGPLSQHPPVPPAAGPLAGQPR,22,149,127,NLSL,13581.339693774373,12202.864007774371,1378.475686,-0.1,4.2,trypsin,N,0,Ictidomys tridecemlineatus,43179,FOXO1,1,1,6791.677122887186,4528.120507258124,3396.342199443593,2717.275214754874,2264.563891629062,-0.2897619047619052,-0.7840613191046144
sp|Q810W5|FOXO1_ICTTR,160,G62765YT,HexNAc(2)Hex(8),NAWGNLSYADLITK,156,170,14,NLSY,3267.36989018028,1564.78855718028,1702.581333,-0.2,5.83,trypsin,N,0,Ictidomys tridecemlineatus,43179,FOXO1,1,1,1634.69222109014,1090.13057272676,817.84974854507,654.481254036056,545.56892436338,-0.4821428571428566,-0.8780532523119735
sp|Q810W5|FOXO1_ICTTR,160,G31852PQ,HexNAc(2)Hex(7),NAWGNLSYADLITK,156,170,14,NLSY,3105.31706718028,1564.78855718028,1540.52851,-0.2,5.83,trypsin,N,0,Ictidomys tridecemlineatus,43179,FOXO1,1,1,1553.66580959014,1036.1129650600933,777.33654279507,622.070689436056,518.5601205300467,-0.4821428571428566,-0.8780532523119735
sp|Q810W5|FOXO1_ICTTR,160,G41247ZX,HexNAc(2)Hex(6),NAWGNLSYADLITK,156,170,14,NLSY,2943.2642431802797,1564.78855718028,1378.475686,-0.2,5.83,trypsin,N,0,Ictidomys tridecemlineatus,43179,FOXO1,1,1,1472.63939759014,982.0953570600932,736.82333679507,589.6601246360559,491.55131653004656,-0.3897619047619052,-0.8840613191046145
sp|Q810W5|FOXO1_ICTTR,202,G62765YT,HexNAc(2)Hex(8),GDSNSSAGWK,199,209,10,NSSA,2710.01217055119,1007.43083755119,1702.581333,-1.32,5.84,trypsin,N,0,Ictidomys tridecemlineatus,43179,FOXO1,1,1,1356.0133612755951,904.34466618373,678.5103186377976,543.0097101102381,452.675971091865,-1.6021428571428566,-1.9980532523119736
sp|Q810W5|FOXO1_ICTTR,202,G31852PQ,HexNAc(2)Hex(7),GDSNSSAGWK,199,209,10,NSSA,2547.95934755119,1007.43083755119,1540.52851,-1.32,5.84,trypsin,N,0,Ictidomys tridecemlineatus,43179,FOXO1,1,1,1274.9869497755951,850.3270585170634,637.9971128877976,510.599145510238,425.66716725853166,-1.6021428571428566,-1.9980532523119736
sp|Q810W5|FOXO1_ICTTR,202,G41247ZX,HexNAc(2)Hex(6),GDSNSSAGWK,199,209,10,NSSA,2385.90652355119,1007.43083755119,1378.475686,-1.32,5.84,trypsin,N,0,Ictidomys tridecemlineatus,43179,FOXO1,1,1,1193.960537775595,796.3094505170633,597.4839068877975,478.18858071023794,398.6583632585316,-1.5097619047619053,-2.0040613191046144
sp|Q810W5|FOXO1_ICTTR,214,G62765YT,HexNAc(2)Hex(8),HNLSLHSK,213,221,8,NLSL,2637.07979661854,934.49846361854,1702.581333,-0.98,8.76,trypsin,N,0,Ictidomys tridecemlineatus,43179,FOXO1,1,1,1319.54717430927,880.0338748728467,660.2772251546351,528.423235323708,440.5205754364233,-1.2621428571428566,-1.6580532523119733
sp|Q810W5|FOXO1_ICTTR,214,G31852PQ,HexNAc(2)Hex(7),HNLSLHSK,213,221,8,NLSL,2475.02697361854,934.49846361854,1540.52851,-0.98,8.76,trypsin,N,0,Ictidomys tridecemlineatus,43179,FOXO1,1,1,1238.52076280927,826.01626720618,619.7640194046351,496.012670723708,413.51177160309,-1.2621428571428566,-1.6580532523119733
sp|Q810W5|FOXO1_ICTTR,214,G41247ZX,HexNAc(2)Hex(6),HNLSLHSK,213,221,8,NLSL,2312.9741496185397,934.49846361854,1378.475686,-0.98,8.76,trypsin,N,0,Ictidomys tridecemlineatus,43179,FOXO1,1,1,1157.49435080927,771.9986592061799,579.250813404635,463.60210592370794,386.5029676030899,-1.1697619047619052,-1.6640613191046145
sp|Q810W5|FOXO1_ICTTR,257,G62765YT,HexNAc(2)Hex(8),AASMDNNSK,252,261,9,NNSK,2638.97842789476,936.39709489476,1702.581333,-1.17,5.88,trypsin,N,0,Ictidomys tridecemlineatus,43179,FOXO1,1,1,1320.49648994738,880.66675196492,660.75188297369,528.802961578952,440.8370139824599,-1.4521428571428565,-1.8480532523119733
sp|Q810W5|FOXO1_ICTTR,257,G31852PQ,HexNAc(2)Hex(7),AASMDNNSK,252,261,9,NNSK,2476.92560489476,936.39709489476,1540.52851,-1.17,5.88,trypsin,N,0,Ictidomys tridecemlineatus,43179,FOXO1,1,1,1239.47007844738,826.6491442982533,620.23867722369,496.392396978952,413.8282101491266,-1.4521428571428565,-1.8480532523119733
sp|Q810W5|FOXO1_ICTTR,257,G41247ZX,HexNAc(2)Hex(6),AASMDNNSK,252,261,9,NNSK,2314.87278089476,936.39709489476,1378.475686,-1.17,5.88,trypsin,N,0,Ictidomys tridecemlineatus,43179,FOXO1,1,1,1158.44366644738,772.6315362982533,579.7254712236901,463.981832178952,386.8194061491267,-1.3597619047619052,-1.8540613191046145
sp|Q810W5|FOXO1_ICTTR,307,G62765YT,HexNAc(2)Hex(8),WPASPGSHSNDDFDNWSTFRPR,293,315,22,NWST,4277.70783040614,2575.12649740614,1702.581333,-1.51,5.3,trypsin,N,0,Ictidomys tridecemlineatus,43179,FOXO1,1,1,2139.8611912030697,1426.9098861353798,1070.434233601535,856.5488420812278,713.9585810676899,-1.7921428571428566,-2.1880532523119736
sp|Q810W5|FOXO1_ICTTR,307,G31852PQ,HexNAc(2)Hex(7),WPASPGSHSNDDFDNWSTFRPR,293,315,22,NWST,4115.65500740614,2575.12649740614,1540.52851,-1.51,5.3,trypsin,N,0,Ictidomys tridecemlineatus,43179,FOXO1,1,1,2058.8347797030697,1372.8922784687131,1029.921027851535,824.1382774812279,686.9497772343566,-1.7921428571428566,-2.1880532523119736
sp|Q810W5|FOXO1_ICTTR,307,G41247ZX,HexNAc(2)Hex(6),WPASPGSHSNDDFDNWSTFRPR,293,315,22,NWST,3953.60218340614,2575.12649740614,1378.475686,-1.51,5.3,trypsin,N,0,Ictidomys tridecemlineatus,43179,FOXO1,1,1,1977.8083677030704,1318.8746704687137,989.4078218515352,791.727712681228,659.9409732343566,-1.6997619047619053,-2.1940613191046143
sp|Q810W5|FOXO1_ICTTR,318,G62765YT,HexNAc(2)Hex(8),TSSNASTISGR,315,326,11,NAST,2782.10204818475,1079.52071518475,1702.581333,-0.61,9.41,trypsin,N,0,Ictidomys tridecemlineatus,43179,FOXO1,1,1,1392.058300092375,928.3746253949166,696.5327880461875,557.42768563695,464.6909506974583,-0.8921428571428566,-1.2880532523119734
sp|Q810W5|FOXO1_ICTTR,318,G31852PQ,HexNAc(2)Hex(7),TSSNASTISGR,315,326,11,NAST,2620.04922518475,1079.52071518475,1540.52851,-0.61,9.41,trypsin,N,0,Ictidomys tridecemlineatus,43179,FOXO1,1,1,1311.031888592375,874.35701772825,656.0195822961875,525.01712103695,437.68214686412495,-0.8921428571428566,-1.2880532523119734
sp|Q810W5|FOXO1_ICTTR,318,G41247ZX,HexNAc(2)Hex(6),TSSNASTISGR,315,326,11,NAST,2457.99640118475,1079.52071518475,1378.475686,-0.61,9.41,trypsin,N,0,Ictidomys tridecemlineatus,43179,FOXO1,1,1,1230.005476592375,820.33940972825,615.5063762961876,492.6065562369501,410.673342864125,-0.7997619047619051,-1.2940613191046144
sp|Q810W5|FOXO1_ICTTR,636,G62765YT,HexNAc(2)Hex(8),NDLMDGDALDFNFDNVLPNQSFPHGVK,618,645,27,NQSF,4720.96311868229,3018.3817856822902,1702.581333,-0.56,4.05,trypsin,N,0,Ictidomys tridecemlineatus,43179,FOXO1,1,1,2361.4888353411447,1574.6616488940963,1181.2480556705725,945.1998997364578,787.8344624470483,-0.8421428571428566,-1.2380532523119734
sp|Q810W5|FOXO1_ICTTR,636,G31852PQ,HexNAc(2)Hex(7),NDLMDGDALDFNFDNVLPNQSFPHGVK,618,645,27,NQSF,4558.91029568229,3018.3817856822902,1540.52851,-0.56,4.05,trypsin,N,0,Ictidomys tridecemlineatus,43179,FOXO1,1,1,2280.4624238411448,1520.64404122743,1140.7348499205723,912.789335136458,760.825658613715,-0.8421428571428566,-1.2380532523119734
sp|Q810W5|FOXO1_ICTTR,636,G41247ZX,HexNAc(2)Hex(6),NDLMDGDALDFNFDNVLPNQSFPHGVK,618,645,27,NQSF,4396.85747168229,3018.3817856822902,1378.475686,-0.56,4.05,trypsin,N,0,Ictidomys tridecemlineatus,43179,FOXO1,1,1,2199.436011841145,1466.6264332274302,1100.221643920573,880.378770336458,733.816854613715,-0.7497619047619053,-1.2440613191046146
sp|Q91XI3|INS_ICTTR,107,G62765YT,HexNAc(2)Hex(8),GIVEQCCTSICSLYQLENYCN,90,111,21,NYCN,4084.58135877545,2382.00002577545,1702.581333,0.21,4.05,trypsin,N,0,Ictidomys tridecemlineatus,43179,INS,3,1,2043.297955387725,1362.5343955918167,1022.1526156938626,817.92354775509,681.7708357959083,-0.07214285714285659,-0.4680532523119735
sp|Q91XI3|INS_ICTTR,107,G31852PQ,HexNAc(2)Hex(7),GIVEQCCTSICSLYQLENYCN,90,111,21,NYCN,3922.52853577545,2382.00002577545,1540.52851,0.21,4.05,trypsin,N,0,Ictidomys tridecemlineatus,43179,INS,3,1,1962.271543887725,1308.51678792515,981.6394099438626,785.5129831550901,654.762031962575,-0.07214285714285659,-0.4680532523119735
sp|Q91XI3|INS_ICTTR,107,G41247ZX,HexNAc(2)Hex(6),GIVEQCCTSICSLYQLENYCN,90,111,21,NYCN,3760.47571177545,2382.00002577545,1378.475686,0.21,4.05,trypsin,N,0,Ictidomys tridecemlineatus,43179,INS,3,1,1881.245131887725,1254.49917992515,941.1262039438624,753.10241835509,627.7532279625749,0.020238095238094805,-0.47406131910461446
sp|Q9R101|LIPS_ICTTR,198,G62765YT,HexNAc(2)Hex(8),NESGLGVTASSLFTSGR,198,215,17,NESG,3384.40846051697,1681.82712751697,1702.581333,-0.05,6.0,trypsin,N,0,Ictidomys tridecemlineatus,43179,LIPE,2,1,1693.211506258485,1129.1434295056567,847.1093911292426,677.8889681033941,565.0753527528283,-0.3321428571428566,-0.7280532523119735
sp|Q9R101|LIPS_ICTTR,198,G31852PQ,HexNAc(2)Hex(7),NESGLGVTASSLFTSGR,198,215,17,NESG,3222.35563751697,1681.82712751697,1540.52851,-0.05,6.0,trypsin,N,0,Ictidomys tridecemlineatus,43179,LIPE,2,1,1612.185094758485,1075.12582183899,806.5961853792426,645.478403503394,538.066548919495,-0.3321428571428566,-0.7280532523119735
sp|Q9R101|LIPS_ICTTR,198,G41247ZX,HexNAc(2)Hex(6),NESGLGVTASSLFTSGR,198,215,17,NESG,3060.3028135169698,1681.82712751697,1378.475686,-0.05,6.0,trypsin,N,0,Ictidomys tridecemlineatus,43179,LIPE,2,1,1531.158682758485,1021.10821383899,766.0829793792425,613.0678387033939,511.05774491949495,-0.23976190476190518,-0.7340613191046145
sp|Q9R101|LIPS_ICTTR,243,G62765YT,HexNAc(2)Hex(8),AFWNITEIEVLSSLANMASATVR,240,263,23,NITE,4224.86524256433,2522.2839095643303,1702.581333,0.6,4.53,trypsin,N,0,Ictidomys tridecemlineatus,43179,LIPE,2,1,2113.439897282165,1409.29569018811,1057.2235866410826,845.980324512866,705.151483094055,0.3178571428571434,-0.07805325231197346
sp|Q9R101|LIPS_ICTTR,243,G31852PQ,HexNAc(2)Hex(7),AFWNITEIEVLSSLANMASATVR,240,263,23,NITE,4062.8124195643304,2522.2839095643303,1540.52851,0.6,4.53,trypsin,N,0,Ictidomys tridecemlineatus,43179,LIPE,2,1,2032.4134857821653,1355.2780825214434,1016.7103808910828,813.5697599128661,678.1426792607217,0.3178571428571434,-0.07805325231197346
sp|Q9R101|LIPS_ICTTR,243,G41247ZX,HexNAc(2)Hex(6),AFWNITEIEVLSSLANMASATVR,240,263,23,NITE,3900.75959556433,2522.2839095643303,1378.475686,0.6,4.53,trypsin,N,0,Ictidomys tridecemlineatus,43179,LIPE,2,1,1951.387073782165,1301.2604745214433,976.1971748910826,781.159195112866,651.1338752607217,0.4102380952380948,-0.08406131910461445
sp|Q9R101|LIPS_ICTTR,428,G62765YT,HexNAc(2)Hex(8),ICLAGDSAGGNLCFTVALR,418,437,19,NLCF,3582.5097718647103,1879.92843886471,1702.581333,1.01,5.82,trypsin,N,0,Ictidomys tridecemlineatus,43179,LIPE,2,1,1792.2621619323552,1195.1771999549037,896.6347189661776,717.509230372942,598.0922379774516,0.7278571428571434,0.33194674768802657
sp|Q9R101|LIPS_ICTTR,428,G31852PQ,HexNAc(2)Hex(7),ICLAGDSAGGNLCFTVALR,418,437,19,NLCF,3420.4569488647103,1879.92843886471,1540.52851,1.01,5.82,trypsin,N,0,Ictidomys tridecemlineatus,43179,LIPE,2,1,1711.2357504323552,1141.1595922882368,856.1215132161776,685.098665772942,571.0834341441183,0.7278571428571434,0.33194674768802657
sp|Q9R101|LIPS_ICTTR,428,G41247ZX,HexNAc(2)Hex(6),ICLAGDSAGGNLCFTVALR,418,437,19,NLCF,3258.40412486471,1879.92843886471,1378.475686,1.01,5.82,trypsin,N,0,Ictidomys tridecemlineatus,43179,LIPE,2,1,1630.209338432355,1087.1419842882367,815.6083072161775,652.688100972942,544.0746301441183,0.8202380952380948,0.3259386808953856
sp|O88345|PDK4_ICTTR,47,G62765YT,HexNAc(2)Hex(8),QLLDFGSDNACER,39,52,13,NACE,3169.22732535086,1466.6459923508598,1702.581333,-0.65,4.05,trypsin,N,0,Ictidomys tridecemlineatus,43179,PDK4,2,1,1585.62093867543,1057.4163844502866,793.3141073377151,634.852741070172,529.2118302251433,-0.9321428571428566,-1.3280532523119735
sp|O88345|PDK4_ICTTR,47,G31852PQ,HexNAc(2)Hex(7),QLLDFGSDNACER,39,52,13,NACE,3007.17450235086,1466.6459923508598,1540.52851,-0.65,4.05,trypsin,N,0,Ictidomys tridecemlineatus,43179,PDK4,2,1,1504.59452717543,1003.39877678362,752.8009015877151,602.4421764701721,502.20302639181,-0.9321428571428566,-1.3280532523119735
sp|O88345|PDK4_ICTTR,47,G41247ZX,HexNAc(2)Hex(6),QLLDFGSDNACER,39,52,13,NACE,2845.12167835086,1466.6459923508598,1378.475686,-0.65,4.05,trypsin,N,0,Ictidomys tridecemlineatus,43179,PDK4,2,1,1423.56811517543,949.38116878362,712.287695587715,570.031611670172,475.19422239180994,-0.8397619047619052,-1.3340613191046145
sp|O88345|PDK4_ICTTR,81,G62765YT,HexNAc(2)Hex(8),LTNTSSVQLVK,79,90,11,NTSS,2891.25273516972,1188.67140216972,1702.581333,0.19,8.75,trypsin,N,0,Ictidomys tridecemlineatus,43179,PDK4,2,1,1446.63364358486,964.75818772324,723.82045979243,579.257823033944,482.88273186162,-0.09214285714285658,-0.48805325231197344
sp|O88345|PDK4_ICTTR,81,G31852PQ,HexNAc(2)Hex(7),LTNTSSVQLVK,79,90,11,NTSS,2729.19991216972,1188.67140216972,1540.52851,0.19,8.75,trypsin,N,0,Ictidomys tridecemlineatus,43179,PDK4,2,1,1365.60723208486,910.7405800565732,683.30725404243,546.847258433944,455.8739280282866,-0.09214285714285658,-0.48805325231197344
sp|O88345|PDK4_ICTTR,81,G41247ZX,HexNAc(2)Hex(6),LTNTSSVQLVK,79,90,11,NTSS,2567.14708816972,1188.67140216972,1378.475686,0.19,8.75,trypsin,N,0,Ictidomys tridecemlineatus,43179,PDK4,2,1,1284.58082008486,856.7229720565733,642.7940480424301,514.4366936339441,428.86512402828663,0.00023809523809481536,-0.4940613191046144
sp|O88345|PDK4_ICTTR,112,G62765YT,HexNAc(2)Hex(8),NLSDFVDTLIK,112,123,11,NLSD,2966.25240081655,1263.67106781655,1702.581333,0.29,4.21,trypsin,N,0,Ictidomys tridecemlineatus,43179,PDK4,2,1,1484.133476408275,989.7580762721832,742.5703762041376,594.25775616331,495.3826761360917,0.007857142857143395,-0.38805325231197346
sp|O88345|PDK4_ICTTR,112,G31852PQ,HexNAc(2)Hex(7),NLSDFVDTLIK,112,123,11,NLSD,2804.19957781655,1263.67106781655,1540.52851,0.29,4.21,trypsin,N,0,Ictidomys tridecemlineatus,43179,PDK4,2,1,1403.107064908275,935.7404686055166,702.0571704541376,561.84719156331,468.37387230275834,0.007857142857143395,-0.38805325231197346
sp|O88345|PDK4_ICTTR,112,G41247ZX,HexNAc(2)Hex(6),NLSDFVDTLIK,112,123,11,NLSD,2642.14675381655,1263.67106781655,1378.475686,0.29,4.21,trypsin,N,0,Ictidomys tridecemlineatus,43179,PDK4,2,1,1322.080652908275,881.7228606055165,661.5439644541375,529.43662676331,441.3650683027583,0.1002380952380948,-0.39406131910461445
sp|O88345|PDK4_ICTTR,152,G62765YT,HexNAc(2)Hex(8),DTCTVDPVTNQSLQYFLDR,143,162,19,NQSL,3916.60763089933,2214.02629789933,1702.581333,-0.53,4.05,trypsin,N,0,Ictidomys tridecemlineatus,43179,PDK4,2,1,1959.3110914496651,1306.5431529664434,980.1591837248326,784.328802179866,653.7752144832217,-0.8121428571428566,-1.2080532523119736
sp|O88345|PDK4_ICTTR,152,G31852PQ,HexNAc(2)Hex(7),DTCTVDPVTNQSLQYFLDR,143,162,19,NQSL,3754.55480789933,2214.02629789933,1540.52851,-0.53,4.05,trypsin,N,0,Ictidomys tridecemlineatus,43179,PDK4,2,1,1878.2846799496651,1252.5255452997767,939.6459779748326,751.9182375798661,626.7664106498884,-0.8121428571428566,-1.2080532523119736
sp|O88345|PDK4_ICTTR,152,G41247ZX,HexNAc(2)Hex(6),DTCTVDPVTNQSLQYFLDR,143,162,19,NQSL,3592.5019838993303,2214.02629789933,1378.475686,-0.53,4.05,trypsin,N,0,Ictidomys tridecemlineatus,43179,PDK4,2,1,1797.2582679496652,1198.5079372997768,899.1327719748326,719.5076727798661,599.7576066498883,-0.7197619047619053,-1.2140613191046143
sp|O88345|PDK4_ICTTR,404,G62765YT,HexNAc(2)Hex(8),NLSK,404,408,4,NLSK,2162.84588052024,460.26454752024,1702.581333,-1.1,8.75,trypsin,N,0,Ictidomys tridecemlineatus,43179,PDK4,2,1,1082.43021626012,721.95590284008,541.71874613006,433.576452104048,361.48158942003994,-1.3821428571428567,-1.7780532523119734
sp|O88345|PDK4_ICTTR,404,G31852PQ,HexNAc(2)Hex(7),NLSK,404,408,4,NLSK,2000.79305752024,460.26454752024,1540.52851,-1.1,8.75,trypsin,N,0,Ictidomys tridecemlineatus,43179,PDK4,2,1,1001.40380476012,667.9382951734134,501.20554038006,401.165887504048,334.4727855867067,-1.3821428571428567,-1.7780532523119734
sp|O88345|PDK4_ICTTR,404,G41247ZX,HexNAc(2)Hex(6),NLSK,404,408,4,NLSK,1838.74023352024,460.26454752024,1378.475686,-1.1,8.75,trypsin,N,0,Ictidomys tridecemlineatus,43179,PDK4,2,1,920.37739276012,613.9206871734133,460.69233438006,368.755322704048,307.46398158670667,-1.2897619047619053,-1.7840613191046146
sp|P62335|PRS10_ICTTR,121,G62765YT,HexNAc(2)Hex(8),EVDPLVYNMSHEDPGNVSYSEIGGLSEQIR,114,144,30,NMSH,5036.12728345492,3333.54595045492,1702.581333,-0.61,4.08,trypsin,N,0,Ictidomys tridecemlineatus,43179,PSMC6,2,1,2519.07091772746,1679.7163704849734,1260.03909686373,1008.232732690984,840.3618232424866,-0.8921428571428566,-1.2880532523119734
sp|P62335|PRS10_ICTTR,121,G31852PQ,HexNAc(2)Hex(7),EVDPLVYNMSHEDPGNVSYSEIGGLSEQIR,114,144,30,NMSH,4874.07446045492,3333.54595045492,1540.52851,-0.61,4.08,trypsin,N,0,Ictidomys tridecemlineatus,43179,PSMC6,2,1,2438.04450622746,1625.6987628183067,1219.52589111373,975.822168090984,813.3530194091533,-0.8921428571428566,-1.2880532523119734
sp|P62335|PRS10_ICTTR,121,G41247ZX,HexNAc(2)Hex(6),EVDPLVYNMSHEDPGNVSYSEIGGLSEQIR,114,144,30,NMSH,4712.02163645492,3333.54595045492,1378.475686,-0.61,4.08,trypsin,N,0,Ictidomys tridecemlineatus,43179,PSMC6,2,1,2357.0180942274596,1571.6811548183066,1179.01268511373,943.411603290984,786.3442154091532,-0.7997619047619051,-1.2940613191046144
sp|P62335|PRS10_ICTTR,129,G62765YT,HexNAc(2)Hex(8),EVDPLVYNMSHEDPGNVSYSEIGGLSEQIR,114,144,30,NVSY,5036.12728345492,3333.54595045492,1702.581333,-0.61,4.08,trypsin,N,0,Ictidomys tridecemlineatus,43179,PSMC6,2,1,2519.07091772746,1679.7163704849734,1260.03909686373,1008.232732690984,840.3618232424866,-0.8921428571428566,-1.2880532523119734
sp|P62335|PRS10_ICTTR,129,G31852PQ,HexNAc(2)Hex(7),EVDPLVYNMSHEDPGNVSYSEIGGLSEQIR,114,144,30,NVSY,4874.07446045492,3333.54595045492,1540.52851,-0.61,4.08,trypsin,N,0,Ictidomys tridecemlineatus,43179,PSMC6,2,1,2438.04450622746,1625.6987628183067,1219.52589111373,975.822168090984,813.3530194091533,-0.8921428571428566,-1.2880532523119734
sp|P62335|PRS10_ICTTR,129,G41247ZX,HexNAc(2)Hex(6),EVDPLVYNMSHEDPGNVSYSEIGGLSEQIR,114,144,30,NVSY,4712.02163645492,3333.54595045492,1378.475686,-0.61,4.08,trypsin,N,0,Ictidomys tridecemlineatus,43179,PSMC6,2,1,2357.0180942274596,1571.6811548183066,1179.01268511373,943.411603290984,786.3442154091532,-0.7997619047619051,-1.2940613191046144
sp|P62335|PRS10_ICTTR,345,G62765YT,HexNAc(2)Hex(8),NVCTEAGMFAIR,345,357,12,NVCT,3013.1924604956203,1310.61112749562,1702.581333,0.57,5.99,trypsin,N,0,Ictidomys tridecemlineatus,43179,PSMC6,2,1,1507.6035062478102,1005.4047628318734,754.3053911239051,603.6457680991241,503.2060194159367,0.28785714285714337,-0.10805325231197349
sp|P62335|PRS10_ICTTR,345,G31852PQ,HexNAc(2)Hex(7),NVCTEAGMFAIR,345,357,12,NVCT,2851.1396374956203,1310.61112749562,1540.52851,0.57,5.99,trypsin,N,0,Ictidomys tridecemlineatus,43179,PSMC6,2,1,1426.5770947478102,951.3871551652068,713.7921853739051,571.235203499124,476.19721558260335,0.28785714285714337,-0.10805325231197349
sp|P62335|PRS10_ICTTR,345,G41247ZX,HexNAc(2)Hex(6),NVCTEAGMFAIR,345,357,12,NVCT,2689.08681349562,1310.61112749562,1378.475686,0.57,5.99,trypsin,N,0,Ictidomys tridecemlineatus,43179,PSMC6,2,1,1345.55068274781,897.3695471652067,673.278979373905,538.824638699124,449.1884115826033,0.38023809523809476,-0.11406131910461448
sp|Q9Z2G7|GRK7_ICTTR,413,G62765YT,HexNAc(2)Hex(8),DEVAFHHENFTEETK,405,420,15,NFTE,3534.3826396919503,1831.80130669195,1702.581333,-1.41,4.56,trypsin,N,0,Ictidomys tridecemlineatus,43179,GRK7,1,1,1768.1985958459752,1179.134822563983,884.6029359229876,707.8838039383901,590.0710492819917,-1.6921428571428565,-2.0880532523119735
sp|Q9Z2G7|GRK7_ICTTR,413,G31852PQ,HexNAc(2)Hex(7),DEVAFHHENFTEETK,405,420,15,NFTE,3372.3298166919503,1831.80130669195,1540.52851,-1.41,4.56,trypsin,N,0,Ictidomys tridecemlineatus,43179,GRK7,1,1,1687.1721843459752,1125.117214897317,844.0897301729876,675.47323933839,563.0622454486584,-1.6921428571428565,-2.0880532523119735
sp|Q9Z2G7|GRK7_ICTTR,413,G41247ZX,HexNAc(2)Hex(6),DEVAFHHENFTEETK,405,420,15,NFTE,3210.27699269195,1831.80130669195,1378.475686,-1.41,4.56,trypsin,N,0,Ictidomys tridecemlineatus,43179,GRK7,1,1,1606.145772345975,1071.0996068973166,803.5765241729875,643.06267453839,536.0534414486583,-1.5997619047619052,-2.0940613191046142
sp|O55175|CNCG_ICTTR,4,G62765YT,HexNAc(2)Hex(8),MSDNTTLAPPAASQAPATPR,1,21,20,NTTL,3698.5497221003898,1995.9683891003897,1702.581333,-0.52,5.59,trypsin,N,0,Ictidomys tridecemlineatus,43179,PDE6H,3,1,1850.282137050195,1233.8571833667966,925.6447065250976,740.717220420078,617.4322296833983,-0.8021428571428566,-1.1980532523119733
sp|O55175|CNCG_ICTTR,4,G31852PQ,HexNAc(2)Hex(7),MSDNTTLAPPAASQAPATPR,1,21,20,NTTL,3536.49689910039,1995.9683891003897,1540.52851,-0.52,5.59,trypsin,N,0,Ictidomys tridecemlineatus,43179,PDE6H,3,1,1769.255725550195,1179.83957570013,885.1315007750975,708.3066558200779,590.423425850065,-0.8021428571428566,-1.1980532523119733
sp|O55175|CNCG_ICTTR,4,G41247ZX,HexNAc(2)Hex(6),MSDNTTLAPPAASQAPATPR,1,21,20,NTTL,3374.4440751003895,1995.9683891003897,1378.475686,-0.52,5.59,trypsin,N,0,Ictidomys tridecemlineatus,43179,PDE6H,3,1,1688.2293135501948,1125.8219677001298,844.6182947750974,675.8960910200778,563.4146218500649,-0.7097619047619053,-1.2040613191046146
sp|Q94UY0|ATP6_ICTTR,163,G62765YT,HexNAc(2)Hex(8),LTANITAGHLLMHLIGGATLVLTSISPPTAILTFIILVLLTMLEFAVALIQAYVFTLLVSLYLHDNT,160,227,67,NITA,8890.62591820828,7188.044585208279,1702.581333,1.42,5.72,trypsin,N,0,Ictidomys tridecemlineatus,43179,MT-ATP6,2,1,4446.32023510414,2964.5492487360934,2223.6637555520697,1779.1324596416555,1482.7782623680466,1.1378571428571433,0.7419467476880265
sp|Q94UY0|ATP6_ICTTR,163,G31852PQ,HexNAc(2)Hex(7),LTANITAGHLLMHLIGGATLVLTSISPPTAILTFIILVLLTMLEFAVALIQAYVFTLLVSLYLHDNT,160,227,67,NITA,8728.57309520828,7188.044585208279,1540.52851,1.42,5.72,trypsin,N,0,Ictidomys tridecemlineatus,43179,MT-ATP6,2,1,4365.29382360414,2910.5316410694268,2183.1505498020697,1746.721895041656,1455.7694585347133,1.1378571428571433,0.7419467476880265
sp|Q94UY0|ATP6_ICTTR,163,G41247ZX,HexNAc(2)Hex(6),LTANITAGHLLMHLIGGATLVLTSISPPTAILTFIILVLLTMLEFAVALIQAYVFTLLVSLYLHDNT,160,227,67,NITA,8566.52027120828,7188.044585208279,1378.475686,1.42,5.72,trypsin,N,0,Ictidomys tridecemlineatus,43179,MT-ATP6,2,1,4284.26741160414,2856.5140330694267,2142.6373438020696,1714.3113302416557,1428.7606545347132,1.2302380952380947,0.7359386808953855
sp|O54761|ALMS_ICTTR,65,G62765YT,HexNAc(2)Hex(8),VLAHESNTTNIFFSPVSIAMALASLSLGTK,59,89,30,NTTN,4821.21860508897,3118.6372720889703,1702.581333,0.72,6.72,trypsin,N,0,Unknown,Unknown,Unknown,Unknown,Unknown,2411.616578544485,1608.08014436299,1206.3119272722429,965.250997017794,804.543710181495,0.4378571428571434,0.04194674768802653
sp|O54761|ALMS_ICTTR,65,G31852PQ,HexNAc(2)Hex(7),VLAHESNTTNIFFSPVSIAMALASLSLGTK,59,89,30,NTTN,4659.16578208897,3118.6372720889703,1540.52851,0.72,6.72,trypsin,N,0,Unknown,Unknown,Unknown,Unknown,Unknown,2330.590167044485,1554.0625366963234,1165.7987215222429,932.840432417794,777.5349063481617,0.4378571428571434,0.04194674768802653
sp|O54761|ALMS_ICTTR,65,G41247ZX,HexNAc(2)Hex(6),VLAHESNTTNIFFSPVSIAMALASLSLGTK,59,89,30,NTTN,4497.11295808897,3118.6372720889703,1378.475686,0.72,6.72,trypsin,N,0,Unknown,Unknown,Unknown,Unknown,Unknown,2249.563755044485,1500.0449286963233,1125.2855155222426,900.4298676177939,750.5261023481617,0.5302380952380947,0.035938680895385544
sp|O54761|ALMS_ICTTR,102,G62765YT,HexNAc(2)Hex(8),ADTHTQIMEGLGFNLTETAESDIHQGFQHLLQTLNKPNSQLQLTTGNGLFIDHNLK,89,145,56,NLTE,7930.67879220433,6228.09745920433,1702.581333,-0.51,5.24,trypsin,N,0,Unknown,Unknown,Unknown,Unknown,Unknown,3966.346672102165,2644.566873401443,1983.6769740510829,1587.143034440866,1322.7870747007216,-0.7921428571428566,-1.1880532523119736
sp|O54761|ALMS_ICTTR,102,G31852PQ,HexNAc(2)Hex(7),ADTHTQIMEGLGFNLTETAESDIHQGFQHLLQTLNKPNSQLQLTTGNGLFIDHNLK,89,145,56,NLTE,7768.62596920433,6228.09745920433,1540.52851,-0.51,5.24,trypsin,N,0,Unknown,Unknown,Unknown,Unknown,Unknown,3885.320260602165,2590.549265734777,1943.1637683010829,1554.732469840866,1295.7782708673883,-0.7921428571428566,-1.1880532523119736
sp|O54761|ALMS_ICTTR,102,G41247ZX,HexNAc(2)Hex(6),ADTHTQIMEGLGFNLTETAESDIHQGFQHLLQTLNKPNSQLQLTTGNGLFIDHNLK,89,145,56,NLTE,7606.57314520433,6228.09745920433,1378.475686,-0.51,5.24,trypsin,N,0,Unknown,Unknown,Unknown,Unknown,Unknown,3804.293848602165,2536.5316577347767,1902.6505623010823,1522.321905040866,1268.7694668673882,-0.6997619047619053,-1.1940613191046143
sp|O54761|ALMS_ICTTR,266,G62765YT,HexNAc(2)Hex(8),MGMFEVHYCSTLASWVLQMDYLGNATAIFLLPDEGK,243,279,36,NATA,5752.4889088896,4049.9075758896,1702.581333,0.38,4.31,trypsin,N,0,Unknown,Unknown,Unknown,Unknown,Unknown,2877.2517304447997,1918.5035789632,1439.1295032224,1151.5050577779198,959.7554274816,0.09785714285714342,-0.29805325231197344
sp|O54761|ALMS_ICTTR,266,G31852PQ,HexNAc(2)Hex(7),MGMFEVHYCSTLASWVLQMDYLGNATAIFLLPDEGK,243,279,36,NATA,5590.4360858896,4049.9075758896,1540.52851,0.38,4.31,trypsin,N,0,Unknown,Unknown,Unknown,Unknown,Unknown,2796.2253189447997,1864.4859712965333,1398.6162974724,1119.09449317792,932.7466236482666,0.09785714285714342,-0.29805325231197344
sp|O54761|ALMS_ICTTR,266,G41247ZX,HexNAc(2)Hex(6),MGMFEVHYCSTLASWVLQMDYLGNATAIFLLPDEGK,243,279,36,NATA,5428.3832618896,4049.9075758896,1378.475686,0.38,4.31,trypsin,N,0,Unknown,Unknown,Unknown,Unknown,Unknown,2715.1989069448,1810.4683632965337,1358.1030914724,1086.68392837792,905.7378196482668,0.19023809523809482,-0.3040613191046144
sp|O54761|ALMS_ICTTR,311,G62765YT,HexNAc(2)Hex(8),LNISGTMDLKPVLTR,310,325,15,NISG,3359.50460983128,1656.92327683128,1702.581333,0.16,8.75,trypsin,N,0,Unknown,Unknown,Unknown,Unknown,Unknown,1680.75958091564,1120.84214594376,840.8834284578201,672.908197966256,560.92471097188,-0.12214285714285658,-0.5180532523119734
sp|O54761|ALMS_ICTTR,311,G31852PQ,HexNAc(2)Hex(7),LNISGTMDLKPVLTR,310,325,15,NISG,3197.45178683128,1656.92327683128,1540.52851,0.16,8.75,trypsin,N,0,Unknown,Unknown,Unknown,Unknown,Unknown,1599.73316941564,1066.824538277093,800.3702227078201,640.497633366256,533.9159071385467,-0.12214285714285658,-0.5180532523119734
sp|O54761|ALMS_ICTTR,311,G41247ZX,HexNAc(2)Hex(6),LNISGTMDLKPVLTR,310,325,15,NISG,3035.39896283128,1656.92327683128,1378.475686,0.16,8.75,trypsin,N,0,Unknown,Unknown,Unknown,Unknown,Unknown,1518.70675741564,1012.8069302770932,759.8570167078201,608.087068566256,506.9071031385467,-0.029761904761905184,-0.5240613191046144
sp|O54762|ALLT_ICTTR,65,G62765YT,HexNAc(2)Hex(8),VLAHESNTTNIFFSPVSIATALGSLSLGTK,59,89,30,NTTN,4777.2101485802505,3074.62881558025,1702.581333,0.56,6.72,trypsin,N,0,Unknown,Unknown,Unknown,Unknown,Unknown,2389.612350290125,1593.4106588600837,1195.309813145063,956.44930571605,797.2089674300418,0.27785714285714347,-0.11805325231197339
sp|O54762|ALLT_ICTTR,65,G31852PQ,HexNAc(2)Hex(7),VLAHESNTTNIFFSPVSIATALGSLSLGTK,59,89,30,NTTN,4615.1573255802505,3074.62881558025,1540.52851,0.56,6.72,trypsin,N,0,Unknown,Unknown,Unknown,Unknown,Unknown,2308.585938790125,1539.3930511934168,1154.796607395063,924.03874111605,770.2001635967084,0.27785714285714347,-0.11805325231197339
sp|O54762|ALLT_ICTTR,65,G41247ZX,HexNAc(2)Hex(6),VLAHESNTTNIFFSPVSIATALGSLSLGTK,59,89,30,NTTN,4453.10450158025,3074.62881558025,1378.475686,0.56,6.72,trypsin,N,0,Unknown,Unknown,Unknown,Unknown,Unknown,2227.559526790125,1485.375443193417,1114.2834013950626,891.6281763160499,743.1913595967084,0.37023809523809487,-0.12406131910461438
sp|O54762|ALLT_ICTTR,102,G62765YT,HexNAc(2)Hex(8),ADTHTQIMEGVGFNLTEISEAEIHQGFQHLLQNLNK,89,125,36,NLTE,5764.5718610258,4061.9905280258,1702.581333,-0.43,4.89,trypsin,N,0,Unknown,Unknown,Unknown,Unknown,Unknown,2883.2932065129,1922.5312296752663,1442.15024125645,1153.92164820516,961.7692528376332,-0.7121428571428565,-1.1080532523119735
sp|O54762|ALLT_ICTTR,102,G31852PQ,HexNAc(2)Hex(7),ADTHTQIMEGVGFNLTEISEAEIHQGFQHLLQNLNK,89,125,36,NLTE,5602.5190380258,4061.9905280258,1540.52851,-0.43,4.89,trypsin,N,0,Unknown,Unknown,Unknown,Unknown,Unknown,2802.2667950129,1868.5136220086,1401.63703550645,1121.51108360516,934.7604490043,-0.7121428571428565,-1.1080532523119735
sp|O54762|ALLT_ICTTR,102,G41247ZX,HexNAc(2)Hex(6),ADTHTQIMEGVGFNLTEISEAEIHQGFQHLLQNLNK,89,125,36,NLTE,5440.4662140258,4061.9905280258,1378.475686,-0.43,4.89,trypsin,N,0,Unknown,Unknown,Unknown,Unknown,Unknown,2721.2403830128997,1814.4960140086,1361.12382950645,1089.10051880516,907.7516450043,-0.6197619047619052,-1.1140613191046145
sp|Q5DRQ4|ARRC_ICTTR,217,G62765YT,HexNAc(2)Hex(8),EVHYHGEPISVNVSINNSTSK,206,227,21,NVSI,4012.7053707946498,2310.1240377946497,1702.581333,-0.64,6.01,trypsin,N,0,Ictidomys tridecemlineatus,43179,ARR3,2,1,2007.359961397325,1338.57573293155,1004.1836186986624,803.5483501589299,669.7915044657749,-0.9221428571428566,-1.3180532523119735
sp|Q5DRQ4|ARRC_ICTTR,217,G31852PQ,HexNAc(2)Hex(7),EVHYHGEPISVNVSINNSTSK,206,227,21,NVSI,3850.6525477946498,2310.1240377946497,1540.52851,-0.64,6.01,trypsin,N,0,Ictidomys tridecemlineatus,43179,ARR3,2,1,1926.333549897325,1284.5581252648833,963.6704129486624,771.13778555893,642.7827006324416,-0.9221428571428566,-1.3180532523119735
sp|Q5DRQ4|ARRC_ICTTR,217,G41247ZX,HexNAc(2)Hex(6),EVHYHGEPISVNVSINNSTSK,206,227,21,NVSI,3688.5997237946494,2310.1240377946497,1378.475686,-0.64,6.01,trypsin,N,0,Ictidomys tridecemlineatus,43179,ARR3,2,1,1845.3071378973248,1230.5405172648832,923.1572069486624,738.7272207589299,615.7738966324415,-0.8297619047619051,-1.3240613191046144
sp|Q5DRQ4|ARRC_ICTTR,221,G62765YT,HexNAc(2)Hex(8),EVHYHGEPISVNVSINNSTSK,206,227,21,NNST,4012.7053707946498,2310.1240377946497,1702.581333,-0.64,6.01,trypsin,N,0,Ictidomys tridecemlineatus,43179,ARR3,2,1,2007.359961397325,1338.57573293155,1004.1836186986624,803.5483501589299,669.7915044657749,-0.9221428571428566,-1.3180532523119735
sp|Q5DRQ4|ARRC_ICTTR,221,G31852PQ,HexNAc(2)Hex(7),EVHYHGEPISVNVSINNSTSK,206,227,21,NNST,3850.6525477946498,2310.1240377946497,1540.52851,-0.64,6.01,trypsin,N,0,Ictidomys tridecemlineatus,43179,ARR3,2,1,1926.333549897325,1284.5581252648833,963.6704129486624,771.13778555893,642.7827006324416,-0.9221428571428566,-1.3180532523119735
sp|Q5DRQ4|ARRC_ICTTR,221,G41247ZX,HexNAc(2)Hex(6),EVHYHGEPISVNVSINNSTSK,206,227,21,NNST,3688.5997237946494,2310.1240377946497,1378.475686,-0.64,6.01,trypsin,N,0,Ictidomys tridecemlineatus,43179,ARR3,2,1,1845.3071378973248,1230.5405172648832,923.1572069486624,738.7272207589299,615.7738966324415,-0.8297619047619051,-1.3240613191046144
sp|Q5DRQ4|ARRC_ICTTR,265,G62765YT,HexNAc(2)Hex(8),TVFIQEFTETIAANSSFTQSFSVTPLLSANCR,252,284,32,NSSF,5211.29976851363,3508.7184355136296,1702.581333,0.3,4.53,trypsin,N,0,Ictidomys tridecemlineatus,43179,ARR3,2,1,2606.6571602568147,1738.1071988378765,1303.8322181284077,1043.267229702726,869.5572374189383,0.017857142857143404,-0.37805325231197345
sp|Q5DRQ4|ARRC_ICTTR,265,G31852PQ,HexNAc(2)Hex(7),TVFIQEFTETIAANSSFTQSFSVTPLLSANCR,252,284,32,NSSF,5049.24694551363,3508.7184355136296,1540.52851,0.3,4.53,trypsin,N,0,Ictidomys tridecemlineatus,43179,ARR3,2,1,2525.6307487568147,1684.0895911712098,1263.3190123784077,1010.856665102726,842.5484335856049,0.017857142857143404,-0.37805325231197345
sp|Q5DRQ4|ARRC_ICTTR,265,G41247ZX,HexNAc(2)Hex(6),TVFIQEFTETIAANSSFTQSFSVTPLLSANCR,252,284,32,NSSF,4887.194121513629,3508.7184355136296,1378.475686,0.3,4.53,trypsin,N,0,Ictidomys tridecemlineatus,43179,ARR3,2,1,2444.6043367568145,1630.0719831712097,1222.8058063784074,978.4461003027258,815.5396295856049,0.1102380952380948,-0.38406131910461444
sp|Q5DRQ5|RTBDN_ICTTR,208,G62765YT,HexNAc(2)Hex(8),HCLNISISLLPRPRPGR,205,222,17,NISI,3630.6703868001096,1928.0890538001097,1702.581333,-0.24,11.7,trypsin,N,0,Ictidomys tridecemlineatus,43179,RTBDN,2,1,1816.3424694000548,1211.2307382667032,908.6748727000274,727.1413533600219,606.1190071333516,-0.5221428571428566,-0.9180532523119734
sp|Q5DRQ5|RTBDN_ICTTR,208,G31852PQ,HexNAc(2)Hex(7),HCLNISISLLPRPRPGR,205,222,17,NISI,3468.6175638001096,1928.0890538001097,1540.52851,-0.24,11.7,trypsin,N,0,Ictidomys tridecemlineatus,43179,RTBDN,2,1,1735.3160579000548,1157.2131306000365,868.1616669500274,694.7307887600219,579.1102033000183,-0.5221428571428566,-0.9180532523119734
sp|Q5DRQ5|RTBDN_ICTTR,208,G41247ZX,HexNAc(2)Hex(6),HCLNISISLLPRPRPGR,205,222,17,NISI,3306.5647398001097,1928.0890538001097,1378.475686,-0.24,11.7,trypsin,N,0,Ictidomys tridecemlineatus,43179,RTBDN,2,1,1654.289645900055,1103.1955226000366,827.6484609500275,662.320223960022,552.1013993000182,-0.4297619047619052,-0.9240613191046144
