Peptide,ProteinID,PredictedMass,Hydrophobicity,pI,z1
MK,sp|I3M072|APOA1_ICTTR,277.146015,-1.0,10.07,278.15329099999997
AVVLTVAVLFLTGSQAR,sp|I3M072|APOA1_ICTTR,1744.0246650000001,1.51765,11.04,1745.0319410000002
HFWQQDEPQSSWDR,sp|I3M072|APOA1_ICTTR,1844.7866450000004,-2.20714,4.17,1845.7939210000004
IK,sp|I3M072|APOA1_ICTTR,259.18958499999997,0.3,10.07,260.19686099999996
DFATVYLDAVK,sp|I3M072|APOA1_ICTTR,1240.6339249999999,0.51818,3.68,1241.641201
DSGR,sp|I3M072|APOA1_ICTTR,433.19210499999997,-2.3,6.63,434.19938099999996
DYVTQFETSALGK,sp|I3M072|APOA1_ICTTR,1457.7038049999999,-0.43846,3.97,1458.711081
QLNLK,sp|I3M072|APOA1_ICTTR,614.3751550000001,-0.66,10.07,615.3824310000001
LLDNWDSLSSTVSK,sp|I3M072|APOA1_ICTTR,1563.778035,-0.25714,3.68,1564.785311
VR,sp|I3M072|APOA1_ICTTR,273.180085,-0.15,11.04,274.187361
EQIGPVSQDFWDK,sp|I3M072|APOA1_ICTTR,1547.7255949999999,-1.04615,3.55,1548.732871
LEK,sp|I3M072|APOA1_ICTTR,388.2321749999999,-1.2,6.9,389.2394509999999
DTVSLR,sp|I3M072|APOA1_ICTTR,689.370795,-0.25,6.63,690.3780710000001
QEMNK,sp|I3M072|APOA1_ICTTR,648.290115,-2.5,6.9,649.2973910000001
DLEEVK,sp|I3M072|APOA1_ICTTR,731.370115,-1.06667,3.75,732.3773910000001
R,sp|I3M072|APOA1_ICTTR,174.111675,-4.5,11.04,175.11895099999998
K,sp|I3M072|APOA1_ICTTR,146.105525,-3.9,10.07,147.112801
VQPYLDEFQK,sp|I3M072|APOA1_ICTTR,1265.6291849999998,-1.0,3.97,1266.6364609999998
WQEDVER,sp|I3M072|APOA1_ICTTR,960.4300949999999,-2.17143,3.75,961.437371
YR,sp|I3M072|APOA1_ICTTR,337.175005,-2.9,9.83,338.182281
QQVEPLSK,sp|I3M072|APOA1_ICTTR,927.5025350000001,-1.1,6.9,928.5098110000001
ELR,sp|I3M072|APOA1_ICTTR,416.238325,-1.4,6.93,417.24560099999997
EGAR,sp|I3M072|APOA1_ICTTR,431.212835,-1.65,6.93,432.220111
QK,sp|I3M072|APOA1_ICTTR,274.164105,-3.7,10.07,275.171381
LLELHEK,sp|I3M072|APOA1_ICTTR,880.501795,-0.38571,5.29,881.5090710000001
LSPLGQEMR,sp|I3M072|APOA1_ICTTR,1029.527705,-0.53333,6.93,1030.534981
DR,sp|I3M072|APOA1_ICTTR,289.138615,-4.0,6.63,290.145891
AR,sp|I3M072|APOA1_ICTTR,245.14878499999998,-1.35,11.04,246.15606099999997
THVDALR,sp|I3M072|APOA1_ICTTR,810.4347849999999,-0.3,7.8,811.442061
THLAPYSDELR,sp|I3M072|APOA1_ICTTR,1300.641145,-0.88182,5.19,1301.648421
QR,sp|I3M072|APOA1_ICTTR,302.170255,-4.0,11.04,303.177531
LAAR,sp|I3M072|APOA1_ICTTR,429.269955,0.725,11.04,430.277231
LEALK,sp|I3M072|APOA1_ICTTR,572.353345,0.4,6.9,573.360621
EGSSFAEYQAK,sp|I3M072|APOA1_ICTTR,1215.540765,-1.02727,4.26,1216.548041
ATEHLSALGEK,sp|I3M072|APOA1_ICTTR,1154.593125,-0.43636,5.29,1155.6004010000001
AKPALEDLR,sp|I3M072|APOA1_ICTTR,1011.571265,-0.64444,6.95,1012.5785410000001
QGLLPVLESLK,sp|I3M072|APOA1_ICTTR,1195.7175949999998,0.51818,6.9,1196.724871
LSFWSAVDEATK,sp|I3M072|APOA1_ICTTR,1352.6612049999997,0.025,3.97,1353.6684809999997
LNTQ,sp|I3M072|APOA1_ICTTR,474.243815,-0.975,5.95,475.251091
MLLVWSLALLLGAVAGK,sp|I3M072|APOA1_ICTTR,1754.0527849999996,1.88824,10.07,1755.0600609999997
EVCYDR,sp|I3M072|APOA1_ICTTR,783.3221350000001,-1.01667,3.97,784.3294110000002
LGCFSDDSPWSGIVERPLK,sp|I3M072|APOA1_ICTTR,2105.0251350000003,-0.24211,4.19,2106.032411
VLPWSPADVNTR,sp|I3M072|APOA1_ICTTR,1353.7040749999999,-0.25833,6.63,1354.711351
FLLYTNENQDNYQQITADSSR,sp|I3M072|APOA1_ICTTR,2519.156455,-1.18571,3.55,2520.1637309999996
IQSSNFK,sp|I3M072|APOA1_ICTTR,822.423565,-0.74286,10.07,823.4308410000001
TNR,sp|I3M072|APOA1_ICTTR,389.202285,-2.9,11.04,390.209561
TR,sp|I3M072|APOA1_ICTTR,275.159355,-2.6,11.04,276.166631
FIIHGFIDK,sp|I3M072|APOA1_ICTTR,1088.601835,0.9,7.78,1089.609111
GEESWLANMCK,sp|I3M072|APOA1_ICTTR,1266.5372849999999,-0.59091,4.26,1267.544561
MFQVESVNCICVDWK,sp|I3M072|APOA1_ICTTR,1799.804475,0.48,3.97,1800.811751
GGSR,sp|I3M072|APOA1_ICTTR,375.186625,-1.525,11.04,376.193901
TGYTQASQNIR,sp|I3M072|APOA1_ICTTR,1237.605115,-1.14545,9.83,1238.6123910000001
IVGAEVAYFVDFLR,sp|I3M072|APOA1_ICTTR,1597.850385,1.20714,3.97,1598.857661
TQLGYSPSNVHVIGHSLGSHAAGEAGR,sp|I3M072|APOA1_ICTTR,2701.3320250000006,-0.27778,7.98,2702.3393010000004
TNGAIGR,sp|I3M072|APOA1_ICTTR,687.3663750000001,-0.45714,11.04,688.3736510000001
ITGLDPAEPCFEGTPELVR,sp|I3M072|APOA1_ICTTR,2042.998245,-0.11053,3.61,2044.005521
LDPSDAQFVDAIHTDGAPIVPNLGFGMSQTVGHLDFFPNGGIEMPGCQK,sp|I3M072|APOA1_ICTTR,5139.420404999999,-0.0449,3.75,5140.427680999999
NILSQIVDIDGIWEGTR,sp|I3M072|APOA1_ICTTR,1928.000305,0.04706,3.55,1929.007581
DFAACNHLR,sp|I3M072|APOA1_ICTTR,1045.476335,-0.22222,7.08,1046.483611
SYK,sp|I3M072|APOA1_ICTTR,396.200885,-2.0,9.71,397.208161
YYTDSIVNPTGFAAFSCASYSVFSANK,sp|I3M072|APOA1_ICTTR,2909.3217849999996,0.1963,5.91,2910.3290609999995
CFPCPSGGCPQMGHYADR,sp|I3M072|APOA1_ICTTR,1924.7477050000002,-0.48889,6.83,1925.7549810000003
YSGK,sp|I3M072|APOA1_ICTTR,453.22234499999996,-1.6,9.71,454.22962099999995
TNGVGQK,sp|I3M072|APOA1_ICTTR,702.3660450000001,-1.17143,10.07,703.3733210000001
FYLNTGDK,sp|I3M072|APOA1_ICTTR,956.4603350000001,-0.8375,6.55,957.4676110000001
SNFSR,sp|I3M072|APOA1_ICTTR,609.2870750000001,-1.36,11.04,610.2943510000001
WR,sp|I3M072|APOA1_ICTTR,360.190985,-2.7,11.04,361.198261
YK,sp|I3M072|APOA1_ICTTR,309.16885499999995,-2.6,9.71,310.17613099999994
VSVTLSGQK,sp|I3M072|APOA1_ICTTR,917.5181850000001,0.23333,10.07,918.5254610000002
VTGHILVSLFGNAGNSK,sp|I3M072|APOA1_ICTTR,1712.920935,0.44118,10.07,1713.9282110000001
QYEIYK,sp|I3M072|APOA1_ICTTR,842.417415,-1.5,6.8,843.424691
GSLHPGYTHSNEFDSDVDVGDLQR,sp|I3M072|APOA1_ICTTR,2644.1789450000006,-0.99167,3.95,2645.1862210000004
VK,sp|I3M072|APOA1_ICTTR,245.17393499999997,0.15,10.07,246.18121099999996
FIWYNNVINPSLPR,sp|I3M072|APOA1_ICTTR,1731.9096550000002,-0.1,9.83,1732.9169310000002
VGASSISVER,sp|I3M072|APOA1_ICTTR,1003.5298050000001,0.39,6.93,1004.5370810000002
NDGR,sp|I3M072|APOA1_ICTTR,460.20300499999996,-2.975,6.63,461.21028099999995
VFK,sp|I3M072|APOA1_ICTTR,392.24234499999994,1.03333,10.07,393.24962099999993
FCSAETVR,sp|I3M072|APOA1_ICTTR,911.417095,0.225,6.21,912.4243710000001
EDVLLTLNAC,sp|I3M072|APOA1_ICTTR,1089.537595,0.87,2.91,1090.544871
MSGIALSR,sp|I3M072|APOA1_ICTTR,833.4429150000001,0.6875,11.04,834.4501910000001
LAQER,sp|I3M072|APOA1_ICTTR,615.3340150000001,-1.18,6.93,616.3412910000002
AWR,sp|I3M072|APOA1_ICTTR,431.228095,-1.2,11.04,432.235371
DHPFGFVAVPTK,sp|I3M072|APOA1_ICTTR,1313.6767849999997,0.075,7.78,1314.6840609999997
NPDGTMNLMNWECAIPGK,sp|I3M072|APOA1_ICTTR,1989.8746749999998,-0.58889,3.97,1990.8819509999998
GTPWEGGLFK,sp|I3M072|APOA1_ICTTR,1090.544715,-0.52,6.9,1091.551991
LR,sp|I3M072|APOA1_ICTTR,287.19573499999996,-0.35,11.04,288.20301099999995
MLFK,sp|I3M072|APOA1_ICTTR,537.298485,1.15,10.07,538.3057610000001
DDYPSSPPK,sp|I3M072|APOA1_ICTTR,1004.4450750000001,-2.06667,3.68,1005.4523510000001
CK,sp|I3M072|APOA1_ICTTR,249.114715,-0.7,8.86,250.12199099999998
FEPPLFHPNVYPSGTVCLSILEEDK,sp|I3M072|APOA1_ICTTR,2830.3887150000005,-0.104,4.11,2831.3959910000003
DWRPAITIK,sp|I3M072|APOA1_ICTTR,1098.618555,-0.47778,10.06,1099.625831
QILLGIQELLNEPNIQDPAQAEAYTIYCQNR,sp|I3M072|APOA1_ICTTR,3557.782395000001,-0.39677,3.61,3558.789671000001
VEYEK,sp|I3M072|APOA1_ICTTR,666.322445,-1.6,4.26,667.3297210000001
AQAK,sp|I3M072|APOA1_ICTTR,416.238325,-0.95,10.07,417.24560099999997
FAPS,sp|I3M072|APOA1_ICTTR,420.200875,0.55,5.95,421.208151
MSDQEAKPSTEDLGDK,sp|I3M072|APOA1_ICTTR,1749.7726849999997,-1.6,3.7,1750.7799609999997
EGEYIK,sp|I3M072|APOA1_ICTTR,737.359555,-1.35,4.26,738.366831
LK,sp|I3M072|APOA1_ICTTR,259.18958499999997,-0.05,10.07,260.19686099999996
VIGQDSSEIHFK,sp|I3M072|APOA1_ICTTR,1358.683005,-0.3,5.19,1359.6902810000001
MTTHLK,sp|I3M072|APOA1_ICTTR,729.384345,-0.46667,10.07,730.3916210000001
ESYCQR,sp|I3M072|APOA1_ICTTR,784.317395,-1.85,6.2,785.3246710000001
QGVPMNSLR,sp|I3M072|APOA1_ICTTR,1000.512395,-0.48889,11.04,1001.519671
FLFEGQR,sp|I3M072|APOA1_ICTTR,895.455185,-0.35714,6.93,896.4624610000001
IADNHTPK,sp|I3M072|APOA1_ICTTR,894.4559150000001,-1.2625,7.78,895.4631910000002
ELGMEEEDVIEVYQEQTGGHSNV,sp|I3M072|APOA1_ICTTR,2591.133305,-0.84348,3.39,2592.1405809999997
LSLVAAVLLLLCAAR,sp|I3M072|APOA1_ICTTR,1524.942515,2.37333,8.89,1525.949791
AEEEDK,sp|I3M072|APOA1_ICTTR,719.2973450000001,-2.68333,3.61,720.3046210000001
EDVGTVVGIDLGTTYSCVGVFK,sp|I3M072|APOA1_ICTTR,2258.114005,0.65455,3.55,2259.1212809999997
NGR,sp|I3M072|APOA1_ICTTR,345.176065,-2.8,11.04,346.183341
VEIIANDQGNR,sp|I3M072|APOA1_ICTTR,1227.6207450000002,-0.67273,3.97,1228.6280210000002
ITPSYVAFTPEGER,sp|I3M072|APOA1_ICTTR,1565.772545,-0.37857,4.26,1566.779821
LIGDAAK,sp|I3M072|APOA1_ICTTR,686.396265,0.58571,6.61,687.403541
NQLTSNPENTVFDAK,sp|I3M072|APOA1_ICTTR,1676.800565,-1.07333,3.97,1677.807841
LIGR,sp|I3M072|APOA1_ICTTR,457.30125499999997,0.85,11.04,458.30853099999996
TWNDPSVQQDIK,sp|I3M072|APOA1_ICTTR,1429.6837449999998,-1.39167,3.68,1430.6910209999999
FLPFK,sp|I3M072|APOA1_ICTTR,650.3791650000001,0.78,10.07,651.3864410000001
VVEK,sp|I3M072|APOA1_ICTTR,473.28493499999996,0.25,6.9,474.29221099999995
TKPYIQVDIGGGQTK,sp|I3M072|APOA1_ICTTR,1603.8569449999993,-0.70667,9.63,1604.8642209999994
TFAPEEISAMVLTK,sp|I3M072|APOA1_ICTTR,1535.790505,0.43571,4.26,1536.797781
ETAEAYLGK,sp|I3M072|APOA1_ICTTR,980.481455,-0.65556,4.26,981.488731
VTHAVVTVPAYFNDAQR,sp|I3M072|APOA1_ICTTR,1886.9638650000002,0.14706,7.73,1887.9711410000002
QATK,sp|I3M072|APOA1_ICTTR,446.248895,-1.575,10.07,447.256171
DAGTIAGLNVMR,sp|I3M072|APOA1_ICTTR,1216.623385,0.41667,6.63,1217.6306610000001
IINEPTAAAIAYGLDK,sp|I3M072|APOA1_ICTTR,1658.8878949999998,0.38125,3.97,1659.895171
EGEK,sp|I3M072|APOA1_ICTTR,461.21216499999997,-2.825,4.26,462.21944099999996
NILVFDLGGGTFDVSLLTIDNGVFEVVATNGDTHLGGEDFDQR,sp|I3M072|APOA1_ICTTR,4566.218964999999,0.13721,3.31,4567.226240999999
VMEHFIK,sp|I3M072|APOA1_ICTTR,902.468395,0.4,7.78,903.475671
LYK,sp|I3M072|APOA1_ICTTR,422.252915,-0.46667,9.71,423.26019099999996
TGK,sp|I3M072|APOA1_ICTTR,304.17466499999995,-1.66667,10.07,305.18194099999994
DVR,sp|I3M072|APOA1_ICTTR,388.207025,-1.26667,6.63,389.214301
DNR,sp|I3M072|APOA1_ICTTR,403.18154499999997,-3.83333,6.63,404.18882099999996
AVQK,sp|I3M072|APOA1_ICTTR,444.26962499999996,-0.35,10.07,445.27690099999995
EVEK,sp|I3M072|APOA1_ICTTR,503.259115,-1.675,4.26,504.266391
AK,sp|I3M072|APOA1_ICTTR,217.14263499999998,-1.05,10.07,218.14991099999997
ALSSQHQAR,sp|I3M072|APOA1_ICTTR,996.5100850000001,-0.98889,11.04,997.5173610000002
IEIESFYEGEDFSETLTR,sp|I3M072|APOA1_ICTTR,2163.984775,-0.65556,3.45,2164.9920509999997
FEELNMDLFR,sp|I3M072|APOA1_ICTTR,1312.612155,-0.34,3.75,1313.619431
STMKPVQK,sp|I3M072|APOA1_ICTTR,917.500435,-1.0375,10.61,918.5077110000001
VLEDSDLK,sp|I3M072|APOA1_ICTTR,917.470555,-0.425,3.55,918.477831
SDIDEIVLVGGSTR,sp|I3M072|APOA1_ICTTR,1459.7518049999999,0.22143,3.55,1460.759081
IPK,sp|I3M072|APOA1_ICTTR,356.24234499999994,-0.33333,10.07,357.24962099999993
IQQLVK,sp|I3M072|APOA1_ICTTR,727.4592150000001,0.26667,10.07,728.4664910000001
EFFNGK,sp|I3M072|APOA1_ICTTR,740.349325,-0.95,6.9,741.3566010000001
EPSR,sp|I3M072|APOA1_ICTTR,487.239055,-2.6,6.93,488.246331
GINPDEAVAYGAAVQAGVLSGDQDTGDLVLLDVCPLTLGIETVGGVMTK,sp|I3M072|APOA1_ICTTR,4841.4353550000005,0.49796,3.06,4842.442631000001
LIPR,sp|I3M072|APOA1_ICTTR,497.33255499999996,0.55,11.04,498.33983099999995
NTVVPTK,sp|I3M072|APOA1_ICTTR,757.4333950000001,-0.28571,10.07,758.4406710000002
SQISSTASDNQPTVTIK,sp|I3M072|APOA1_ICTTR,1775.8901149999997,-0.57647,6.61,1776.8973909999997
VYEGERPLTK,sp|I3M072|APOA1_ICTTR,1190.629515,-1.14,7.0,1191.6367910000001
DNHLLGTFDLTGIPPAPR,sp|I3M072|APOA1_ICTTR,1933.005715,-0.26111,4.99,1934.012991
GVPQIEVTFEIDVNGILR,sp|I3M072|APOA1_ICTTR,1998.0785449999998,0.42222,3.75,1999.085821
VTAEDK,sp|I3M072|APOA1_ICTTR,661.328255,-0.93333,3.97,662.3355310000001
GTGNK,sp|I3M072|APOA1_ICTTR,475.23905499999995,-1.78,10.07,476.24633099999994
NK,sp|I3M072|APOA1_ICTTR,260.14845499999996,-3.7,10.07,261.15573099999995
ITITNDQNR,sp|I3M072|APOA1_ICTTR,1073.546535,-1.21111,6.63,1074.553811
LTPEEIER,sp|I3M072|APOA1_ICTTR,985.5080050000001,-1.125,3.96,986.5152810000002
MVNDAEK,sp|I3M072|APOA1_ICTTR,805.363995,-0.92857,3.97,806.3712710000001
FAEEDK,sp|I3M072|APOA1_ICTTR,737.323165,-1.63333,3.75,738.3304410000001
ER,sp|I3M072|APOA1_ICTTR,303.15426499999995,-4.0,6.93,304.16154099999994
IDTR,sp|I3M072|APOA1_ICTTR,503.270355,-1.05,6.63,504.277631
NELESYAYSLK,sp|I3M072|APOA1_ICTTR,1315.629585,-0.83636,4.26,1316.636861
NQIGDK,sp|I3M072|APOA1_ICTTR,673.339495,-1.71667,6.61,674.3467710000001
EK,sp|I3M072|APOA1_ICTTR,275.14811499999996,-3.7,6.9,276.15539099999995
LGGK,sp|I3M072|APOA1_ICTTR,373.23250499999995,-0.225,10.07,374.23978099999994
LSSEDK,sp|I3M072|APOA1_ICTTR,677.323175,-1.45,3.97,678.330451
ETMEK,sp|I3M072|APOA1_ICTTR,636.2788750000001,-1.94,4.26,637.2861510000001
AVEEK,sp|I3M072|APOA1_ICTTR,574.296225,-0.98,4.26,575.3035010000001
IEWLESHQDADIEDFK,sp|I3M072|APOA1_ICTTR,1973.900645,-0.99375,3.63,1974.907921
ELEEIVQPIISK,sp|I3M072|APOA1_ICTTR,1396.781315,0.1,3.96,1397.788591
LYGSAGPPPTGEEDTSER,sp|I3M072|APOA1_ICTTR,1861.8329650000003,-1.28889,3.61,1862.8402410000003
DEL,sp|I3M072|APOA1_ICTTR,375.164155,-1.06667,2.91,376.171431
MAEAPQVVEIDPDFEPLPRPR,sp|I3M072|APOA1_ICTTR,2405.204875,-0.61905,3.83,2406.2121509999997
SCTWPLPRPEFSQSNSATSSPAPSGGATANPDASAGLPPASAAAVSADFMSNLSLLEESEDFPQAPGSVAAAVAAAAAAATGGLCGDFQGLEAGCLHPAPPQPPPPGPLSQHPPVPPAAGPLAGQPR,sp|I3M072|APOA1_ICTTR,12202.863735000006,-0.10472,3.88,12203.871011000007
SSSSR,sp|I3M072|APOA1_ICTTR,522.2397950000001,-1.54,11.04,523.2470710000001
NAWGNLSYADLITK,sp|I3M072|APOA1_ICTTR,1564.7885349999997,-0.2,6.55,1565.7958109999997
AIESSAEK,sp|I3M072|APOA1_ICTTR,833.4130450000001,-0.55,4.26,834.4203210000002
LTLSQIYEWMVK,sp|I3M072|APOA1_ICTTR,1509.7901250000002,0.3,6.85,1510.7974010000003
SVPYFK,sp|I3M072|APOA1_ICTTR,739.3904650000001,-0.1,9.71,740.3977410000001
DK,sp|I3M072|APOA1_ICTTR,261.13246499999997,-3.7,6.61,262.13974099999996
GDSNSSAGWK,sp|I3M072|APOA1_ICTTR,1007.430825,-1.32,6.61,1008.4381010000001
NSIR,sp|I3M072|APOA1_ICTTR,488.270695,-1.075,11.04,489.277971
HNLSLHSK,sp|I3M072|APOA1_ICTTR,934.4984549999999,-0.975,10.07,935.505731
FIR,sp|I3M072|APOA1_ICTTR,434.264145,0.93333,11.04,435.271421
VQNEGTGK,sp|I3M072|APOA1_ICTTR,831.4086350000001,-1.4625,6.9,832.4159110000002
SSWWMLNPEGGK,sp|I3M072|APOA1_ICTTR,1390.6339549999998,-0.91667,6.9,1391.6412309999998
SGK,sp|I3M072|APOA1_ICTTR,290.159015,-1.7,10.07,291.166291
SPR,sp|I3M072|APOA1_ICTTR,358.196465,-2.3,11.04,359.203741
AASMDNNSK,sp|I3M072|APOA1_ICTTR,936.3970949999999,-1.16667,6.61,937.404371
FAK,sp|I3M072|APOA1_ICTTR,364.21104499999996,0.23333,10.07,365.21832099999995
SR,sp|I3M072|APOA1_ICTTR,261.143705,-2.65,11.04,262.150981
GQAAK,sp|I3M072|APOA1_ICTTR,473.2597849999999,-0.84,10.07,474.2670609999999
ASLQSGQEGAGDSPGSQFSK,sp|I3M072|APOA1_ICTTR,1936.8762350000002,-0.92,3.97,1937.8835110000002
WPASPGSHSNDDFDNWSTFRPR,sp|I3M072|APOA1_ICTTR,2575.1264650000003,-1.50909,5.08,2576.133741
TSSNASTISGR,sp|I3M072|APOA1_ICTTR,1079.520715,-0.60909,11.04,1080.5279910000002
FSPIMTEQDDLGDGDVHSLVYPPSASK,sp|I3M072|APOA1_ICTTR,2904.3487049999994,-0.44074,3.59,2905.3559809999992
MASTLPSLSEISNPENMENLLDNLNLLSSPTSLTVSTQSSPGSMMQQTPCYSFAPPSTSLNSPSPNYQK,sp|I3M072|APOA1_ICTTR,7360.439374999999,-0.45507,3.61,7361.446650999999
YTYGQSSMSPLSQMPMQTLQDNK,sp|I3M072|APOA1_ICTTR,2634.176425,-0.97391,6.5,2635.183701
SSYGGLNQFNCAQGLLK,sp|I3M072|APOA1_ICTTR,1798.8672049999996,-0.20588,8.78,1799.8744809999996
ELLTSDSPPHNDIMSSVDPGVAQPNSR,sp|I3M072|APOA1_ICTTR,2862.345365,-0.72222,3.8,2863.352641
VLGQNVMLGPNSVMPAYGNQASHNK,sp|I3M072|APOA1_ICTTR,2625.2791550000006,-0.312,9.71,2626.2864310000004
MMNPSSHTHPGHAQQTSVVNGR,sp|I3M072|APOA1_ICTTR,2372.086225,-0.99545,11.04,2373.093501
ALPHTVNTMPHTSGMNR,sp|I3M072|APOA1_ICTTR,1862.8879650000001,-0.63529,11.04,1863.8952410000002
LTPVK,sp|I3M072|APOA1_ICTTR,556.358435,0.36,10.07,557.365711
TPLQVPLLHHMQMSALGGYSSVSSCSGYGR,sp|I3M072|APOA1_ICTTR,3162.504874999999,0.03,8.75,3163.512150999999
MGVLHQEK,sp|I3M072|APOA1_ICTTR,940.4800250000001,-0.575,7.78,941.4873010000001
LPSDLDGMFIER,sp|I3M072|APOA1_ICTTR,1391.675475,-0.08333,3.55,1392.682751
LDCDMESIIR,sp|I3M072|APOA1_ICTTR,1193.542035,0.14,3.55,1194.549311
NDLMDGDALDFNFDNVLPNQSFPHGVK,sp|I3M072|APOA1_ICTTR,3018.381735,-0.55556,3.5,3019.3890109999998
TTTHSWVSG,sp|I3M072|APOA1_ICTTR,974.445755,-0.44444,7.8,975.453031
MALWTR,sp|I3M072|APOA1_ICTTR,776.4003250000001,0.23333,11.04,777.4076010000001
LLPLLALLALLGPDPAQAFVNQHLCGSHLVEALYLVCGER,sp|I3M072|APOA1_ICTTR,4266.306015,0.875,5.16,4267.313291
GFFYTPK,sp|I3M072|APOA1_ICTTR,858.4275750000002,-0.32857,9.71,859.4348510000002
EVEEQQGGQVELGGGPGAGLPQPLALEMALQK,sp|I3M072|APOA1_ICTTR,3229.6288150000005,-0.36875,3.67,3230.6360910000003
GIVEQCCTSICSLYQLENYCN,sp|I3M072|APOA1_ICTTR,2382.0000350000005,0.21429,3.11,2383.0073110000003
MCDAFVGTWK,sp|I3M072|APOA1_ICTTR,1156.504525,0.38,5.92,1157.511801
LVSSENFDDYMK,sp|I3M072|APOA1_ICTTR,1446.633685,-0.675,3.55,1447.640961
EVGVGFATR,sp|I3M072|APOA1_ICTTR,934.4872050000001,0.38889,6.93,935.4944810000002
VAGMAKPNMIISVNGDVITIR,sp|I3M072|APOA1_ICTTR,2198.191495,0.72381,10.06,2199.198771
SESTFK,sp|I3M072|APOA1_ICTTR,697.3282650000001,-1.15,6.9,698.3355410000001
NTEISFK,sp|I3M072|APOA1_ICTTR,837.423225,-0.72857,6.9,838.430501
LGQEFDEVTADDR,sp|I3M072|APOA1_ICTTR,1493.663385,-1.07692,3.28,1494.670661
SIITLDGGVLVQVQK,sp|I3M072|APOA1_ICTTR,1568.9137250000003,0.83333,6.61,1569.9210010000004
WDGK,sp|I3M072|APOA1_ICTTR,504.233235,-2.175,6.61,505.24051099999997
STTIK,sp|I3M072|APOA1_ICTTR,548.3169750000001,-0.32,10.07,549.3242510000001
EDDK,sp|I3M072|APOA1_ICTTR,505.20199499999995,-3.6,3.55,506.20927099999994
LVVECVMK,sp|I3M072|APOA1_ICTTR,919.487085,1.675,6.21,920.494361
GVTSTR,sp|I3M072|APOA1_ICTTR,619.328935,-0.48333,11.04,620.336211
VYER,sp|I3M072|APOA1_ICTTR,565.2860050000002,-1.275,6.87,566.2932810000002
A,sp|I3M072|APOA1_ICTTR,89.047675,1.8,5.95,90.054951
MDLR,sp|I3M072|APOA1_ICTTR,533.2631650000001,-0.575,6.63,534.2704410000001
TMTQSLVTLAEDNMAFFSSQGPGETAR,sp|I3M072|APOA1_ICTTR,2888.332035000001,-0.24074,3.75,2889.3393110000006
LSNVFAGVR,sp|I3M072|APOA1_ICTTR,961.5344950000001,0.84444,11.04,962.5417710000002
EQALGLEPALGSLLSVAHLFDLDPETPANGYR,sp|I3M072|APOA1_ICTTR,3392.725155000001,-0.03125,3.82,3393.732431000001
SLVHTAR,sp|I3M072|APOA1_ICTTR,782.439875,0.08571,11.04,783.4471510000001
CCLAHLLHK,sp|I3M072|APOA1_ICTTR,1036.531015,0.87778,8.16,1037.538291
YVASNR,sp|I3M072|APOA1_ICTTR,708.355485,-0.68333,9.83,709.3627610000001
SIFFR,sp|I3M072|APOA1_ICTTR,668.364585,0.96,11.04,669.3718610000001
TSHNLAELEAYLAALTQLR,sp|I3M072|APOA1_ICTTR,2113.1167349999996,0.05263,5.29,2114.1240109999994
ALAYYAQR,sp|I3M072|APOA1_ICTTR,954.492305,-0.175,9.59,955.499581
LLATNRPGGLFFEGDEGLTADFLR,sp|I3M072|APOA1_ICTTR,2608.3284850000005,-0.00417,3.96,2609.3357610000003
EYVTLHK,sp|I3M072|APOA1_ICTTR,888.470505,-0.65714,7.72,889.477781
GCFYGR,sp|I3M072|APOA1_ICTTR,701.295525,-0.21667,8.81,702.302801
CLGFQFTPSIRPFLQTISIGLVSFGEHYK,sp|I3M072|APOA1_ICTTR,3284.7055749999995,0.38621,8.79,3285.7128509999993
NESGLGVTASSLFTSGR,sp|I3M072|APOA1_ICTTR,1681.827105,-0.05294,6.93,1682.8343810000001
FAIDPELR,sp|I3M072|APOA1_ICTTR,959.507605,-0.025,3.97,960.5148810000001
GAEFER,sp|I3M072|APOA1_ICTTR,707.3238350000001,-1.21667,4.26,708.3311110000002
ITQNLDVHFWK,sp|I3M072|APOA1_ICTTR,1399.724815,-0.35455,7.78,1400.732091
AFWNITEIEVLSSLANMASATVR,sp|I3M072|APOA1_ICTTR,2522.2838750000005,0.59565,4.26,2523.2911510000004
VSR,sp|I3M072|APOA1_ICTTR,360.212115,-0.36667,11.04,361.219391
LISLPPEAFEMPLTSDPK,sp|I3M072|APOA1_ICTTR,1984.022675,-0.03889,3.75,1985.029951
LTVTISPPLAHTGPGPVLIR,sp|I3M072|APOA1_ICTTR,2038.193845,0.64,11.04,2039.201121
LISYDLR,sp|I3M072|APOA1_ICTTR,878.486155,0.28571,6.57,879.4934310000001
EGQDSEELNSMVK,sp|I3M072|APOA1_ICTTR,1464.640225,-1.30769,3.61,1465.6475010000001
SEGPR,sp|I3M072|APOA1_ICTTR,544.2605149999999,-2.16,6.93,545.267791
ILELRPRPQQTSR,sp|I3M072|APOA1_ICTTR,1592.911055,-1.27692,12.18,1593.918331
SHEPYLK,sp|I3M072|APOA1_ICTTR,872.4392050000001,-1.5,7.72,873.4464810000002
SWAQELGAPIISIDYSLAPEAPFPR,sp|I3M072|APOA1_ICTTR,2727.390755,0.048,3.75,2728.3980309999997
ALEECFFAYCWAVK,sp|I3M072|APOA1_ICTTR,1678.752345,0.77857,4.26,1679.7596210000002
HCALLGSTGER,sp|I3M072|APOA1_ICTTR,1142.5502250000002,-0.14545,7.09,1143.5575010000002
ICLAGDSAGGNLCFTVALR,sp|I3M072|APOA1_ICTTR,1879.928405,1.00526,5.77,1880.9356810000002
AAAYGVR,sp|I3M072|APOA1_ICTTR,706.376205,0.48571,9.83,707.3834810000001
VPDGIMAAYPATMLQSAASPSR,sp|I3M072|APOA1_ICTTR,2233.087095,0.19091,6.57,2234.0943709999997
LLSLMDPLLPLSVLSK,sp|I3M072|APOA1_ICTTR,1738.031395,1.23125,6.61,1739.038671
CVSAYAGAETEEHPNSDEK,sp|I3M072|APOA1_ICTTR,2035.8428850000003,-1.13684,3.95,2036.8501610000003
ALGMMGLVR,sp|I3M072|APOA1_ICTTR,946.509215,1.34444,11.04,947.5164910000001
DTSLLLR,sp|I3M072|APOA1_ICTTR,816.470505,0.27143,6.63,817.477781
DLR,sp|I3M072|APOA1_ICTTR,402.222675,-1.4,6.63,403.22995099999997
LGASSWLNSFLEFSGQK,sp|I3M072|APOA1_ICTTR,1869.926085,-0.02941,6.9,1870.933361
SQK,sp|I3M072|APOA1_ICTTR,361.19613499999997,-2.73333,10.07,362.20341099999996
TSAPTVESMR,sp|I3M072|APOA1_ICTTR,1077.512455,-0.47,6.93,1078.519731
SVSEAALAQPEGPVGTDSLK,sp|I3M072|APOA1_ICTTR,1954.9847049999998,-0.18,3.75,1955.991981
ILTLK,sp|I3M072|APOA1_ICTTR,586.405385,1.5,10.07,587.4126610000001
DLNLK,sp|I3M072|APOA1_ICTTR,601.343515,-0.66,6.61,602.3507910000001
SSSETSETPEMSLSVETLGPSTPSDVNFFLRPEDAR,sp|I3M072|APOA1_ICTTR,3898.8054250000005,-0.66389,3.66,3899.8127010000003
EEAEAK,sp|I3M072|APOA1_ICTTR,675.307515,-1.8,3.96,676.314791
EGLSAK,sp|I3M072|APOA1_ICTTR,603.322775,-0.5,6.9,604.330051
DGSSR,sp|I3M072|APOA1_ICTTR,520.224135,-2.0,6.63,521.2314110000001
VSNAFPEGFHPR,sp|I3M072|APOA1_ICTTR,1356.6574550000003,-0.625,7.8,1357.6647310000003
TSQGATQMPLYSSPIVK,sp|I3M072|APOA1_ICTTR,1806.9185750000001,-0.2,9.71,1807.9258510000002
NPFMSPLLAPDNMLK,sp|I3M072|APOA1_ICTTR,1686.847315,-0.01333,6.61,1687.854591
ALGQPVTLR,sp|I3M072|APOA1_ICTTR,953.565795,0.32222,11.04,954.573071
VVEDLPHGFLSLASLCR,sp|I3M072|APOA1_ICTTR,1854.966165,0.72941,5.19,1855.973441
ETR,sp|I3M072|APOA1_ICTTR,404.20194499999997,-2.9,6.93,405.20922099999996
QAAELCVER,sp|I3M072|APOA1_ICTTR,1017.491315,-0.1,4.26,1018.498591
IR,sp|I3M072|APOA1_ICTTR,287.19573499999996,0.0,11.04,288.20301099999995
LILTPPAAAAAAAPPPL,sp|I3M072|APOA1_ICTTR,1553.918055,1.16471,5.95,1554.9253310000001
AAR,sp|I3M072|APOA1_ICTTR,316.185895,-0.3,11.04,317.193171
FAMHSAR,sp|I3M072|APOA1_ICTTR,818.3857350000001,-0.02857,11.04,819.3930110000001
SLSSVGLVPR,sp|I3M072|APOA1_ICTTR,1013.5869250000001,0.71,11.04,1014.5942010000001
EVELFSR,sp|I3M072|APOA1_ICTTR,878.4497650000001,-0.21429,4.26,879.4570410000001
YSPSPLSMK,sp|I3M072|APOA1_ICTTR,1008.4950150000001,-0.56667,9.71,1009.5022910000001
QLLDFGSDNACER,sp|I3M072|APOA1_ICTTR,1466.6459750000001,-0.65385,3.55,1467.6532510000002
TSFSFLR,sp|I3M072|APOA1_ICTTR,856.444295,0.37143,11.04,857.4515710000001
QELPVR,sp|I3M072|APOA1_ICTTR,740.418075,-0.85,6.93,741.4253510000001
LANILK,sp|I3M072|APOA1_ICTTR,670.4377450000001,1.08333,10.07,671.4450210000001
EIDVLPDR,sp|I3M072|APOA1_ICTTR,955.497435,-0.5125,3.55,956.504711
LTNTSSVQLVK,sp|I3M072|APOA1_ICTTR,1188.6713949999998,0.19091,10.07,1189.678671
SWYIQSLMELVEFHEK,sp|I3M072|APOA1_ICTTR,2037.986975,-0.24375,4.54,2038.994251
SPEDQK,sp|I3M072|APOA1_ICTTR,702.318425,-2.8,3.97,703.3257010000001
NLSDFVDTLIK,sp|I3M072|APOA1_ICTTR,1263.6710449999998,0.29091,3.68,1264.6783209999999
NR,sp|I3M072|APOA1_ICTTR,288.154605,-4.0,11.04,289.161881
HHNVVPTMAQGILEYK,sp|I3M072|APOA1_ICTTR,1835.9352149999995,-0.275,7.87,1836.9424909999996
DTCTVDPVTNQSLQYFLDR,sp|I3M072|APOA1_ICTTR,2214.0262849999995,-0.52632,3.39,2215.0335609999993
FYMNR,sp|I3M072|APOA1_ICTTR,729.3268350000001,-0.92,9.83,730.3341110000001
ISTR,sp|I3M072|APOA1_ICTTR,475.275445,-0.375,11.04,476.282721
MLMNQHILIFSDSQTGNPSHIGSIDPK,sp|I3M072|APOA1_ICTTR,2979.4582350000005,-0.25926,6.01,2980.4655110000003
CDVVAVIQDAFESSK,sp|I3M072|APOA1_ICTTR,1609.7657450000002,0.43333,3.55,1610.7730210000002
MLCDQYYLTSPELK,sp|I3M072|APOA1_ICTTR,1702.7946249999998,-0.30714,3.97,1703.8019009999998
LTQVNGK,sp|I3M072|APOA1_ICTTR,758.4286450000001,-0.57143,10.07,759.4359210000001
FPGQPIHIVYVPSHLHHMLFELFK,sp|I3M072|APOA1_ICTTR,2885.520275,0.3375,8.02,2886.5275509999997
NAMR,sp|I3M072|APOA1_ICTTR,490.232205,-1.075,11.04,491.239481
ATVER,sp|I3M072|APOA1_ICTTR,574.3074650000001,-0.54,6.93,575.3147410000001
QESWPSLTPVEVIVVLGK,sp|I3M072|APOA1_ICTTR,1980.093135,0.42778,4.26,1981.1004110000001
EDLTIK,sp|I3M072|APOA1_ICTTR,717.3908550000001,-0.55,3.97,718.3981310000001
ISDR,sp|I3M072|APOA1_ICTTR,489.25470499999994,-1.075,6.63,490.26198099999993
GGGVPLR,sp|I3M072|APOA1_ICTTR,654.3812850000002,0.1,11.04,655.3885610000002
ITDR,sp|I3M072|APOA1_ICTTR,503.270355,-1.05,6.63,504.277631
LFSYMYSTAPTPVMDNSR,sp|I3M072|APOA1_ICTTR,2078.9441450000004,-0.26111,6.52,2079.951421
NAPLAGFGYGLPISR,sp|I3M072|APOA1_ICTTR,1531.8146750000003,0.26667,9.83,1532.8219510000004
LYAK,sp|I3M072|APOA1_ICTTR,493.29002499999996,0.1,9.71,494.29730099999995
YFQGDLNLYSLSGYGTDAIIYLK,sp|I3M072|APOA1_ICTTR,2613.300235,0.09565,3.68,2614.307511
ALSSESVEK,sp|I3M072|APOA1_ICTTR,948.4763750000001,-0.38889,4.26,949.4836510000001
LPVFNK,sp|I3M072|APOA1_ICTTR,716.422095,0.3,10.07,717.4293710000001
SAFK,sp|I3M072|APOA1_ICTTR,451.24307500000003,-0.025,10.07,452.250351
HYQMSSEADDWCIPSR,sp|I3M072|APOA1_ICTTR,1923.7879750000002,-1.075,4.17,1924.7952510000002
EPR,sp|I3M072|APOA1_ICTTR,400.207025,-3.2,6.93,401.214301
NLSK,sp|I3M072|APOA1_ICTTR,460.26454499999994,-1.1,10.07,461.27182099999993
MAM,sp|I3M072|APOA1_ICTTR,351.12865500000004,1.86667,5.95,352.135931
MADPR,sp|I3M072|APOA1_ICTTR,588.2689750000002,-1.18,6.63,589.2762510000002
ALQDYR,sp|I3M072|APOA1_ICTTR,764.381695,-1.2,6.57,765.3889710000001
LLEHK,sp|I3M072|APOA1_ICTTR,638.375145,-0.6,7.78,639.382421
EIDGR,sp|I3M072|APOA1_ICTTR,588.286725,-1.48,3.97,589.2940010000001
EQLK,sp|I3M072|APOA1_ICTTR,516.2907550000001,-1.775,6.9,517.2980310000002
ELTK,sp|I3M072|APOA1_ICTTR,489.27985499999994,-1.075,6.9,490.28713099999993
QYEK,sp|I3M072|APOA1_ICTTR,566.270025,-3.05,6.85,567.2773010000001
SENDLK,sp|I3M072|APOA1_ICTTR,704.3340750000001,-1.9,3.97,705.3413510000001
ALQSVGQIVGEVLK,sp|I3M072|APOA1_ICTTR,1439.834745,0.75,6.9,1440.8420210000002
QLTEEK,sp|I3M072|APOA1_ICTTR,746.381025,-1.88333,4.26,747.3883010000001
FIVK,sp|I3M072|APOA1_ICTTR,505.32640499999997,1.9,10.07,506.33368099999996
ATNGPR,sp|I3M072|APOA1_ICTTR,614.313615,-1.48333,11.04,615.3208910000001
YVVGCR,sp|I3M072|APOA1_ICTTR,695.3424750000001,0.78333,8.81,696.3497510000002
QLDK,sp|I3M072|APOA1_ICTTR,502.275105,-1.775,6.61,503.282381
SK,sp|I3M072|APOA1_ICTTR,233.13755499999996,-2.35,10.07,234.14483099999995
LKPGTR,sp|I3M072|APOA1_ICTTR,670.412595,-1.21667,11.54,671.4198710000001
VALDMTTLTIMR,sp|I3M072|APOA1_ICTTR,1363.7203350000002,0.98333,6.63,1364.7276110000003
YLPR,sp|I3M072|APOA1_ICTTR,547.311825,-0.9,9.83,548.319101
EVDPLVYNMSHEDPGNVSYSEIGGLSEQIR,sp|I3M072|APOA1_ICTTR,3333.5459050000004,-0.61,3.74,3334.553181
EVIELPLTNPELFQR,sp|I3M072|APOA1_ICTTR,1796.9672150000001,-0.2,3.96,1797.9744910000002
VGIIPPK,sp|I3M072|APOA1_ICTTR,722.4690350000001,0.81429,10.07,723.4763110000001
GCLLYGPPGTGK,sp|I3M072|APOA1_ICTTR,1161.585205,-0.05,8.78,1162.5924810000001
TLLAR,sp|I3M072|APOA1_ICTTR,572.364585,0.84,11.04,573.3718610000001
AVASQLDCNFLK,sp|I3M072|APOA1_ICTTR,1307.654355,0.45833,5.92,1308.661631
VVSSSIVDK,sp|I3M072|APOA1_ICTTR,932.5178450000001,0.81111,6.61,933.5251210000001
YIGESAR,sp|I3M072|APOA1_ICTTR,794.392255,-0.6,6.87,795.399531
LIR,sp|I3M072|APOA1_ICTTR,400.279795,1.26667,11.04,401.28707099999997
EMFNYAR,sp|I3M072|APOA1_ICTTR,929.4065350000001,-0.9,6.87,930.4138110000001
DHQPCIIFMDEIDAIGGR,sp|I3M072|APOA1_ICTTR,2028.9396949999998,-0.03333,3.8,2029.9469709999998
FSEGTSADR,sp|I3M072|APOA1_ICTTR,968.4199249999999,-1.06667,3.97,969.427201
EIQR,sp|I3M072|APOA1_ICTTR,544.296905,-1.75,6.93,545.3041810000001
TLMELLNQMDGFDTLHR,sp|I3M072|APOA1_ICTTR,2032.9710149999999,-0.30588,4.17,2033.978291
MIMATNRPDTLDPALLRPGR,sp|I3M072|APOA1_ICTTR,2237.177245,-0.365,10.79,2238.1845209999997
LDR,sp|I3M072|APOA1_ICTTR,402.222675,-1.4,6.63,403.22995099999997
IHIDLPNEQAR,sp|I3M072|APOA1_ICTTR,1304.683675,-0.79091,5.19,1305.690951
LDILK,sp|I3M072|APOA1_ICTTR,600.3846450000001,0.94,6.61,601.3919210000001
IHAGPITK,sp|I3M072|APOA1_ICTTR,835.491565,0.125,10.07,836.4988410000001
HGEIDYEAIVK,sp|I3M072|APOA1_ICTTR,1272.634985,-0.39091,4.38,1273.642261
LSDGFNGADLR,sp|I3M072|APOA1_ICTTR,1163.557075,-0.4,3.68,1164.564351
NVCTEAGMFAIR,sp|I3M072|APOA1_ICTTR,1310.611115,0.575,6.21,1311.618391
ADHDFVVQEDFMK,sp|I3M072|APOA1_ICTTR,1579.697665,-0.53077,3.8,1580.704941
AVR,sp|I3M072|APOA1_ICTTR,344.217195,0.5,11.04,345.224471
VADSK,sp|I3M072|APOA1_ICTTR,518.2700150000001,-0.44,6.61,519.2772910000001
LESK,sp|I3M072|APOA1_ICTTR,475.264205,-1.1,6.9,476.271481
LDYKPV,sp|I3M072|APOA1_ICTTR,733.401025,-0.38333,6.55,734.408301
MDMGGLDNLIANTAYLQAR,sp|I3M072|APOA1_ICTTR,2065.9924749999996,0.01579,3.68,2066.9997509999994
TDSDSR,sp|I3M072|APOA1_ICTTR,679.2772950000001,-2.3,3.68,680.2845710000001
ELQR,sp|I3M072|APOA1_ICTTR,544.296905,-1.925,6.93,545.3041810000001
SLALPGPQGCAELR,sp|I3M072|APOA1_ICTTR,1410.7289050000002,0.08571,6.21,1411.7361810000002
QSLSPHFHSLCEQQPIGR,sp|I3M072|APOA1_ICTTR,2063.0006749999993,-0.75,7.24,2064.007950999999
LFR,sp|I3M072|APOA1_ICTTR,434.264145,0.7,11.04,435.271421
DFLATVPK,sp|I3M072|APOA1_ICTTR,889.490895,0.3625,6.61,890.4981710000001
YSQAVAFLEDVQNWELAEEGPAK,sp|I3M072|APOA1_ICTTR,2593.233595,-0.47391,3.52,2594.240871
TSTLQQLAATCAR,sp|I3M072|APOA1_ICTTR,1362.692545,0.08462,8.89,1363.6998210000002
DPGPQSFLSQDLATK,sp|I3M072|APOA1_ICTTR,1602.7889249999996,-0.77333,3.68,1603.7962009999997
CR,sp|I3M072|APOA1_ICTTR,277.120865,-1.0,8.89,278.12814099999997
AASTDEER,sp|I3M072|APOA1_ICTTR,877.377725,-1.6125,3.75,878.3850010000001
TLVEQAK,sp|I3M072|APOA1_ICTTR,787.4439550000001,-0.25714,6.9,788.4512310000001
AETMSFLQEQPFQDFLASPFYDR,sp|I3M072|APOA1_ICTTR,2766.263535,-0.5,3.46,2767.270811
FLQWK,sp|I3M072|APOA1_ICTTR,720.395885,-0.34,10.07,721.4031610000001
LFEMQPVSDK,sp|I3M072|APOA1_ICTTR,1192.5797949999999,-0.41,3.97,1193.587071
YFTEFR,sp|I3M072|APOA1_ICTTR,861.4020950000001,-0.73333,6.87,862.4093710000002
VLGK,sp|I3M072|APOA1_ICTTR,415.2794549999999,0.925,10.07,416.2867309999999
GGFGEVCAVQVR,sp|I3M072|APOA1_ICTTR,1220.5971650000001,0.58333,6.21,1221.6044410000002
NTGK,sp|I3M072|APOA1_ICTTR,418.217595,-2.125,10.07,419.224871
MYACK,sp|I3M072|APOA1_ICTTR,614.2556450000001,0.2,8.78,615.2629210000001
LDK,sp|I3M072|APOA1_ICTTR,374.216525,-1.2,6.61,375.223801
GGEK,sp|I3M072|APOA1_ICTTR,389.191035,-2.05,6.9,390.198311
MALLEK,sp|I3M072|APOA1_ICTTR,703.3938350000001,0.65,6.9,704.4011110000001
EILEK,sp|I3M072|APOA1_ICTTR,630.358825,-0.52,4.26,631.3661010000001
VNSPFIVSLAYAFESK,sp|I3M072|APOA1_ICTTR,1770.9192050000001,0.60625,6.85,1771.9264810000002
THLCLVMSLMNGGDLK,sp|I3M072|APOA1_ICTTR,1730.8517549999997,0.58125,7.08,1731.8590309999997
FHIYNVGTR,sp|I3M072|APOA1_ICTTR,1105.566865,-0.23333,9.83,1106.574141
GLAMSR,sp|I3M072|APOA1_ICTTR,633.3268250000001,0.3,11.04,634.3341010000001
VIFYTAQMTCGVLHLHGLGIVYR,sp|I3M072|APOA1_ICTTR,2590.3552049999994,0.97391,8.75,2591.362480999999
DLKPENVLLDDLGNCR,sp|I3M072|APOA1_ICTTR,1812.903965,-0.59375,3.8,1813.911241
LSDLGLAVEVQDDKPITQR,sp|I3M072|APOA1_ICTTR,2096.1113049999994,-0.35789,3.8,2097.1185809999993
AGTNGYMAPEILMDK,sp|I3M072|APOA1_ICTTR,1609.747995,-0.20667,3.97,1610.755271
ASYSYPVDWFAMGCSIYEMVAGR,sp|I3M072|APOA1_ICTTR,2602.133065,0.27391,3.97,2603.140341
TPFK,sp|I3M072|APOA1_ICTTR,491.274375,-0.85,10.07,492.281651
DFK,sp|I3M072|APOA1_ICTTR,408.20087499999994,-1.53333,6.61,409.20815099999993
VSK,sp|I3M072|APOA1_ICTTR,332.20596499999994,-0.16667,10.07,333.2132409999999
EDLK,sp|I3M072|APOA1_ICTTR,503.259115,-1.775,3.97,504.266391
TMK,sp|I3M072|APOA1_ICTTR,378.193695,-0.9,10.07,379.200971
DEVAFHHENFTEETK,sp|I3M072|APOA1_ICTTR,1831.8012749999998,-1.40667,4.32,1832.8085509999999
DICR,sp|I3M072|APOA1_ICTTR,505.23186499999997,-0.25,5.92,506.23914099999996
LFLAK,sp|I3M072|APOA1_ICTTR,590.3791650000001,1.66,10.07,591.3864410000001
KPEQR,sp|I3M072|APOA1_ICTTR,656.360565,-3.4,10.06,657.367841
LGSR,sp|I3M072|APOA1_ICTTR,431.24922499999997,-0.475,11.04,432.25650099999996
ADDPR,sp|I3M072|APOA1_ICTTR,572.2554250000001,-2.26,3.68,573.2627010000001
HPFFQTVNFPR,sp|I3M072|APOA1_ICTTR,1388.6989350000001,-0.54545,11.04,1389.7062110000002
LEAGLVEPPFVPDPSVVYAK,sp|I3M072|APOA1_ICTTR,2126.1298950000005,0.375,3.75,2127.1371710000003
DVDEIDDFSEVR,sp|I3M072|APOA1_ICTTR,1437.6259350000003,-0.88333,3.15,1438.6332110000003
GVEFDDK,sp|I3M072|APOA1_ICTTR,808.360275,-1.11429,3.55,809.367551
QFFQR,sp|I3M072|APOA1_ICTTR,724.3656550000001,-1.18,11.04,725.3729310000001
FSTGAVPVAWQEEIIETGLFEELNDPNRPSGDGK,sp|I3M072|APOA1_ICTTR,3701.784855,-0.57353,3.66,3702.7921309999997
GDSSK,sp|I3M072|APOA1_ICTTR,492.21798499999994,-1.88,6.61,493.22526099999993
SGVCLLL,sp|I3M072|APOA1_ICTTR,703.3938350000001,2.41429,5.23,704.4011110000001
MSDNTTLAPPAASQAPATPR,sp|I3M072|APOA1_ICTTR,1995.968365,-0.52,6.63,1996.975641
GPPK,sp|I3M072|APOA1_ICTTR,397.232505,-1.875,10.07,398.239781
FK,sp|I3M072|APOA1_ICTTR,293.173935,-0.55,10.07,294.18121099999996
QTR,sp|I3M072|APOA1_ICTTR,403.217935,-2.9,11.04,404.225211
QFK,sp|I3M072|APOA1_ICTTR,421.232515,-1.53333,10.07,422.23979099999997
SKPPK,sp|I3M072|APOA1_ICTTR,555.3380350000001,-2.36,10.61,556.3453110000002
GVK,sp|I3M072|APOA1_ICTTR,302.19539499999996,-0.03333,10.07,303.20267099999995
GFGDDIPGMEGLGTDITVICPWEAFSHLELHELAQFGII,sp|I3M072|APOA1_ICTTR,4227.033205,0.38974,3.56,4228.040481
VLVLLLVTLAVVYAAPDPR,sp|I3M072|APOA1_ICTTR,2021.2288250000004,1.69474,6.57,2022.2361010000004
GILINLEDGEICMNSAQCK,sp|I3M072|APOA1_ICTTR,2049.9533149999997,0.17368,3.75,2050.9605909999996
SSCCQHFSPLGVAR,sp|I3M072|APOA1_ICTTR,1490.675845,0.14286,8.16,1491.683121
CTR,sp|I3M072|APOA1_ICTTR,378.168545,-0.9,8.89,379.175821
ASENSECSPK,sp|I3M072|APOA1_ICTTR,1050.428785,-1.41,4.26,1051.436061
TLYGIYYK,sp|I3M072|APOA1_ICTTR,1019.532775,-0.075,9.41,1020.5400510000001
CPCER,sp|I3M072|APOA1_ICTTR,606.2254050000001,-0.92,6.06,607.2326810000002
GLTCESDR,sp|I3M072|APOA1_ICTTR,879.3756249999999,-0.8875,3.97,880.382901
TIIGAITNTNYGICLDAGR,sp|I3M072|APOA1_ICTTR,1964.9989349999996,0.43684,5.92,1966.0062109999997
E,sp|I3M072|APOA1_ICTTR,147.053155,-3.5,3.28,148.060431
MNENLFASFITPTLMGLPIVLLIIMFPNLLFPSPTR,sp|I3M072|APOA1_ICTTR,4060.200705,1.025,6.93,4061.207981
LMNNR,sp|I3M072|APOA1_ICTTR,646.322085,-1.16,11.04,647.3293610000001
LVSFQQWLIQLVLK,sp|I3M072|APOA1_ICTTR,1714.018135,1.05714,10.07,1715.025411
QMMAMHNPK,sp|I3M072|APOA1_ICTTR,1086.477285,-0.91111,10.07,1087.484561
GR,sp|I3M072|APOA1_ICTTR,231.13313499999998,-2.45,11.04,232.14041099999997
TWSLMLISLIMFIGSTNLLGLLPHSFTPTTQLSMNLGMAIPLWAGAVITGFR,sp|I3M072|APOA1_ICTTR,5630.993285,0.98269,11.04,5632.000561
HK,sp|I3M072|APOA1_ICTTR,283.16443499999997,-3.55,10.07,284.17171099999996
TK,sp|I3M072|APOA1_ICTTR,247.15320499999996,-2.3,10.07,248.16048099999995
ASLAHFLPQGTPIPLIPMLIIIETISLFIQPMALAVR,sp|I3M072|APOA1_ICTTR,4024.3024450000007,1.22973,7.8,4025.3097210000005
LTANITAGHLLMHLIGGATLVLTSISPPTAILTFIILVLLTMLEFAVALIQAYVFTLLVSLYLHDNT,sp|I3M072|APOA1_ICTTR,7188.0444449999995,1.42239,5.73,7189.051721
MVDAFVGTWK,sp|I3M072|APOA1_ICTTR,1152.563745,0.55,6.61,1153.571021
LVDSK,sp|I3M072|APOA1_ICTTR,560.316965,-0.04,6.61,561.324241
NFDDYMK,sp|I3M072|APOA1_ICTTR,931.3745650000001,-1.57143,3.68,932.3818410000001
SLGVGFATR,sp|I3M072|APOA1_ICTTR,906.492295,0.64444,11.04,907.4995710000001
QVASMTKPTTIIEK,sp|I3M072|APOA1_ICTTR,1545.8436149999998,-0.17143,9.86,1546.8508909999998
NGDTIILK,sp|I3M072|APOA1_ICTTR,872.4967150000001,0.1,6.61,873.5039910000002
TQSTFK,sp|I3M072|APOA1_ICTTR,710.3599050000001,-1.13333,10.07,711.3671810000002
NTEISFQLGK,sp|I3M072|APOA1_ICTTR,1135.587325,-0.52,6.9,1136.594601
EFDETTADDR,sp|I3M072|APOA1_ICTTR,1197.478555,-1.88,3.28,1198.485831
STVTLDGGK,sp|I3M072|APOA1_ICTTR,876.4552450000001,-0.26667,6.61,877.4625210000002
LVHVQK,sp|I3M072|APOA1_ICTTR,722.443895,0.26667,10.07,723.451171
WDGQETTLVR,sp|I3M072|APOA1_ICTTR,1203.5883850000002,-0.97,3.97,1204.5956610000003
ELNDGK,sp|I3M072|APOA1_ICTTR,674.3235050000001,-1.83333,3.97,675.3307810000001
LILTLTHGSVVCTR,sp|I3M072|APOA1_ICTTR,1511.849365,1.12857,8.89,1512.856641
TYEK,sp|I3M072|APOA1_ICTTR,539.259125,-2.35,6.85,540.2664010000001
EA,sp|I3M072|APOA1_ICTTR,218.090265,-0.85,3.28,219.09754099999998
MPSSISWGLLLLAGLSCLVAGSLAEDAQETGASK,sp|I3M072|APOA1_ICTTR,3374.7101150000003,0.62353,3.75,3375.717391
HDQEHPASHR,sp|I3M072|APOA1_ICTTR,1212.538415,-2.52,6.31,1213.545691
IAPNLAEFALSLYR,sp|I3M072|APOA1_ICTTR,1576.861295,0.63571,6.87,1577.868571
VLAHESNTTNIFFSPVSIAMALASLSLGTK,sp|I3M072|APOA1_ICTTR,3118.637225000001,0.72,7.78,3119.6445010000007
ADTHTQIMEGLGFNLTETAESDIHQGFQHLLQTLNKPNSQLQLTTGNGLFIDHNLK,sp|I3M072|APOA1_ICTTR,6228.097384999998,-0.51071,5.12,6229.1046609999985
LLDK,sp|I3M072|APOA1_ICTTR,487.300585,0.05,6.61,488.307861
FLQDVK,sp|I3M072|APOA1_ICTTR,748.411925,-0.01667,6.61,749.419201
NLYHSEAFSTDFTNTEEAK,sp|I3M072|APOA1_ICTTR,2202.970535,-1.05789,4.11,2203.9778109999997
QINTYVEK,sp|I3M072|APOA1_ICTTR,993.513105,-0.9625,6.85,994.520381
GTQGK,sp|I3M072|APOA1_ICTTR,489.254705,-1.78,10.07,490.261981
IVDLVK,sp|I3M072|APOA1_ICTTR,685.437405,1.55,6.61,686.4446810000001
DLNR,sp|I3M072|APOA1_ICTTR,516.265605,-1.925,6.63,517.2728810000001
DSVLALVNYIFFK,sp|I3M072|APOA1_ICTTR,1527.833685,1.14615,6.55,1528.840961
GK,sp|I3M072|APOA1_ICTTR,203.126985,-2.15,10.07,204.13426099999998
WEKPFEVDHTK,sp|I3M072|APOA1_ICTTR,1414.6880849999998,-1.60909,5.33,1415.6953609999998
EEDFHVDQVTTVR,sp|I3M072|APOA1_ICTTR,1573.7372249999999,-0.86154,3.95,1574.744501
VPMMNR,sp|I3M072|APOA1_ICTTR,746.356755,-0.26667,11.04,747.3640310000001
MGMFEVHYCSTLASWVLQMDYLGNATAIFLLPDEGK,sp|I3M072|APOA1_ICTTR,4049.907525000001,0.38056,3.95,4050.914801000001
LQHLEDTITK,sp|I3M072|APOA1_ICTTR,1196.640085,-0.69,5.19,1197.647361
EILAK,sp|I3M072|APOA1_ICTTR,572.353345,0.54,6.9,573.360621
FLK,sp|I3M072|APOA1_ICTTR,406.257995,0.9,10.07,407.265271
ESSSVNLHFPK,sp|I3M072|APOA1_ICTTR,1243.619685,-0.66364,7.78,1244.626961
LNISGTMDLKPVLTR,sp|I3M072|APOA1_ICTTR,1656.923255,0.16,10.06,1657.930531
LGITNVFSYK,sp|I3M072|APOA1_ICTTR,1140.6178949999999,0.47,9.71,1141.625171
ADLSGITEDDPLR,sp|I3M072|APOA1_ICTTR,1400.678305,-0.62308,3.33,1401.685581
VSQALHK,sp|I3M072|APOA1_ICTTR,781.444625,-0.22857,10.07,782.451901
AVLTIDER,sp|I3M072|APOA1_ICTTR,915.5025250000001,0.2625,3.97,916.5098010000002
GTEAAGATFLEMMPMSLPPEVK,sp|I3M072|APOA1_ICTTR,2306.099625,0.15909,3.96,2307.1069009999997
FDKPFLVVIIEHSTK,sp|I3M072|APOA1_ICTTR,1771.9872149999997,0.38,7.76,1772.9944909999997
SPLFVGK,sp|I3M072|APOA1_ICTTR,746.4326550000001,0.58571,10.07,747.4399310000001
VVNPTLH,sp|I3M072|APOA1_ICTTR,778.4337250000001,0.45714,7.8,779.4410010000001
MPSSISWGLLLLAGLSCLATGCLIEDSEK,sp|I3M072|APOA1_ICTTR,3006.511555,0.80345,3.75,3007.518831
SDAPK,sp|I3M072|APOA1_ICTTR,516.254365,-1.6,6.61,517.261641
HDQENSASHK,sp|I3M072|APOA1_ICTTR,1151.4955549999997,-2.41,6.02,1152.5028309999998
IAPNLAEFAFSLYR,sp|I3M072|APOA1_ICTTR,1610.845645,0.56429,6.87,1611.8529210000002
VLAHESNTTNIFFSPVSIATALGSLSLGTK,sp|I3M072|APOA1_ICTTR,3074.6287650000004,0.56,7.78,3075.636041
ADTHTQIMEGVGFNLTEISEAEIHQGFQHLLQNLNK,sp|I3M072|APOA1_ICTTR,4061.9904750000005,-0.43333,4.69,4062.9977510000003
SNSQLQLTTGNGLFIDHNMK,sp|I3M072|APOA1_ICTTR,2217.084805,-0.565,7.78,2218.092081
FLEDIK,sp|I3M072|APOA1_ICTTR,763.4115850000001,0.03333,3.97,764.4188610000001
DLDR,sp|I3M072|APOA1_ICTTR,517.249615,-1.925,3.68,518.256891
DSGLALVNYIFFK,sp|I3M072|APOA1_ICTTR,1485.786735,0.79231,6.55,1486.794011
GTLEKPFK,sp|I3M072|APOA1_ICTTR,918.5174450000001,-0.925,9.86,919.5247210000001
ADHTMEQDFHVDEATTVR,sp|I3M072|APOA1_ICTTR,2100.917055,-0.96111,4.08,2101.9243309999997
LGMFDLHYCPTLSSMVLK,sp|I3M072|APOA1_ICTTR,2054.003895,0.68333,7.08,2055.0111709999996
YLGDITAIFIMPK,sp|I3M072|APOA1_ICTTR,1480.799945,0.95385,6.55,1481.807221
VGR,sp|I3M072|APOA1_ICTTR,330.20154499999995,-0.23333,11.04,331.20882099999994
MEYVEETLTK,sp|I3M072|APOA1_ICTTR,1241.584945,-0.72,3.96,1242.592221
EFLDK,sp|I3M072|APOA1_ICTTR,650.327525,-0.86,3.97,651.3348010000001
LLK,sp|I3M072|APOA1_ICTTR,372.27364499999993,1.23333,10.07,373.2809209999999
DYTGK,sp|I3M072|APOA1_ICTTR,582.264935,-1.96,6.55,583.2722110000001
NTVHFPK,sp|I3M072|APOA1_ICTTR,841.4446250000001,-0.84286,10.07,842.4519010000001
LSISGTIDLKPVLTR,sp|I3M072|APOA1_ICTTR,1611.955925,0.51333,10.06,1612.963201
LGITK,sp|I3M072|APOA1_ICTTR,530.342785,0.66,10.07,531.3500610000001
VFSHEADLSGITEDAPLR,sp|I3M072|APOA1_ICTTR,1955.9588249999997,-0.18333,3.95,1956.9661009999998
AVLTIDEK,sp|I3M072|APOA1_ICTTR,887.4963750000001,0.3375,3.97,888.5036510000001
GTEAER,sp|I3M072|APOA1_ICTTR,661.303105,-1.8,4.26,662.310381
HTVK,sp|I3M072|APOA1_ICTTR,483.28052499999995,-0.9,10.07,484.28780099999994
GPMALTLAPEVK,sp|I3M072|APOA1_ICTTR,1225.674015,0.46667,6.9,1226.681291
FNRPFLVTLYDR,sp|I3M072|APOA1_ICTTR,1539.819775,-0.18333,9.83,1540.827051
STK,sp|I3M072|APOA1_ICTTR,334.185235,-1.8,10.07,335.19251099999997
SPLFVGR,sp|I3M072|APOA1_ICTTR,774.438805,0.5,11.04,775.446081
MASSSK,sp|I3M072|APOA1_ICTTR,609.2792150000001,-0.43333,10.07,610.2864910000002
TSSNGK,sp|I3M072|APOA1_ICTTR,592.281655,-1.68333,10.07,593.288931
LSIYLGK,sp|I3M072|APOA1_ICTTR,792.4745250000001,0.81429,9.71,793.4818010000001
DFMDHVDTVEPIDGVVLVDPEYLK,sp|I3M072|APOA1_ICTTR,2744.325435,0.025,3.41,2745.332711
MFVILTCAFR,sp|I3M072|APOA1_ICTTR,1199.6194950000001,1.91,8.89,1200.6267710000002
YGR,sp|I3M072|APOA1_ICTTR,394.196465,-2.06667,9.83,395.203741
DDLDVIGLTFR,sp|I3M072|APOA1_ICTTR,1262.6506350000002,0.27273,3.39,1263.6579110000002
DLYVLTQQVVPAESNSPQGPLTVLQER,sp|I3M072|APOA1_ICTTR,2980.5505250000006,-0.3037,3.75,2981.5578010000004
LLHK,sp|I3M072|APOA1_ICTTR,509.332555,0.125,10.07,510.339831
LGENAYPFTLQMVANLPCSVTLQPGPEDSGK,sp|I3M072|APOA1_ICTTR,3275.584205,-0.19032,3.75,3276.591481
ACGVDFEVK,sp|I3M072|APOA1_ICTTR,966.448045,0.46667,3.97,967.455321
SFCAENLEEK,sp|I3M072|APOA1_ICTTR,1168.5070249999999,-0.78,3.96,1169.514301
DSVR,sp|I3M072|APOA1_ICTTR,475.239055,-1.15,6.63,476.246331
LVVR,sp|I3M072|APOA1_ICTTR,485.33255499999996,1.925,11.04,486.33983099999995
VQFAPMEPGPGPWAQTIR,sp|I3M072|APOA1_ICTTR,1980.9879649999998,-0.37778,6.93,1981.9952409999999
FLLSVQPLQLQAWMDK,sp|I3M072|APOA1_ICTTR,1916.0229650000003,0.29375,6.61,1917.0302410000004
EVHYHGEPISVNVSINNSTSK,sp|I3M072|APOA1_ICTTR,2310.1240150000003,-0.6381,6.03,2311.131291
VIK,sp|I3M072|APOA1_ICTTR,358.257995,1.6,10.07,359.265271
ISVDQITDVVLYSLDK,sp|I3M072|APOA1_ICTTR,1806.9614649999996,0.48125,3.39,1807.9687409999997
YTK,sp|I3M072|APOA1_ICTTR,410.21653499999996,-1.96667,9.71,411.22381099999996
TVFIQEFTETIAANSSFTQSFSVTPLLSANCR,sp|I3M072|APOA1_ICTTR,3508.718405,0.29688,4.26,3509.725681
QGLALDGK,sp|I3M072|APOA1_ICTTR,800.439195,-0.2875,6.61,801.4464710000001
HEDTNLASSTIVRPGMNK,sp|I3M072|APOA1_ICTTR,1968.968705,-0.8,7.78,1969.975981
ELLGILVSYK,sp|I3M072|APOA1_ICTTR,1133.6695849999999,1.02,6.85,1134.676861
VNLMVSCGGILGDLTASDVGVELPLTLIHPKPSQETTSSEDIVIEEFAR,sp|I3M072|APOA1_ICTTR,5179.630775,0.26122,3.79,5180.638051
QEDGGEEK,sp|I3M072|APOA1_ICTTR,890.3617350000001,-2.775,3.61,891.3690110000001
ALAEEGDEGS,sp|I3M072|APOA1_ICTTR,976.3985050000001,-0.82,2.81,977.4057810000002
MACR,sp|I3M072|APOA1_ICTTR,479.198465,0.425,8.89,480.205741
SHIQPSDLACTMQLALAWIILGACGGSHQFQAR,sp|I3M072|APOA1_ICTTR,3522.7322250000007,0.3697,7.09,3523.7395010000005
SQGHLGLASNLGTNQVQLAGDLQASGPQPYMMIQDPDSQAFPLPEPCCPSEMDTPETSGPGIFPPR,sp|I3M072|APOA1_ICTTR,6919.197164999995,-0.49697,3.48,6920.204440999995
TPSSGCESFLGHLQR,sp|I3M072|APOA1_ICTTR,1617.7569250000001,-0.48667,7.09,1618.7642010000002
ALR,sp|I3M072|APOA1_ICTTR,358.232845,0.36667,11.04,359.240121
FHLLLLGVR,sp|I3M072|APOA1_ICTTR,1066.665105,1.56667,11.04,1067.672381
QAPPLCEELCQNWFATCEADITCGR,sp|I3M072|APOA1_ICTTR,2797.1968050000014,-0.184,3.61,2798.204081000001
TWLWPSGK,sp|I3M072|APOA1_ICTTR,973.5021350000001,-0.675,10.07,974.5094110000001
SCEGR,sp|I3M072|APOA1_ICTTR,550.216945,-1.34,6.21,551.2242210000001
TYGQTFADGVDLCR,sp|I3M072|APOA1_ICTTR,1544.692925,-0.24286,3.68,1545.700201
SVLGHILPVAAPGSR,sp|I3M072|APOA1_ICTTR,1472.8463050000003,0.72,11.04,1473.8535810000003
HCLNISISLLPRPRPGR,sp|I3M072|APOA1_ICTTR,1928.0890250000002,-0.24118,12.18,1929.0963010000003
WAR,sp|I3M072|APOA1_ICTTR,431.228095,-1.2,11.04,432.235371
ETISQR,sp|I3M072|APOA1_ICTTR,732.3766150000001,-1.41667,6.93,733.3838910000002
GTGILDAGGSGSGSGSGSGP,sp|I3M072|APOA1_ICTTR,1576.6964650000002,-0.165,2.98,1577.7037410000003
MPEVPAAGLWPFLLLLAVQVSTVASSTQPWHCAPCSAEK,sp|I3M072|APOA1_ICTTR,4134.078015,0.52308,5.29,4135.085291
LALCPPVPSSCPELSRPAGCGCCPMCALPLGAACGVATAR,sp|I3M072|APOA1_ICTTR,3841.776015000002,0.775,7.4,3842.783291000002
YAR,sp|I3M072|APOA1_ICTTR,408.212115,-1.33333,9.83,409.219391
GLSCR,sp|I3M072|APOA1_ICTTR,534.258415,0.12,8.89,535.2656910000001
ALPGEPRPLHALTR,sp|I3M072|APOA1_ICTTR,1526.868105,-0.47143,10.89,1527.875381
GQGACVPEPATPTASGLSSIEK,sp|I3M072|APOA1_ICTTR,2099.020445,-0.17273,4.26,2100.027721
EEAK,sp|I3M072|APOA1_ICTTR,475.2278149999999,-2.275,4.26,476.2350909999999
ASMVPER,sp|I3M072|APOA1_ICTTR,788.3850650000002,-0.35714,6.93,789.3923410000002
VPPESAEMTEEQLLESFHLMASSSEDQPILWNAISTYK,sp|I3M072|APOA1_ICTTR,4307.028955000001,-0.39211,3.76,4308.036231000001
SMR,sp|I3M072|APOA1_ICTTR,392.184195,-1.13333,11.04,393.191471
EMADIK,sp|I3M072|APOA1_ICTTR,705.336715,-0.45,3.97,706.3439910000001
WK,sp|I3M072|APOA1_ICTTR,332.18483499999996,-2.4,10.07,333.19211099999995
QPCR,sp|I3M072|APOA1_ICTTR,502.232205,-1.775,8.89,503.239481
ELYK,sp|I3M072|APOA1_ICTTR,551.295505,-1.225,6.85,552.3027810000001
VLER,sp|I3M072|APOA1_ICTTR,515.306735,0.0,6.93,516.314011
LAK,sp|I3M072|APOA1_ICTTR,330.226695,0.56667,10.07,331.233971
AQQK,sp|I3M072|APOA1_ICTTR,473.259795,-2.275,10.07,474.267071
AGEEIYK,sp|I3M072|APOA1_ICTTR,808.3966650000001,-0.9,4.26,809.4039410000001
FYLPNCNK,sp|I3M072|APOA1_ICTTR,997.469135,-0.5875,8.78,998.4764110000001
NGFYHSK,sp|I3M072|APOA1_ICTTR,851.392595,-1.47143,9.71,852.3998710000001
QCETSLDGEAELCWCVYPWSGR,sp|I3M072|APOA1_ICTTR,2531.055545,-0.39545,3.61,2532.062821
IPGSLEIR,sp|I3M072|APOA1_ICTTR,883.5126950000001,0.25,6.93,884.5199710000002
GDPNCHQYFNVQN,sp|I3M072|APOA1_ICTTR,1534.6259250000003,-1.38462,4.84,1535.6332010000003
