ProteinID,Site,GlyToucan_AC,Composition,Peptide,Start,End,Length,Sequon,GlycopeptideMass,PeptideMass,GlycanMass,Hydrophobicity,pI,z2,IonSeries
sp|D2W6T1|TET1_NAEGR,26.0,G22768VO,HexNAc(2)Hex(3),GTTANLTQTHPNGPVCVNR,22.0,40.0,19.0,NLT,3195.3871580000005,1978.9642950000004,1216.422863,-0.63158,8.89,1598.7008550000003,"{'b': [58.0287, 159.0764, 260.1241, 331.1612, 445.2041, 558.2882, 659.3359, 787.3945, 888.4421, 1025.501, 1122.5538, 1236.5967, 1293.6182, 1390.671, 1489.7394, 1592.7486, 1691.817, 1805.8599], 'y': [175.119, 289.1619, 388.2303, 491.2395, 590.3079, 687.3607, 744.3821, 858.425, 955.4778, 1092.5367, 1193.5844, 1321.643, 1422.6907, 1535.7747, 1649.8176, 1720.8548, 1821.9024, 1922.9501], 'c': [75.0552, 176.1029, 277.1506, 348.1877, 462.2306, 575.3147, 676.3624, 804.421, 905.4686, 1042.5275, 1139.5803, 1253.6232, 1310.6447, 1407.6975, 1506.7659, 1609.7751, 1708.8435, 1822.8864], 'z': [140.0819, 254.1248, 353.1932, 456.2024, 555.2708, 652.3236, 709.345, 823.388, 920.4407, 1057.4996, 1158.5473, 1286.6059, 1387.6536, 1500.7376, 1614.7806, 1685.8177, 1786.8654, 1887.913], 'Y': {'Y0': 1979.9716, 'Y1': 2183.051, 'Y2': 2386.1304, 'Y3': 2548.1832, 'Y4': 2710.236, 'Y5': 2872.2888}, '2Y': {'2Y0': 989.9858, '2Y1': 1091.5255, '2Y2': 1193.0652, '2Y3': 1274.0916, '2Y4': 1355.118, '2Y5': 1436.1444}, 'B': {'B_HexNAc_1': 204.0867, 'B_HexNAc_2': 407.1661, 'B_Hex_1': 569.2189, 'B_Hex_2': 731.2717, 'B_Hex_3': 893.3245}, 'oxonium': {'ox_HexNAc': 204.0867, 'ox_Hex': 163.0601}}"
sp|D2W6T1|TET1_NAEGR,46.0,G22768VO,HexNAc(2)Hex(3),GEEVANTTTLLDSGGGINK,41.0,59.0,19.0,NTT,3091.3449779999996,1874.9221149999996,1216.422863,-0.41053,3.75,1546.6797649999999,"{'b': [58.0287, 187.0713, 316.1139, 415.1823, 486.2194, 600.2624, 701.31, 802.3577, 903.4054, 1016.4895, 1129.5735, 1244.6005, 1331.6325, 1388.654, 1445.6754, 1502.6969, 1615.7809, 1729.8239], 'y': [147.1128, 261.1557, 374.2398, 431.2613, 488.2827, 545.3042, 632.3362, 747.3631, 860.4472, 973.5313, 1074.5789, 1175.6266, 1276.6743, 1390.7172, 1461.7543, 1560.8228, 1689.8653, 1818.9079], 'c': [75.0552, 204.0978, 333.1404, 432.2088, 503.2459, 617.2889, 718.3365, 819.3842, 920.4319, 1033.516, 1146.6, 1261.627, 1348.659, 1405.6805, 1462.7019, 1519.7234, 1632.8074, 1746.8504], 'z': [112.0757, 226.1187, 339.2027, 396.2242, 453.2456, 510.2671, 597.2991, 712.3261, 825.4101, 938.4942, 1039.5419, 1140.5896, 1241.6372, 1355.6802, 1426.7173, 1525.7857, 1654.8283, 1783.8709], 'Y': {'Y0': 1875.9294, 'Y1': 2079.0088, 'Y2': 2282.0882, 'Y3': 2444.141, 'Y4': 2606.1938, 'Y5': 2768.2466}, '2Y': {'2Y0': 937.9647, '2Y1': 1039.5044, '2Y2': 1141.0441, '2Y3': 1222.0705, '2Y4': 1303.0969, '2Y5': 1384.1233}, 'B': {'B_HexNAc_1': 204.0867, 'B_HexNAc_2': 407.1661, 'B_Hex_1': 569.2189, 'B_Hex_2': 731.2717, 'B_Hex_3': 893.3245}, 'oxonium': {'ox_HexNAc': 204.0867, 'ox_Hex': 163.0601}}"
sp|D2W6T1|TET1_NAEGR,82.0,G22768VO,HexNAc(2)Hex(3),TTFQQSFTNANITLK,72.0,86.0,15.0,NIT,2929.2962079999998,1712.8733449999995,1216.422863,-0.38667,10.07,1465.65538,"{'b': [102.055, 203.1026, 350.171, 478.2296, 606.2882, 693.3202, 840.3886, 941.4363, 1055.4793, 1126.5164, 1240.5593, 1353.6434, 1454.691, 1567.7751], 'y': [147.1128, 260.1969, 361.2445, 474.3286, 588.3715, 659.4086, 773.4516, 874.4993, 1021.5677, 1108.5997, 1236.6583, 1364.7169, 1511.7853, 1612.8329], 'c': [119.0815, 220.1291, 367.1975, 495.2561, 623.3147, 710.3467, 857.4151, 958.4628, 1072.5058, 1143.5429, 1257.5858, 1370.6699, 1471.7175, 1584.8016], 'z': [112.0757, 225.1598, 326.2075, 439.2915, 553.3345, 624.3716, 738.4145, 839.4622, 986.5306, 1073.5626, 1201.6212, 1329.6798, 1476.7482, 1577.7959], 'Y': {'Y0': 1713.8806, 'Y1': 1916.96, 'Y2': 2120.0394, 'Y3': 2282.0922, 'Y4': 2444.145, 'Y5': 2606.1978}, '2Y': {'2Y0': 856.9403, '2Y1': 958.48, '2Y2': 1060.0197, '2Y3': 1141.0461, '2Y4': 1222.0725, '2Y5': 1303.0989}, 'B': {'B_HexNAc_1': 204.0867, 'B_HexNAc_2': 407.1661, 'B_Hex_1': 569.2189, 'B_Hex_2': 731.2717, 'B_Hex_3': 893.3245}, 'oxonium': {'ox_HexNAc': 204.0867, 'ox_Hex': 163.0601}}"
sp|D2W6T1|TET1_NAEGR,283.0,G22768VO,HexNAc(2)Hex(3),HVVANITSGWR,279.0,289.0,11.0,NIT,2455.074848,1238.6519850000002,1216.422863,0.06364,11.04,1228.5447000000001,"{'b': [138.0662, 237.1346, 336.203, 407.2401, 521.283, 634.3671, 735.4148, 822.4468, 879.4683, 1065.5476], 'y': [175.119, 361.1983, 418.2197, 505.2518, 606.2994, 719.3835, 833.4264, 904.4635, 1003.5319, 1102.6004], 'c': [155.0927, 254.1611, 353.2295, 424.2666, 538.3095, 651.3936, 752.4413, 839.4733, 896.4948, 1082.5741], 'z': [140.0819, 326.1612, 383.1827, 470.2147, 571.2624, 684.3464, 798.3894, 869.4265, 968.4949, 1067.5633], 'Y': {'Y0': 1239.6593, 'Y1': 1442.7387, 'Y2': 1645.8181, 'Y3': 1807.8709, 'Y4': 1969.9237, 'Y5': 2131.9765}, '2Y': {'2Y0': 619.8296, '2Y1': 721.3693, '2Y2': 822.909, '2Y3': 903.9354, '2Y4': 984.9618, '2Y5': 1065.9882}, 'B': {'B_HexNAc_1': 204.0867, 'B_HexNAc_2': 407.1661, 'B_Hex_1': 569.2189, 'B_Hex_2': 731.2717, 'B_Hex_3': 893.3245}, 'oxonium': {'ox_HexNAc': 204.0867, 'ox_Hex': 163.0601}}"
sp|D2VRR7|GUF1_NAEGR,67.0,G22768VO,HexNAc(2)Hex(3),NYSVLPTNAK,67.0,76.0,10.0,NYS,2321.999628,1105.576765,1216.422863,-0.55,9.71,1162.00709,"{'b': [115.0502, 278.1135, 365.1456, 464.214, 577.298, 674.3508, 775.3985, 889.4414, 960.4785], 'y': [147.1128, 218.1499, 332.1928, 433.2405, 530.2933, 643.3773, 742.4458, 829.4778, 992.5411], 'c': [132.0767, 295.14, 382.1721, 481.2405, 594.3245, 691.3773, 792.425, 906.4679, 977.505], 'z': [112.0757, 183.1128, 297.1558, 398.2035, 495.2562, 608.3403, 707.4087, 794.4407, 957.504], 'Y': {'Y0': 1106.584, 'Y1': 1309.6634, 'Y2': 1512.7428, 'Y3': 1674.7956, 'Y4': 1836.8484, 'Y5': 1998.9012}, '2Y': {'2Y0': 553.292, '2Y1': 654.8317, '2Y2': 756.3714, '2Y3': 837.3978, '2Y4': 918.4242, '2Y5': 999.4506}, 'B': {'B_HexNAc_1': 204.0867, 'B_HexNAc_2': 407.1661, 'B_Hex_1': 569.2189, 'B_Hex_2': 731.2717, 'B_Hex_3': 893.3245}, 'oxonium': {'ox_HexNAc': 204.0867, 'ox_Hex': 163.0601}}"
sp|D2VRR7|GUF1_NAEGR,98.0,G22768VO,HexNAc(2)Hex(3),NFCIIAHIDHGK,98.0,109.0,12.0,NFC,2583.104428,1366.681565,1216.422863,0.24167,7.24,1292.55949,"{'b': [115.0502, 262.1186, 365.1278, 478.2119, 591.2959, 662.333, 799.3919, 912.476, 1027.5029, 1164.5619, 1221.5833], 'y': [147.1128, 204.1343, 341.1932, 456.2201, 569.3042, 706.3631, 777.4002, 890.4843, 1003.5683, 1106.5775, 1253.6459], 'c': [132.0767, 279.1451, 382.1543, 495.2384, 608.3224, 679.3595, 816.4184, 929.5025, 1044.5294, 1181.5884, 1238.6098], 'z': [112.0757, 169.0972, 306.1561, 421.183, 534.2671, 671.326, 742.3631, 855.4472, 968.5312, 1071.5404, 1218.6088], 'Y': {'Y0': 1367.6888, 'Y1': 1570.7682, 'Y2': 1773.8476, 'Y3': 1935.9004, 'Y4': 2097.9532, 'Y5': 2260.006}, '2Y': {'2Y0': 683.8444, '2Y1': 785.3841, '2Y2': 886.9238, '2Y3': 967.9502, '2Y4': 1048.9766, '2Y5': 1130.003}, 'B': {'B_HexNAc_1': 204.0867, 'B_HexNAc_2': 407.1661, 'B_Hex_1': 569.2189, 'B_Hex_2': 731.2717, 'B_Hex_3': 893.3245}, 'oxonium': {'ox_HexNAc': 204.0867, 'ox_Hex': 163.0601}}"
sp|D2VRR7|GUF1_NAEGR,664.0,G22768VO,HexNAc(2)Hex(3),NVTAK,664.0,668.0,5.0,NVT,1747.724518,531.301655,1216.422863,-0.42,10.07,874.869535,"{'b': [115.0502, 214.1186, 315.1663, 386.2034], 'y': [147.1128, 218.1499, 319.1976, 418.266], 'c': [132.0767, 231.1451, 332.1928, 403.2299], 'z': [112.0757, 183.1128, 284.1605, 383.2289], 'Y': {'Y0': 532.3089, 'Y1': 735.3883, 'Y2': 938.4677, 'Y3': 1100.5205, 'Y4': 1262.5733, 'Y5': 1424.6261}, '2Y': {'2Y0': 266.1545, '2Y1': 367.6942, '2Y2': 469.2339, '2Y3': 550.2603, '2Y4': 631.2867, '2Y5': 712.3131}, 'B': {'B_HexNAc_1': 204.0867, 'B_HexNAc_2': 407.1661, 'B_Hex_1': 569.2189, 'B_Hex_2': 731.2717, 'B_Hex_3': 893.3245}, 'oxonium': {'ox_HexNAc': 204.0867, 'ox_Hex': 163.0601}}"
sp|D2V9W6|GATB_NAEGR,181.0,G22768VO,HexNAc(2)Hex(3),AGNPLMEIITYPDLNSSLEAELFVK,167.0,191.0,25.0,NSS,3979.8268980000003,2763.404035,1216.422863,0.184,3.61,1990.9207250000002,"{'b': [72.0444, 129.0658, 243.1088, 340.1615, 453.2456, 584.2861, 713.3287, 826.4127, 939.4968, 1040.5445, 1203.6078, 1300.6606, 1415.6875, 1528.7716, 1642.8145, 1729.8465, 1816.8786, 1929.9626, 2059.0052, 2130.0423, 2259.0849, 2372.169, 2519.2374, 2618.3058], 'y': [147.1128, 246.1812, 393.2496, 506.3337, 635.3763, 706.4134, 835.456, 948.54, 1035.5721, 1122.6041, 1236.647, 1349.7311, 1464.758, 1561.8108, 1724.8741, 1825.9218, 1939.0059, 2052.0899, 2181.1325, 2312.173, 2425.2571, 2522.3098, 2636.3527, 2693.3742], 'c': [89.0709, 146.0923, 260.1353, 357.188, 470.2721, 601.3126, 730.3552, 843.4392, 956.5233, 1057.571, 1220.6343, 1317.6871, 1432.714, 1545.7981, 1659.841, 1746.873, 1833.9051, 1946.9891, 2076.0317, 2147.0688, 2276.1114, 2389.1955, 2536.2639, 2635.3323], 'z': [112.0757, 211.1441, 358.2126, 471.2966, 600.3392, 671.3763, 800.4189, 913.503, 1000.535, 1087.567, 1201.61, 1314.694, 1429.721, 1526.7737, 1689.837, 1790.8847, 1903.9688, 2017.0528, 2146.0954, 2277.1359, 2390.22, 2487.2727, 2601.3157, 2658.3371], 'Y': {'Y0': 2764.4113, 'Y1': 2967.4907, 'Y2': 3170.5701, 'Y3': 3332.6229, 'Y4': 3494.6757, 'Y5': 3656.7285}, '2Y': {'2Y0': 1382.2057, '2Y1': 1483.7454, '2Y2': 1585.2851, '2Y3': 1666.3115, '2Y4': 1747.3379, '2Y5': 1828.3643}, 'B': {'B_HexNAc_1': 204.0867, 'B_HexNAc_2': 407.1661, 'B_Hex_1': 569.2189, 'B_Hex_2': 731.2717, 'B_Hex_3': 893.3245}, 'oxonium': {'ox_HexNAc': 204.0867, 'ox_Hex': 163.0601}}"
sp|D2V9W6|GATB_NAEGR,217.0,G22768VO,HexNAc(2)Hex(3),CDVNVSVYNASAGDHPLSGTR,214.0,234.0,21.0,NVS,3377.408668,2160.985805,1216.422863,-0.28571,4.99,1689.71161,"{'b': [104.0165, 219.0434, 318.1118, 432.1547, 531.2232, 618.2552, 717.3236, 880.3869, 994.4299, 1065.467, 1152.499, 1223.5361, 1280.5576, 1395.5845, 1532.6434, 1629.6962, 1742.7802, 1829.8123, 1886.8337, 1987.8814], 'y': [175.119, 276.1666, 333.1881, 420.2201, 533.3042, 630.3569, 767.4159, 882.4428, 939.4643, 1010.5014, 1097.5334, 1168.5705, 1282.6134, 1445.6768, 1544.7452, 1631.7772, 1730.8456, 1844.8885, 1943.957, 2058.9839], 'c': [121.043, 236.0699, 335.1383, 449.1812, 548.2497, 635.2817, 734.3501, 897.4134, 1011.4564, 1082.4935, 1169.5255, 1240.5626, 1297.5841, 1412.611, 1549.6699, 1646.7227, 1759.8067, 1846.8388, 1903.8602, 2004.9079], 'z': [140.0819, 241.1296, 298.151, 385.1831, 498.2671, 595.3199, 732.3788, 847.4057, 904.4272, 975.4643, 1062.4963, 1133.5334, 1247.5764, 1410.6397, 1509.7081, 1596.7401, 1695.8085, 1809.8515, 1908.9199, 2023.9468], 'Y': {'Y0': 2161.9931, 'Y1': 2365.0725, 'Y2': 2568.1519, 'Y3': 2730.2047, 'Y4': 2892.2575, 'Y5': 3054.3103}, '2Y': {'2Y0': 1080.9965, '2Y1': 1182.5362, '2Y2': 1284.0759, '2Y3': 1365.1023, '2Y4': 1446.1287, '2Y5': 1527.1551}, 'B': {'B_HexNAc_1': 204.0867, 'B_HexNAc_2': 407.1661, 'B_Hex_1': 569.2189, 'B_Hex_2': 731.2717, 'B_Hex_3': 893.3245}, 'oxonium': {'ox_HexNAc': 204.0867, 'ox_Hex': 163.0601}}"
sp|D2V9W6|GATB_NAEGR,222.0,G22768VO,HexNAc(2)Hex(3),CDVNVSVYNASAGDHPLSGTR,214.0,234.0,21.0,NAS,3377.408668,2160.985805,1216.422863,-0.28571,4.99,1689.71161,"{'b': [104.0165, 219.0434, 318.1118, 432.1547, 531.2232, 618.2552, 717.3236, 880.3869, 994.4299, 1065.467, 1152.499, 1223.5361, 1280.5576, 1395.5845, 1532.6434, 1629.6962, 1742.7802, 1829.8123, 1886.8337, 1987.8814], 'y': [175.119, 276.1666, 333.1881, 420.2201, 533.3042, 630.3569, 767.4159, 882.4428, 939.4643, 1010.5014, 1097.5334, 1168.5705, 1282.6134, 1445.6768, 1544.7452, 1631.7772, 1730.8456, 1844.8885, 1943.957, 2058.9839], 'c': [121.043, 236.0699, 335.1383, 449.1812, 548.2497, 635.2817, 734.3501, 897.4134, 1011.4564, 1082.4935, 1169.5255, 1240.5626, 1297.5841, 1412.611, 1549.6699, 1646.7227, 1759.8067, 1846.8388, 1903.8602, 2004.9079], 'z': [140.0819, 241.1296, 298.151, 385.1831, 498.2671, 595.3199, 732.3788, 847.4057, 904.4272, 975.4643, 1062.4963, 1133.5334, 1247.5764, 1410.6397, 1509.7081, 1596.7401, 1695.8085, 1809.8515, 1908.9199, 2023.9468], 'Y': {'Y0': 2161.9931, 'Y1': 2365.0725, 'Y2': 2568.1519, 'Y3': 2730.2047, 'Y4': 2892.2575, 'Y5': 3054.3103}, '2Y': {'2Y0': 1080.9965, '2Y1': 1182.5362, '2Y2': 1284.0759, '2Y3': 1365.1023, '2Y4': 1446.1287, '2Y5': 1527.1551}, 'B': {'B_HexNAc_1': 204.0867, 'B_HexNAc_2': 407.1661, 'B_Hex_1': 569.2189, 'B_Hex_2': 731.2717, 'B_Hex_3': 893.3245}, 'oxonium': {'ox_HexNAc': 204.0867, 'ox_Hex': 163.0601}}"
sp|D2V9W6|GATB_NAEGR,239.0,G22768VO,HexNAc(2)Hex(3),NISSANNIPR,239.0,248.0,10.0,NIS,2300.9853780000003,1084.562515,1216.422863,-0.74,11.04,1151.4999650000002,"{'b': [115.0502, 228.1343, 315.1663, 402.1983, 473.2354, 587.2784, 701.3213, 814.4054, 911.4581], 'y': [175.119, 272.1717, 385.2558, 499.2987, 613.3416, 684.3787, 771.4108, 858.4428, 971.5269], 'c': [132.0767, 245.1608, 332.1928, 419.2248, 490.2619, 604.3049, 718.3478, 831.4319, 928.4846], 'z': [140.0819, 237.1346, 350.2187, 464.2616, 578.3046, 649.3417, 736.3737, 823.4057, 936.4898], 'Y': {'Y0': 1085.5698, 'Y1': 1288.6492, 'Y2': 1491.7286, 'Y3': 1653.7814, 'Y4': 1815.8342, 'Y5': 1977.887}, '2Y': {'2Y0': 542.7849, '2Y1': 644.3246, '2Y2': 745.8643, '2Y3': 826.8907, '2Y4': 907.9171, '2Y5': 988.9435}, 'B': {'B_HexNAc_1': 204.0867, 'B_HexNAc_2': 407.1661, 'B_Hex_1': 569.2189, 'B_Hex_2': 731.2717, 'B_Hex_3': 893.3245}, 'oxonium': {'ox_HexNAc': 204.0867, 'ox_Hex': 163.0601}}"
sp|D2V9W6|GATB_NAEGR,492.0,G22768VO,HexNAc(2)Hex(3),GNASPSLVNQILR,491.0,503.0,13.0,NAS,2584.1749579999996,1367.7520949999998,1216.422863,-0.03846,11.04,1293.0947549999999,"{'b': [58.0287, 172.0717, 243.1088, 330.1408, 427.1936, 514.2256, 627.3097, 726.3781, 840.421, 968.4796, 1081.5636, 1194.6477], 'y': [175.119, 288.203, 401.2871, 529.3457, 643.3886, 742.457, 855.5411, 942.5731, 1039.6258, 1126.6579, 1197.695, 1311.7379], 'c': [75.0552, 189.0982, 260.1353, 347.1673, 444.2201, 531.2521, 644.3362, 743.4046, 857.4475, 985.5061, 1098.5901, 1211.6742], 'z': [140.0819, 253.1659, 366.25, 494.3086, 608.3515, 707.4199, 820.504, 907.536, 1004.5888, 1091.6208, 1162.6579, 1276.7008], 'Y': {'Y0': 1368.7594, 'Y1': 1571.8388, 'Y2': 1774.9182, 'Y3': 1936.971, 'Y4': 2099.0238, 'Y5': 2261.0766}, '2Y': {'2Y0': 684.3797, '2Y1': 785.9194, '2Y2': 887.4591, '2Y3': 968.4855, '2Y4': 1049.5119, '2Y5': 1130.5383}, 'B': {'B_HexNAc_1': 204.0867, 'B_HexNAc_2': 407.1661, 'B_Hex_1': 569.2189, 'B_Hex_2': 731.2717, 'B_Hex_3': 893.3245}, 'oxonium': {'ox_HexNAc': 204.0867, 'ox_Hex': 163.0601}}"
sp|D2VN51|MTNB_NAEGR,17.0,G22768VO,HexNAc(2)Hex(3),VFDHTQLNDTHTPQQVIVELMK,10.0,31.0,22.0,NDT,3808.7234579999995,2592.3005949999997,1216.422863,-0.41364,5.07,1905.3690049999998,"{'b': [100.0757, 247.1441, 362.171, 499.2299, 600.2776, 728.3362, 841.4203, 955.4632, 1070.4901, 1171.5378, 1308.5967, 1409.6444, 1506.6972, 1634.7557, 1762.8143, 1861.8827, 1974.9668, 2074.0352, 2203.0778, 2316.1619, 2447.2023], 'y': [147.1128, 278.1533, 391.2374, 520.2799, 619.3484, 732.4324, 831.5008, 959.5594, 1087.618, 1184.6707, 1285.7184, 1422.7773, 1523.825, 1638.852, 1752.8949, 1865.9789, 1994.0375, 2095.0852, 2232.1441, 2347.1711, 2494.2395], 'c': [117.1022, 264.1706, 379.1975, 516.2564, 617.3041, 745.3627, 858.4468, 972.4897, 1087.5166, 1188.5643, 1325.6232, 1426.6709, 1523.7237, 1651.7822, 1779.8408, 1878.9092, 1991.9933, 2091.0617, 2220.1043, 2333.1884, 2464.2288], 'z': [112.0757, 243.1162, 356.2003, 485.2429, 584.3113, 697.3953, 796.4638, 924.5223, 1052.5809, 1149.6337, 1250.6814, 1387.7403, 1488.7879, 1603.8149, 1717.8578, 1830.9419, 1959.0005, 2060.0481, 2197.107, 2312.134, 2459.2024], 'Y': {'Y0': 2593.3079, 'Y1': 2796.3873, 'Y2': 2999.4667, 'Y3': 3161.5195, 'Y4': 3323.5723, 'Y5': 3485.6251}, '2Y': {'2Y0': 1296.6539, '2Y1': 1398.1936, '2Y2': 1499.7333, '2Y3': 1580.7597, '2Y4': 1661.7861, '2Y5': 1742.8125}, 'B': {'B_HexNAc_1': 204.0867, 'B_HexNAc_2': 407.1661, 'B_Hex_1': 569.2189, 'B_Hex_2': 731.2717, 'B_Hex_3': 893.3245}, 'oxonium': {'ox_HexNAc': 204.0867, 'ox_Hex': 163.0601}}"
