ProteinID,Site,GlyToucan_AC,Composition,Peptide,Start,End,Length,Sequon,GlycopeptideMass,PeptideMass,GlycanMass,Hydrophobicity,pI,Protease,GlycosylationType,MissedCleavages,GeneName,z2,IonSeries
sp|P14260|HBB_CAIMO,48.0,G62765YT,HexNAc(2)Hex(8),FFASFGNLSSPTAILGNPMVR,42.0,62.0,21.0,NLS,3927.711608,2225.130275,1702.581333,0.55238,11.04,,,,HBB,1964.86308,"{'b': [148.0757, 295.1441, 366.1812, 453.2132, 600.2816, 657.3031, 771.346, 884.4301, 971.4621, 1058.4942, 1155.5469, 1256.5946, 1327.6317, 1440.7158, 1553.7998, 1610.8213, 1724.8642, 1821.917, 1952.9575, 2052.0259], 'y': [2079.0691, 1932.0007, 1860.9636, 1773.9316, 1626.8632, 1569.8417, 1455.7988, 1342.7147, 1255.6827, 1168.6507, 1071.5979, 970.5502, 899.5131, 786.4291, 673.345, 616.3235, 502.2806, 405.2279, 274.1874, 175.119], 'Y': {'Y0': 2226.1376, 'Y1': 2429.217, 'Y2': 2632.2964}}"
sp|P84230|H32_CAIMO,109.0,G62765YT,HexNAc(2)Hex(8),FQSSAVMALQEASEAYLVGLFEDTNLCAIHAK,85.0,116.0,32.0,NLC,5158.255408000001,3455.6740750000013,1702.581333,0.39063,4.11,,,,,2580.1349800000003,"{'b': [148.0757, 276.1343, 363.1663, 450.1983, 521.2354, 620.3038, 751.3443, 822.3814, 935.4655, 1063.5241, 1192.5667, 1263.6038, 1350.6358, 1479.6784, 1550.7155, 1713.7788, 1826.8629, 1925.9313, 1982.9528, 2096.0368, 2243.1052, 2372.1478, 2487.1748, 2588.2225, 2702.2654, 2815.3494, 2918.3586, 2989.3957, 3102.4798, 3239.5387, 3310.5758], 'y': [3309.6129, 3181.5544, 3094.5223, 3007.4903, 2936.4532, 2837.3848, 2706.3443, 2635.3072, 2522.2231, 2394.1645, 2265.122, 2194.0848, 2107.0528, 1978.0102, 1906.9731, 1743.9098, 1630.8257, 1531.7573, 1474.7359, 1361.6518, 1214.5834, 1085.5408, 970.5139, 869.4662, 755.4232, 642.3392, 539.33, 468.2929, 355.2088, 218.1499, 147.1128], 'Y': {'Y0': 3456.6814, 'Y1': 3659.7608, 'Y2': 3862.8402}}"
sp|P02003|HBAD_CAIMO,75.0,G62765YT,HexNAc(2)Hex(8),SLDNLSQALSELSNLHAYNLR,72.0,92.0,21.0,NLS,4059.778848,2357.197515,1702.581333,-0.32381,5.19,,,,HBAD,2030.8967,"{'b': [88.0393, 201.1234, 316.1503, 430.1932, 543.2773, 630.3093, 758.3679, 829.405, 942.4891, 1029.5211, 1158.5637, 1271.6478, 1358.6798, 1472.7227, 1585.8068, 1722.8657, 1793.9028, 1956.9661, 2071.0091, 2184.0931], 'y': [2271.1728, 2158.0887, 2043.0618, 1929.0188, 1815.9348, 1728.9027, 1600.8442, 1529.8071, 1416.723, 1329.691, 1200.6484, 1087.5643, 1000.5323, 886.4894, 773.4053, 636.3464, 565.3093, 402.2459, 288.203, 175.119], 'Y': {'Y0': 2358.2048, 'Y1': 2561.2842, 'Y2': 2764.3636}}"
sp|P06902|H3C_CAIMO,109.0,G62765YT,HexNAc(2)Hex(8),FQSSAVMALQEASEAYLVGLFEDTNLCAIHAK,85.0,116.0,32.0,NLC,5158.255408000001,3455.6740750000013,1702.581333,0.39063,4.11,,,,H3-5,2580.1349800000003,"{'b': [148.0757, 276.1343, 363.1663, 450.1983, 521.2354, 620.3038, 751.3443, 822.3814, 935.4655, 1063.5241, 1192.5667, 1263.6038, 1350.6358, 1479.6784, 1550.7155, 1713.7788, 1826.8629, 1925.9313, 1982.9528, 2096.0368, 2243.1052, 2372.1478, 2487.1748, 2588.2225, 2702.2654, 2815.3494, 2918.3586, 2989.3957, 3102.4798, 3239.5387, 3310.5758], 'y': [3309.6129, 3181.5544, 3094.5223, 3007.4903, 2936.4532, 2837.3848, 2706.3443, 2635.3072, 2522.2231, 2394.1645, 2265.122, 2194.0848, 2107.0528, 1978.0102, 1906.9731, 1743.9098, 1630.8257, 1531.7573, 1474.7359, 1361.6518, 1214.5834, 1085.5408, 970.5139, 869.4662, 755.4232, 642.3392, 539.33, 468.2929, 355.2088, 218.1499, 147.1128], 'Y': {'Y0': 3456.6814, 'Y1': 3659.7608, 'Y2': 3862.8402}}"
sp|P14261|HBE_CAIMO,48.0,G62765YT,HexNAc(2)Hex(8),FFSSFGNLSSPTAIIGNPK,42.0,60.0,19.0,NLS,3685.5914779999994,1983.0101449999995,1702.581333,0.22105,10.07,,,,HBE,1843.8030149999997,"{'b': [148.0757, 295.1441, 382.1761, 469.2082, 616.2766, 673.298, 787.341, 900.425, 987.457, 1074.4891, 1171.5418, 1272.5895, 1343.6266, 1456.7107, 1569.7947, 1626.8162, 1740.8591, 1837.9119], 'y': [1836.949, 1689.8806, 1602.8486, 1515.8165, 1368.7481, 1311.7267, 1197.6837, 1084.5997, 997.5677, 910.5356, 813.4829, 712.4352, 641.3981, 528.314, 415.23, 358.2085, 244.1656, 147.1128], 'Y': {'Y0': 1984.0174, 'Y1': 2187.0968, 'Y2': 2390.1762}}"
sp|P68305|THB_CAIMO,67.0,G62765YT,HexNAc(2)Hex(8),NQCQECR,67.0,73.0,7.0,NQC,2581.914068,879.332735,1702.581333,-1.92857,6.06,,,,THRB,1291.96431,"{'b': [115.0502, 243.1088, 346.118, 474.1766, 603.2191, 706.2283], 'y': [766.2971, 638.2385, 535.2293, 407.1707, 278.1281, 175.119], 'Y': {'Y0': 880.34, 'Y1': 1083.4194, 'Y2': 1286.4988}}"
sp|Q7ZTV5|FSHR_CAIMO,47.0,G62765YT,HexNAc(2)Hex(8),DIPTNATELR,43.0,52.0,10.0,NAT,2831.158818,1128.577485,1702.581333,-0.79,3.97,,,,FSHR,1416.586685,"{'b': [116.0342, 229.1183, 326.171, 427.2187, 541.2616, 612.2988, 713.3464, 842.389, 955.4731], 'y': [1014.5578, 901.4738, 804.421, 703.3733, 589.3304, 518.2933, 417.2456, 288.203, 175.119], 'Y': {'Y0': 1129.5848, 'Y1': 1332.6642, 'Y2': 1535.7436}}"
sp|Q7ZTV5|FSHR_CAIMO,191.0,G62765YT,HexNAc(2)Hex(8),NGIQEIENHAFNGTYLDELNLSDNQNLEK,180.0,208.0,29.0,NGT,5034.140588,3331.559255,1702.581333,-1.06552,3.74,,,,FSHR,2518.07757,"{'b': [115.0502, 172.0717, 285.1557, 413.2143, 542.2569, 655.341, 784.3835, 898.4265, 1035.4854, 1106.5225, 1253.5909, 1367.6338, 1424.6553, 1525.703, 1688.7663, 1801.8504, 1916.8773, 2045.9199, 2159.004, 2273.0469, 2386.1309, 2473.163, 2588.1899, 2702.2328, 2830.2914, 2944.3344, 3057.4184, 3186.461], 'y': [3218.5236, 3161.5021, 3048.4181, 2920.3595, 2791.3169, 2678.2329, 2549.1903, 2435.1473, 2298.0884, 2227.0513, 2079.9829, 1965.94, 1908.9185, 1807.8708, 1644.8075, 1531.7234, 1416.6965, 1287.6539, 1174.5699, 1060.5269, 947.4429, 860.4108, 745.3839, 631.341, 503.2824, 389.2395, 276.1554, 147.1128], 'Y': {'Y0': 3332.5665, 'Y1': 3535.6459, 'Y2': 3738.7253}}"
sp|Q7ZTV5|FSHR_CAIMO,199.0,G62765YT,HexNAc(2)Hex(8),NGIQEIENHAFNGTYLDELNLSDNQNLEK,180.0,208.0,29.0,NLS,5034.140588,3331.559255,1702.581333,-1.06552,3.74,,,,FSHR,2518.07757,"{'b': [115.0502, 172.0717, 285.1557, 413.2143, 542.2569, 655.341, 784.3835, 898.4265, 1035.4854, 1106.5225, 1253.5909, 1367.6338, 1424.6553, 1525.703, 1688.7663, 1801.8504, 1916.8773, 2045.9199, 2159.004, 2273.0469, 2386.1309, 2473.163, 2588.1899, 2702.2328, 2830.2914, 2944.3344, 3057.4184, 3186.461], 'y': [3218.5236, 3161.5021, 3048.4181, 2920.3595, 2791.3169, 2678.2329, 2549.1903, 2435.1473, 2298.0884, 2227.0513, 2079.9829, 1965.94, 1908.9185, 1807.8708, 1644.8075, 1531.7234, 1416.6965, 1287.6539, 1174.5699, 1060.5269, 947.4429, 860.4108, 745.3839, 631.341, 503.2824, 389.2395, 276.1554, 147.1128], 'Y': {'Y0': 3332.5665, 'Y1': 3535.6459, 'Y2': 3738.7253}}"
sp|Q7ZTV5|FSHR_CAIMO,268.0,G62765YT,HexNAc(2)Hex(8),SLIEANFTYPSHCCAFTNWK,263.0,282.0,20.0,NFT,4033.626578,2331.045245,1702.581333,-0.095,6.93,,,,FSHR,2017.820565,"{'b': [88.0393, 201.1234, 314.2074, 443.25, 514.2871, 628.3301, 775.3985, 876.4461, 1039.5095, 1136.5622, 1223.5943, 1360.6532, 1463.6624, 1566.6716, 1637.7087, 1784.7771, 1885.8248, 1999.8677, 2185.947], 'y': [2245.0205, 2131.9364, 2018.8524, 1889.8098, 1818.7727, 1704.7297, 1557.6613, 1456.6137, 1293.5503, 1196.4976, 1109.4655, 972.4066, 869.3974, 766.3882, 695.3511, 548.2827, 447.235, 333.1921, 147.1128], 'Y': {'Y0': 2332.0525, 'Y1': 2535.1319, 'Y2': 2738.2113}}"
sp|Q7ZTV5|FSHR_CAIMO,618.0,G62765YT,HexNAc(2)Hex(8),ILLVLFYPINSCANPFLYAIFTK,609.0,631.0,23.0,NSC,4362.030078000001,2659.4487450000006,1702.581333,1.26957,8.73,,,,FSHR,2182.022315,"{'b': [114.0913, 227.1754, 340.2595, 439.3279, 552.4119, 699.4803, 862.5437, 959.5964, 1072.6805, 1186.7234, 1273.7554, 1376.7646, 1447.8017, 1561.8447, 1658.8974, 1805.9658, 1919.0499, 2082.1132, 2153.1503, 2266.2344, 2413.3028, 2514.3505], 'y': [2547.372, 2434.2879, 2321.2038, 2222.1354, 2109.0514, 1961.983, 1798.9196, 1701.8669, 1588.7828, 1474.7399, 1387.7079, 1284.6987, 1213.6616, 1099.6186, 1002.5659, 855.4975, 742.4134, 579.3501, 508.313, 395.2289, 248.1605, 147.1128], 'Y': {'Y0': 2660.456, 'Y1': 2863.5354, 'Y2': 3066.6148}}"
sp|Q90382|THA_CAIMO,102.0,G62765YT,HexNAc(2)Hex(8),NQCQLCR,102.0,108.0,7.0,NQC,2565.955538,863.3742050000001,1702.581333,-0.88571,8.15,,,,THRA,1283.9850450000001,"{'b': [115.0502, 243.1088, 346.118, 474.1766, 587.2606, 690.2698], 'y': [750.3386, 622.28, 519.2708, 391.2122, 278.1281, 175.119], 'Y': {'Y0': 864.3815, 'Y1': 1067.4609, 'Y2': 1270.5403}}"
sp|P50666|COX2_CAIMO,3.0,G62765YT,HexNAc(2)Hex(8),MANHSQLGFQDASSPIMEELVEFHDHALIVALAICSLVLYLLAHMLMEK,1.0,49.0,49.0,NHS,7180.317078000003,5477.735745000003,1702.581333,0.6551,4.71,,,,MT-CO2,3591.165815000001,"{'b': [132.0478, 203.0849, 317.1278, 454.1867, 541.2187, 669.2773, 782.3614, 839.3828, 986.4513, 1114.5098, 1229.5368, 1300.5739, 1387.6059, 1474.6379, 1571.6907, 1684.7748, 1815.8153, 1944.8578, 2073.9004, 2186.9845, 2286.0529, 2415.0955, 2562.1639, 2699.2228, 2814.2498, 2951.3087, 3022.3458, 3135.4298, 3248.5139, 3347.5823, 3418.6194, 3531.7035, 3602.7406, 3715.8246, 3818.8338, 3905.8659, 4018.9499, 4118.0183, 4231.1024, 4394.1657, 4507.2498, 4620.3338, 4691.371, 4828.4299, 4959.4704, 5072.5544, 5203.5949, 5332.6375], 'y': [5347.7025, 5276.6654, 5162.6225, 5025.5636, 4938.5316, 4810.473, 4697.3889, 4640.3675, 4493.299, 4365.2405, 4250.2135, 4179.1764, 4092.1444, 4005.1124, 3908.0596, 3794.9755, 3663.935, 3534.8925, 3405.8499, 3292.7658, 3193.6974, 3064.6548, 2917.5864, 2780.5275, 2665.5005, 2528.4416, 2457.4045, 2344.3205, 2231.2364, 2132.168, 2061.1309, 1948.0468, 1877.0097, 1763.9257, 1660.9165, 1573.8844, 1460.8004, 1361.732, 1248.6479, 1085.5846, 972.5005, 859.4165, 788.3793, 651.3204, 520.2799, 407.1959, 276.1554, 147.1128], 'Y': {'Y0': 5478.743, 'Y1': 5681.8224, 'Y2': 5884.9018}}"
sp|P50666|COX2_CAIMO,179.0,G62765YT,HexNAc(2)Hex(8),LNQTSFIATRPGVFYGQCSEICGANHSYMPIVVESTPLPYFETWSSLLSAS,178.0,228.0,51.0,NQT,7300.243468000001,5597.6621350000005,1702.581333,0.16078,4.54,,,,MT-CO2,3651.12901,"{'b': [114.0913, 228.1343, 356.1928, 457.2405, 544.2726, 691.341, 804.425, 875.4621, 976.5098, 1132.6109, 1229.6637, 1286.6851, 1385.7536, 1532.822, 1695.8853, 1752.9068, 1880.9653, 1983.9745, 2071.0066, 2200.0491, 2313.1332, 2416.1424, 2473.1639, 2544.201, 2658.2439, 2795.3028, 2882.3348, 3045.3982, 3176.4387, 3273.4914, 3386.5755, 3485.6439, 3584.7123, 3713.7549, 3800.7869, 3901.8346, 3998.8874, 4111.9714, 4209.0242, 4372.0875, 4519.1559, 4648.1985, 4749.2462, 4935.3255, 5022.3575, 5109.3896, 5222.4736, 5335.5577, 5422.5897, 5493.6268], 'y': [5485.5854, 5371.5424, 5243.4838, 5142.4362, 5055.4041, 4908.3357, 4795.2517, 4724.2146, 4623.1669, 4467.0658, 4370.013, 4312.9915, 4213.9231, 4066.8547, 3903.7914, 3846.7699, 3718.7114, 3615.7022, 3528.6701, 3399.6275, 3286.5435, 3183.5343, 3126.5128, 3055.4757, 2941.4328, 2804.3739, 2717.3419, 2554.2785, 2423.238, 2326.1853, 2213.1012, 2114.0328, 2014.9644, 1885.9218, 1798.8898, 1697.8421, 1600.7893, 1487.7053, 1390.6525, 1227.5892, 1080.5208, 951.4782, 850.4305, 664.3512, 577.3192, 490.2871, 377.2031, 264.119, 177.087, 106.0499], 'Y': {'Y0': 5598.6694, 'Y1': 5801.7488, 'Y2': 6004.8282}}"
sp|P50666|COX2_CAIMO,202.0,G62765YT,HexNAc(2)Hex(8),LNQTSFIATRPGVFYGQCSEICGANHSYMPIVVESTPLPYFETWSSLLSAS,178.0,228.0,51.0,NHS,7300.243468000001,5597.6621350000005,1702.581333,0.16078,4.54,,,,MT-CO2,3651.12901,"{'b': [114.0913, 228.1343, 356.1928, 457.2405, 544.2726, 691.341, 804.425, 875.4621, 976.5098, 1132.6109, 1229.6637, 1286.6851, 1385.7536, 1532.822, 1695.8853, 1752.9068, 1880.9653, 1983.9745, 2071.0066, 2200.0491, 2313.1332, 2416.1424, 2473.1639, 2544.201, 2658.2439, 2795.3028, 2882.3348, 3045.3982, 3176.4387, 3273.4914, 3386.5755, 3485.6439, 3584.7123, 3713.7549, 3800.7869, 3901.8346, 3998.8874, 4111.9714, 4209.0242, 4372.0875, 4519.1559, 4648.1985, 4749.2462, 4935.3255, 5022.3575, 5109.3896, 5222.4736, 5335.5577, 5422.5897, 5493.6268], 'y': [5485.5854, 5371.5424, 5243.4838, 5142.4362, 5055.4041, 4908.3357, 4795.2517, 4724.2146, 4623.1669, 4467.0658, 4370.013, 4312.9915, 4213.9231, 4066.8547, 3903.7914, 3846.7699, 3718.7114, 3615.7022, 3528.6701, 3399.6275, 3286.5435, 3183.5343, 3126.5128, 3055.4757, 2941.4328, 2804.3739, 2717.3419, 2554.2785, 2423.238, 2326.1853, 2213.1012, 2114.0328, 2014.9644, 1885.9218, 1798.8898, 1697.8421, 1600.7893, 1487.7053, 1390.6525, 1227.5892, 1080.5208, 951.4782, 850.4305, 664.3512, 577.3192, 490.2871, 377.2031, 264.119, 177.087, 106.0499], 'Y': {'Y0': 5598.6694, 'Y1': 5801.7488, 'Y2': 6004.8282}}"
sp|P68243|INS_CAIMO,48.0,G62765YT,HexNAc(2)Hex(8),TGIVEQCCENPCSLYQLENYCN,30.0,51.0,22.0,NYC,4224.603558000001,2522.022225,1702.581333,-0.35455,3.01,,,,INS,2113.309055,"{'b': [102.055, 159.0764, 272.1605, 371.2289, 500.2715, 628.3301, 731.3392, 834.3484, 963.391, 1077.434, 1174.4867, 1277.4959, 1364.5279, 1477.612, 1640.6753, 1768.7339, 1881.818, 2010.8606, 2124.9035, 2287.9668, 2390.976], 'y': [2421.9818, 2364.9604, 2251.8763, 2152.8079, 2023.7653, 1895.7067, 1792.6975, 1689.6883, 1560.6458, 1446.6028, 1349.5501, 1246.5409, 1159.5088, 1046.4248, 883.3615, 755.3029, 642.2188, 513.1762, 399.1333, 236.07, 133.0608], 'Y': {'Y0': 2523.0295, 'Y1': 2726.1089, 'Y2': 2929.1883}}"
sp|P68495|MT_CAIMO,43.0,G62765YT,HexNAc(2)Hex(8),SCCSCCPAGCNNCAK,33.0,47.0,15.0,NNC,3165.040358,1462.459025,1702.581333,0.27333,7.48,,,,,1583.5274550000001,"{'b': [88.0393, 191.0485, 294.0577, 381.0897, 484.0989, 587.1081, 684.1609, 755.198, 812.2194, 915.2286, 1029.2715, 1143.3145, 1246.3237, 1317.3608], 'y': [1376.4343, 1273.4251, 1170.4159, 1083.3839, 980.3747, 877.3655, 780.3127, 709.2756, 652.2542, 549.245, 435.202, 321.1591, 218.1499, 147.1128], 'Y': {'Y0': 1463.4663, 'Y1': 1666.5457, 'Y2': 1869.6251}}"
sp|P83039|ICHY_CAIMO,39.0,G62765YT,HexNAc(2)Hex(8),RPVCGEMAELLACPLVNLPVCGTDGNTYANECLLCVQK,10.0,47.0,38.0,NEC,5738.4871680000015,4035.905835000001,1702.581333,0.37632,4.12,,,,,2870.2508600000006,"{'b': [157.1084, 254.1611, 353.2296, 456.2387, 513.2602, 642.3028, 773.3433, 844.3804, 973.423, 1086.507, 1199.5911, 1270.6282, 1373.6374, 1470.6902, 1583.7742, 1682.8426, 1796.8856, 1909.9696, 2007.0224, 2106.0908, 2209.1, 2266.1214, 2367.1691, 2482.1961, 2539.2175, 2653.2605, 2754.3081, 2917.3715, 2988.4086, 3102.4515, 3231.4941, 3334.5033, 3447.5873, 3560.6714, 3663.6806, 3762.749, 3890.8076], 'y': [3880.812, 3783.7592, 3684.6908, 3581.6816, 3524.6602, 3395.6176, 3264.5771, 3193.54, 3064.4974, 2951.4133, 2838.3293, 2767.2922, 2664.283, 2567.2302, 2454.1462, 2355.0778, 2241.0348, 2127.9508, 2030.898, 1931.8296, 1828.8204, 1771.7989, 1670.7513, 1555.7243, 1498.7029, 1384.6599, 1283.6123, 1120.5489, 1049.5118, 935.4689, 806.4263, 703.4171, 590.333, 477.249, 374.2398, 275.1714, 147.1128], 'Y': {'Y0': 4036.9131, 'Y1': 4239.9925, 'Y2': 4443.0719}}"
