ProteinID,Site,GlyToucan_AC,Composition,Peptide,Start,End,Length,Sequon,GlycopeptideMass,PeptideMass,GlycanMass,Hydrophobicity,pI,Protease,GlycosylationType,MissedCleavages,Species,TaxonID,GeneName,ProteinEvidence,SequenceVersion,z2
sp|A0A452E9Y6|PERL_CAPHI,106,G62765YT,HexNAc(2)Hex(8),DTTLTNVTDPSLDLTALSWEVGCGAPVPLVK,101,132,31,NVTD,4914.21357927818,3211.63224627818,1702.581333,0.2871,4.05,trypsin,N,0,Capra hircus,9925.0,LPO,1.0,1.0,2458.11406563909
sp|A0A452E9Y6|PERL_CAPHI,322,G62765YT,HexNAc(2)Hex(8),NLSSPLGLMAVNQEAWDHGLAYPPFNNVKPSPCEFINTTAHVPCFQAGDSR,322,373,51,NLSS,7242.19897293873,5539.61763993873,1702.581333,-0.28039,5.31,trypsin,N,0,Capra hircus,9925.0,LPO,1.0,1.0,3622.1067624693646
sp|A0A452E9Y6|PERL_CAPHI,358,G62765YT,HexNAc(2)Hex(8),NLSSPLGLMAVNQEAWDHGLAYPPFNNVKPSPCEFINTTAHVPCFQAGDSR,322,373,51,NTTA,7242.19897293873,5539.61763993873,1702.581333,-0.28039,5.31,trypsin,N,0,Capra hircus,9925.0,LPO,1.0,1.0,3622.1067624693646
sp|A0A452E9Y6|PERL_CAPHI,449,G62765YT,HexNAc(2)Hex(8),WIPPYQGYNNSVDPR,441,456,15,NNSV,3507.43461569516,1804.85328269516,1702.581333,-1.28667,5.83,trypsin,N,0,Capra hircus,9925.0,LPO,1.0,1.0,1754.72458384758
sp|A0A452G813|CSCL1_CAPHI,28,G62765YT,HexNAc(2)Hex(8),LGIGDQPNDSYCYNSAK,21,38,17,NDSY,3546.38601082023,1843.80467782023,1702.581333,-0.90588,4.21,trypsin,N,0,Capra hircus,9925.0,TMEM63A,1.0,2.0,1774.200281410115
sp|A0A452G813|CSCL1_CAPHI,38,G62765YT,HexNAc(2)Hex(8),NSTVLQGVTFGGIPTVLFIDVSCFLFLIVVFSIIR,38,73,35,NSTV,5516.69604592792,3814.11471292792,1702.581333,1.63143,5.83,trypsin,N,0,Capra hircus,9925.0,TMEM63A,1.0,2.0,2759.3552989639597
sp|A0A452G813|CSCL1_CAPHI,164,G62765YT,HexNAc(2)Hex(8),HIIFLLVVVSCLSLCIILPVNLSGDLLDK,144,173,29,NLSG,4851.382105687109,3148.8007726871097,1702.581333,1.75862,5.21,trypsin,N,0,Capra hircus,9925.0,TMEM63A,1.0,2.0,2426.6983288435545
sp|A0A452G813|CSCL1_CAPHI,367,G62765YT,HexNAc(2)Hex(8),DFNACK,365,371,6,NACK,2398.87144364508,696.2901106450801,1702.581333,-0.63333,5.83,trypsin,N,0,Capra hircus,9925.0,TMEM63A,1.0,2.0,1200.44299782254
sp|A0A452G813|CSCL1_CAPHI,409,G62765YT,HexNAc(2)Hex(8),NLSIQGFR,409,417,8,NLSI,2636.08454764581,933.50321464581,1702.581333,-0.2,9.75,trypsin,N,0,Capra hircus,9925.0,TMEM63A,1.0,2.0,1319.049549822905
sp|A0A452G813|CSCL1_CAPHI,449,G62765YT,HexNAc(2)Hex(8),FNVTKPIHALNDPIISQFFPTLLLWSFSALLPTIVCYSTLLESHWTK,448,495,47,NVTK,7103.447823676661,5400.866490676661,1702.581333,0.54043,6.91,trypsin,N,0,Capra hircus,9925.0,TMEM63A,1.0,2.0,3552.7311878383302
sp|A0A452G813|CSCL1_CAPHI,757,G62765YT,HexNAc(2)Hex(8),ILNSSSSEK,755,764,9,NSSS,2666.06862279815,963.48728979815,1702.581333,-0.64444,6.0,trypsin,N,0,Capra hircus,9925.0,TMEM63A,1.0,2.0,1334.041587399075
sp|A0A452G813|CSCL1_CAPHI,778,G62765YT,HexNAc(2)Hex(8),TALSPQQQTYGAINNISGTVAGQGLAQSPEDSVAAADQED,764,804,40,NISG,5704.4539732074,4001.8726402074,1702.581333,-0.4825,4.05,trypsin,N,0,Capra hircus,9925.0,TMEM63A,1.0,2.0,2853.2342626037
sp|I6VSD2|TM147_CAPHI,140,G62765YT,HexNAc(2)Hex(8),YIQMSIDSNISLVHYIVASAQVWMITR,132,159,27,NISL,4840.185531138881,3137.6041981388803,1702.581333,0.63704,6.74,trypsin,N,0,Capra hircus,9925.0,TMEM147,1.0,1.0,2421.1000415694402
sp|O02828|TAU_CAPHI,129,G62765YT,HexNAc(2)Hex(8),GQANATR,126,133,7,NATR,2418.93788341212,716.35655041212,1702.581333,-1.28571,9.75,trypsin,N,0,Capra hircus,9925.0,MAPT,2.0,3.0,1210.47621770606
sp|O02828|TAU_CAPHI,321,G62765YT,HexNAc(2)Hex(8),IGSLDNITHVPGGGNK,316,332,16,NITH,3280.39750191045,1577.81616891045,1702.581333,-0.33125,6.74,trypsin,N,0,Capra hircus,9925.0,MAPT,2.0,3.0,1641.206026955225
sp|O02828|TAU_CAPHI,372,G62765YT,HexNAc(2)Hex(8),HLSNVSSTGSIDMVDSPQLATLADEVSASLAK,369,401,32,NVSS,4945.178984674611,3242.5976516746105,1702.581333,0.13437,4.22,trypsin,N,0,Capra hircus,9925.0,MAPT,2.0,3.0,2473.596768337305
sp|P00712|LALBA_CAPHI,64,G62765YT,HexNAc(2)Hex(8),DYGGVSLPEWVCTAFHTSGYDTQAIVQNNDSTEYGLFQINNK,36,78,42,NDST,6383.71568427667,4681.13435127667,1702.581333,-0.50952,4.1,trypsin,N,0,Capra hircus,9925.0,LALBA,1.0,1.0,3192.8651181383348
sp|P00712|LALBA_CAPHI,90,G62765YT,HexNAc(2)Hex(8),NICNISCDK,90,99,9,NICN,2711.01818453176,1008.43685153176,1702.581333,-0.13333,5.82,trypsin,N,0,Capra hircus,9925.0,LALBA,1.0,1.0,1356.5163682658801
sp|P00712|LALBA_CAPHI,93,G62765YT,HexNAc(2)Hex(8),NICNISCDK,90,99,9,NISC,2711.01818453176,1008.43685153176,1702.581333,-0.13333,5.82,trypsin,N,0,Capra hircus,9925.0,LALBA,1.0,1.0,1356.5163682658801
sp|P13296|TNFA_CAPHI,96,G62765YT,HexNAc(2)Hex(8),SSSQASSNKPVAHVVANISAPGQLR,80,105,25,NISA,4206.89088014855,2504.30954714855,1702.581333,-0.236,11.0,trypsin,N,0,Capra hircus,9925.0,TNF,2.0,2.0,2104.452716074275
sp|P51457|IGF1_CAPHI,141,G62765YT,HexNAc(2)Hex(8),NTSR,141,145,4,NTSR,2178.81564302112,476.23431002112,1702.581333,-2.375,9.75,trypsin,N,0,Capra hircus,9925.0,IGF1,2.0,2.0,1090.4150975105601
sp|P52113|PRIO_CAPHI,184,G62765YT,HexNAc(2)Hex(8),YPNQVYYRPVDQYSNQNNFVHDCVNITVK,160,189,29,NITV,5219.233420289311,3516.65208728931,1702.581333,-0.88621,6.73,trypsin,N,0,Capra hircus,9925.0,PRNP,3.0,1.0,2610.623986144655
sp|P52113|PRIO_CAPHI,200,G62765YT,HexNAc(2)Hex(8),GENFTETDIK,198,208,10,NFTE,2855.11121588612,1152.52988288612,1702.581333,-1.24,4.14,trypsin,N,0,Capra hircus,9925.0,PRNP,3.0,1.0,1428.5628839430601
sp|P67926|RNAS1_CAPHI,24,G62765YT,HexNAc(2)Hex(8),QHMDSSTSSASSSNYCNQMMK,11,32,21,NYCN,4025.47868461206,2322.89735161206,1702.581333,-1.05714,6.73,trypsin,N,0,Capra hircus,9925.0,RNASE1,1.0,1.0,2013.74661830603
sp|P67926|RNAS1_CAPHI,34,G62765YT,HexNAc(2)Hex(8),NLTQDR,34,40,6,NLTQ,2447.95319912309,745.3718661230901,1702.581333,-1.98333,5.84,trypsin,N,0,Capra hircus,9925.0,RNASE1,1.0,1.0,1224.9838755615451
sp|P79155|IL4_CAPHI,46,G62765YT,HexNAc(2)Hex(8),NSCMELPVADVFAAPK,46,62,16,NSCM,3393.38719712054,1690.80586412054,1702.581333,0.4,4.37,trypsin,N,0,Capra hircus,9925.0,IL4,2.0,1.0,1697.70087456027
sp|P79155|IL4_CAPHI,62,G62765YT,HexNAc(2)Hex(8),NATEK,62,67,5,NATE,2263.85717347993,561.27584047993,1702.581333,-1.96,6.0,trypsin,N,0,Capra hircus,9925.0,IL4,2.0,1.0,1132.9358627399652
sp|P79155|IL4_CAPHI,96,G62765YT,HexNAc(2)Hex(8),NLSSLASK,96,104,8,NLSS,2521.03111509062,818.44978209062,1702.581333,-0.05,8.75,trypsin,N,0,Capra hircus,9925.0,IL4,2.0,1.0,1261.52283354531
sp|Q0GC71|TLR2_CAPHI,114,G62765YT,HexNAc(2)Hex(8),LSNLSSSWFR,112,122,10,NLSS,2898.17990458263,1195.59857158263,1702.581333,-0.17,9.75,trypsin,N,0,Capra hircus,9925.0,TLR2,2.0,1.0,1450.097228291315
sp|Q0GC71|TLR2_CAPHI,199,G62765YT,HexNAc(2)Hex(8),SIQNISHLILHLK,196,209,13,NISH,3217.47463003234,1514.89329703234,1702.581333,0.46154,8.51,trypsin,N,0,Capra hircus,9925.0,TLR2,2.0,1.0,1609.74459101617
sp|Q0GC71|TLR2_CAPHI,248,G62765YT,HexNAc(2)Hex(8),DTNLHTFHFSEASISEMNTSVK,231,253,22,NTSV,4196.724785909891,2494.1434529098906,1702.581333,-0.51364,5.27,trypsin,N,0,Capra hircus,9925.0,TLR2,2.0,1.0,2099.369668954945
sp|Q0GC71|TLR2_CAPHI,442,G62765YT,HexNAc(2)Hex(8),QLNLSSTR,440,448,8,NLSS,2620.07437688493,917.49304388493,1702.581333,-0.775,9.75,trypsin,N,0,Capra hircus,9925.0,TLR2,2.0,1.0,1311.0444644424651
sp|Q28314|NOS2_CAPHI,54,G62765YT,HexNAc(2)Hex(8),HGNESPQPLTGTVK,52,66,14,NESP,3166.3181889605903,1463.73685596059,1702.581333,-1.12857,6.75,trypsin,N,0,Capra hircus,9925.0,NOS2,2.0,2.0,1584.1663704802952
sp|Q28314|NOS2_CAPHI,430,G62765YT,HexNAc(2)Hex(8),QNVTIMDHHSAAESFMK,429,446,17,NVTI,3647.46354994828,1944.88221694828,1702.581333,-0.45294,5.99,trypsin,N,0,Capra hircus,9925.0,NOS2,2.0,2.0,1824.7390509741401
sp|Q28314|NOS2_CAPHI,809,G62765YT,HexNAc(2)Hex(8),LETLCENGSYWVK,803,816,13,NGSY,3243.3045130424,1540.7231800424,1702.581333,-0.32308,4.53,trypsin,N,0,Capra hircus,9925.0,NOS2,2.0,2.0,1622.6595325212
sp|Q28317|KIT_CAPHI,94,G62765YT,HexNAc(2)Hex(8),AEATNTGNYTCTNK,87,101,14,NYTC,3189.21715458998,1486.63582158998,1702.581333,-1.16429,6.04,trypsin,N,0,Capra hircus,9925.0,KIT,2.0,1.0,1595.61585329499
sp|Q28317|KIT_CAPHI,130,G62765YT,HexNAc(2)Hex(8),EENDTLVR,128,136,8,NDTL,2677.04822170674,974.46688870674,1702.581333,-1.4,4.14,trypsin,N,0,Capra hircus,9925.0,KIT,2.0,1.0,1339.5313868533701
sp|Q28317|KIT_CAPHI,145,G62765YT,HexNAc(2)Hex(8),CPLTDPEVTNYSLTGCEGKPLPK,136,159,23,NYSL,4163.768230945,2461.186897945,1702.581333,-0.54783,4.68,trypsin,N,0,Capra hircus,9925.0,KIT,2.0,1.0,2082.8913914725
sp|Q28317|KIT_CAPHI,284,G62765YT,HexNAc(2)Hex(8),VNDSGVFMCYANNTFGSANVTTTLEVVDK,283,312,29,NDSG,4798.00293488894,3095.4216018889397,1702.581333,0.12069,4.05,trypsin,N,0,Capra hircus,9925.0,KIT,2.0,1.0,2400.00874344447
sp|Q28317|KIT_CAPHI,294,G62765YT,HexNAc(2)Hex(8),VNDSGVFMCYANNTFGSANVTTTLEVVDK,283,312,29,NNTF,4798.00293488894,3095.4216018889397,1702.581333,0.12069,4.05,trypsin,N,0,Capra hircus,9925.0,KIT,2.0,1.0,2400.00874344447
sp|Q28317|KIT_CAPHI,301,G62765YT,HexNAc(2)Hex(8),VNDSGVFMCYANNTFGSANVTTTLEVVDK,283,312,29,NVTT,4798.00293488894,3095.4216018889397,1702.581333,0.12069,4.05,trypsin,N,0,Capra hircus,9925.0,KIT,2.0,1.0,2400.00874344447
sp|Q28317|KIT_CAPHI,321,G62765YT,HexNAc(2)Hex(8),GFINIFPMMNTTVFVNDGENVDLVVEYEAYPKPEHR,312,348,36,NTTV,5886.58367157946,4184.00233857946,1702.581333,-0.23333,4.35,trypsin,N,0,Capra hircus,9925.0,KIT,2.0,1.0,2944.29911178973
sp|Q28317|KIT_CAPHI,368,G62765YT,HexNAc(2)Hex(8),SENESNIR,366,374,8,NESN,2650.01217055119,947.43083755119,1702.581333,-1.95,4.53,trypsin,N,0,Capra hircus,9925.0,KIT,2.0,1.0,1326.0133612755951
sp|Q28317|KIT_CAPHI,401,G62765YT,HexNAc(2)Hex(8),GTEGGTYTFHVSNSDVNSSVTFNVNVNTKPEILTHDR,385,422,37,NSSV,5738.5011981833395,4035.91986518334,1702.581333,-0.61892,5.31,trypsin,N,0,Capra hircus,9925.0,KIT,2.0,1.0,2870.2578750916696
sp|Q28317|KIT_CAPHI,464,G62765YT,HexNAc(2)Hex(8),CSVPVGPVDVQIQNSSVSPFGK,451,473,22,NSSV,3945.70695101778,2243.1256180177797,1702.581333,0.18636,5.83,trypsin,N,0,Capra hircus,9925.0,KIT,2.0,1.0,1973.86075150889
sp|Q28317|KIT_CAPHI,487,G62765YT,HexNAc(2)Hex(8),HNGTVECR,486,494,8,NGTV,2616.98418198154,914.40284898154,1702.581333,-1.1375,6.74,trypsin,N,0,Capra hircus,9925.0,KIT,2.0,1.0,1309.49936699077
sp|Q28317|KIT_CAPHI,716,G62765YT,HexNAc(2)Hex(8),ESSCNDSTNEYMDMKPGVSYVVPTK,712,737,25,NDST,4482.77926620451,2780.19793320451,1702.581333,-0.828,4.32,trypsin,N,0,Capra hircus,9925.0,KIT,2.0,1.0,2242.396909102255
sp|Q28317|KIT_CAPHI,821,G62765YT,HexNAc(2)Hex(8),NDSNYVVK,821,829,8,NDSN,2640.0318433666102,937.45051036661,1702.581333,-1.0125,5.83,trypsin,N,0,Capra hircus,9925.0,KIT,2.0,1.0,1321.0231976833052
sp|Q28317|KIT_CAPHI,943,G62765YT,HexNAc(2)Hex(8),QISESTNHIYSNLANCSPHR,929,949,20,NCSP,3972.63116030857,2270.04982730857,1702.581333,-0.905,6.91,trypsin,N,0,Capra hircus,9925.0,KIT,2.0,1.0,1987.322856154285
sp|Q29477|TRFL_CAPHI,187,G62765YT,HexNAc(2)Hex(8),AYPNLCQLCK,184,194,10,NLCQ,2854.1280693339104,1151.54673633391,1702.581333,0.06,8.09,trypsin,N,0,Capra hircus,9925.0,LTF,1.0,1.0,1428.0713106669552
sp|Q29477|TRFL_CAPHI,252,G62765YT,HexNAc(2)Hex(8),DQYELLCLNNTR,244,256,12,NNTR,3183.27936092372,1480.69802792372,1702.581333,-0.84167,4.37,trypsin,N,0,Capra hircus,9925.0,LTF,1.0,1.0,1592.64695646186
sp|Q29477|TRFL_CAPHI,387,G62765YT,HexNAc(2)Hex(8),CQQWSEQSGQNVTCATASTTDDCIALVLK,377,406,29,NVTC,4801.9760685181,3099.3947355181,1702.581333,-0.17241,4.05,trypsin,N,0,Capra hircus,9925.0,LTF,1.0,1.0,2401.99531025905
sp|Q29477|TRFL_CAPHI,495,G62765YT,HexNAc(2)Hex(8),TAGWNIPMGLIANQTGSCAFDEFFSQSCAPGADPK,483,518,35,NQTG,5333.20310833081,3630.6217753308097,1702.581333,-0.06857,4.05,trypsin,N,0,Capra hircus,9925.0,LTF,1.0,1.0,2667.608830165405
sp|Q29477|TRFL_CAPHI,564,G62765YT,HexNAc(2)Hex(8),NDTVWENTNGESSADWAK,564,582,18,NDTV,3725.43686009278,2022.85552709278,1702.581333,-1.43333,4.05,trypsin,N,0,Capra hircus,9925.0,LTF,1.0,1.0,1863.72570604639
sp|Q5VI41|ITB2_CAPHI,50,G62765YT,HexNAc(2)Hex(8),LNFTGQGEPDSTR,49,62,13,NFTG,3123.2396042867204,1420.65827128672,1702.581333,-1.26923,4.37,trypsin,N,0,Capra hircus,9925.0,ITGB2,2.0,1.0,1562.6270781433602
sp|Q5VI41|ITB2_CAPHI,116,G62765YT,HexNAc(2)Hex(8),QLSPEEVTLYLRPGQAAAFNVTFQR,97,122,25,NVTF,4537.05286009321,2834.47152709321,1702.581333,-0.252,6.14,trypsin,N,0,Capra hircus,9925.0,ITGB2,2.0,1.0,2269.533706046605
sp|Q5VI41|ITB2_CAPHI,254,G62765YT,HexNAc(2)Hex(8),NVTR,254,258,4,NVTR,2190.85202852984,488.27069552984,1702.581333,-1.125,9.75,trypsin,N,0,Capra hircus,9925.0,ITGB2,2.0,1.0,1096.43329026492
sp|Q5VI41|ITB2_CAPHI,501,G62765YT,HexNAc(2)Hex(8),DNSSIICSGLGDCICGQCVCHTSDVPNK,500,528,28,NSSI,4569.782988769301,2867.2016557693,1702.581333,0.12143,4.41,trypsin,N,0,Capra hircus,9925.0,ITGB2,2.0,1.0,2285.89877038465
sp|Q5VI41|ITB2_CAPHI,599,G62765YT,HexNAc(2)Hex(8),CNVCQCDPGYQPPLCIDCPGCPVPCAGFAPCTECLK,598,634,36,NVCQ,5446.1024916918195,3743.52115869182,1702.581333,0.28056,4.05,trypsin,N,0,Capra hircus,9925.0,ITGB2,2.0,1.0,2724.0585218459096
sp|Q5VI41|ITB2_CAPHI,642,G62765YT,HexNAc(2)Hex(8),NCSAACGQTK,642,652,10,NCSA,2683.98213337621,981.40080037621,1702.581333,-0.42,8.06,trypsin,N,0,Capra hircus,9925.0,ITGB2,2.0,1.0,1342.9983426881051
sp|Q6YI21|CP19A_CAPHI,12,G62765YT,HexNAc(2)Hex(8),HYNVTSMVSEVVPIASIAILLLTGFLLLVWNYEDTSSIPGPSYFLGIGPLISHCR,10,65,55,NVTS,7704.72194990443,6002.14061690443,1702.581333,0.78364,5.27,trypsin,N,0,Capra hircus,9925.0,CYP19A1,2.0,1.0,3853.368250952215
sp|Q6YI21|CP19A_CAPHI,297,G62765YT,HexNAc(2)Hex(8),ENVNQCILEMLIAAPDTMSVSVFFMLFLIAK,294,325,31,NQCI,5189.34883360649,3486.76750060649,1702.581333,1.1129,4.14,trypsin,N,0,Capra hircus,9925.0,CYP19A1,2.0,1.0,2595.681692803245
sp|Q6YI21|CP19A_CAPHI,361,G62765YT,HexNAc(2)Hex(8),VVENFINESMR,355,366,11,NESM,3039.2258687988797,1336.6445357988798,1702.581333,-0.15455,4.53,trypsin,N,0,Capra hircus,9925.0,CYP19A1,2.0,1.0,1520.6202103994399
sp|Q867B2|CXCR3_CAPHI,22,G62765YT,HexNAc(2)Hex(8),QEFQASEFAYLLENSSYDYGENETYFCCTSPPCPQDFSLNFDR,9,52,43,NSSY,6756.675929833281,5054.094596833281,1702.581333,-0.76279,4.05,trypsin,N,0,Capra hircus,9925.0,CXCR3,2.0,1.0,3379.3452409166403
sp|Q867B2|CXCR3_CAPHI,30,G62765YT,HexNAc(2)Hex(8),QEFQASEFAYLLENSSYDYGENETYFCCTSPPCPQDFSLNFDR,9,52,43,NETY,6756.675929833281,5054.094596833281,1702.581333,-0.76279,4.05,trypsin,N,0,Capra hircus,9925.0,CXCR3,2.0,1.0,3379.3452409166403
sp|Q867B2|CXCR3_CAPHI,197,G62765YT,HexNAc(2)Hex(8),LNATHCQYNFPQEGR,196,211,15,NATH,3479.3815345764797,1776.8002015764798,1702.581333,-1.22,6.74,trypsin,N,0,Capra hircus,9925.0,CXCR3,2.0,1.0,1740.69804328824
sp|Q8MIP2|FOXL2_CAPHI,106,G62765YT,HexNAc(2)Hex(8),HNLSLNECFIK,105,116,11,NLSL,3019.23603955976,1316.65470655976,1702.581333,-0.09091,6.74,trypsin,N,0,Capra hircus,9925.0,FOXL2,1.0,1.0,1510.62529577988
sp|Q8MIP2|FOXL2_CAPHI,110,G62765YT,HexNAc(2)Hex(8),HNLSLNECFIK,105,116,11,NECF,3019.23603955976,1316.65470655976,1702.581333,-0.09091,6.74,trypsin,N,0,Capra hircus,9925.0,FOXL2,1.0,1.0,1510.62529577988
sp|Q8MIP2|FOXL2_CAPHI,202,G62765YT,HexNAc(2)Hex(8),YLQSGFLNNSWPLPQPPSPMPYASCQMAAAAAAAAAAAAAAGPGSPGAAAVVK,195,248,53,NNSW,6741.03816221104,5038.45682921104,1702.581333,0.33962,8.18,trypsin,N,0,Capra hircus,9925.0,FOXL2,1.0,1.0,3371.5263571055198
sp|Q8SPQ0|CH3L1_CAPHI,60,G62765YT,HexNAc(2)Hex(8),EGDGSCFPDAIDPFLCTHIIYSFANISNNEIDTWEWNDVTLYDTLNTLK,36,85,49,NISN,7312.14089141223,5609.55955841223,1702.581333,-0.23469,4.05,trypsin,N,0,Capra hircus,9925.0,CHI3L1,1.0,1.0,3657.077721706115
sp|Q8SPQ0|CH3L1_CAPHI,367,G62765YT,HexNAc(2)Hex(8),GTFCGQNLTFPLTSAVK,361,378,17,NLTF,3485.47878900626,1782.8974560062595,1702.581333,0.32353,8.22,trypsin,N,0,Capra hircus,9925.0,CHI3L1,1.0,1.0,1743.74667050313
sp|Q95327|MANBA_CAPHI,35,G62765YT,HexNAc(2)Hex(8),IHNGNGSLQLPAAVPGCVHSALFNK,31,56,25,NGSL,4245.88804369758,2543.30671069758,1702.581333,0.188,8.24,trypsin,N,0,Capra hircus,9925.0,MANBA,1.0,1.0,2123.9512978487896
sp|Q95327|MANBA_CAPHI,77,G62765YT,HexNAc(2)Hex(8),WIALDNWTYIK,72,83,11,NWTY,3124.31566977945,1421.73433677945,1702.581333,-0.00909,5.83,trypsin,N,0,Capra hircus,9925.0,MANBA,1.0,1.0,1563.1651108897252
sp|Q95327|MANBA_CAPHI,211,G62765YT,HexNAc(2)Hex(8),IEAYNICHLNYFMFTPIYDNYMETWNLK,207,235,28,NICH,5248.194775493241,3545.61344249324,1702.581333,-0.21071,4.65,trypsin,N,0,Capra hircus,9925.0,MANBA,1.0,1.0,2625.10466374662
sp|Q95327|MANBA_CAPHI,297,G62765YT,HexNAc(2)Hex(8),AVIVETWWPHGHGNQTGYDMTVTFELDGGLR,284,315,31,NQTG,5188.2276066328795,3485.64627363288,1702.581333,-0.32903,4.72,trypsin,N,0,Capra hircus,9925.0,MANBA,1.0,1.0,2595.1210793164396
sp|Q95327|MANBA_CAPHI,803,G62765YT,HexNAc(2)Hex(8),ANITATISQQGNTFVFDLK,802,821,19,NITA,3769.64500238422,2067.06366938422,1702.581333,0.07895,5.88,trypsin,N,0,Capra hircus,9925.0,MANBA,1.0,1.0,1885.82977719211
sp|Q9N0U7|CP17A_CAPHI,185,G62765YT,HexNAc(2)Hex(8),IINQEANVLCDFLATQHGQSIDLSEPLSLAVTNIISFICFNFSFK,145,190,45,NFSF,6702.09532565065,4999.51399265065,1702.581333,0.57333,4.31,trypsin,N,0,Capra hircus,9925.0,CYP17A1,2.0,1.0,3352.054938825325
sp|Q9N0U7|CP17A_CAPHI,253,G62765YT,HexNAc(2)Hex(8),CQENFTSDSITNLLHILMQAK,250,271,21,NFTS,4107.7532495872,2405.1719165872,1702.581333,-0.08095,5.32,trypsin,N,0,Capra hircus,9925.0,CYP17A1,2.0,1.0,2054.8839007936
sp|C0HJR3|LEG1_CAPHI,41,G62765YT,HexNAc(2)Hex(8),DSNNLCLHFNPR,38,50,12,NLCL,3131.23816481808,1428.6568318180798,1702.581333,-0.93333,6.74,trypsin,N,0,Capra hircus,9925.0,LGALS1,1.0,1.0,1566.62635840904
sp|P02102|HBE1_CAPHI,48,G62765YT,HexNAc(2)Hex(8),FFDSFGNLSSASAIMGNPK,42,61,19,NLSS,3691.51154568652,1988.93021268652,1702.581333,0.11579,5.84,trypsin,N,0,Capra hircus,9925.0,HBE1,2.0,2.0,1846.76304884326
sp|P02105|HBE2_CAPHI,48,G62765YT,HexNAc(2)Hex(8),FFDSFGNLCSESAIMGNPK,42,61,19,NLCS,3765.4941813702203,2062.91284837022,1702.581333,0.01053,4.37,trypsin,N,0,Capra hircus,9925.0,HBE2,2.0,2.0,1883.7543666851102
sp|P02447|KRA31_CAPHI,69,G62765YT,HexNAc(2)Hex(8),CGVCLPSTCPHDISLLQPTFCDNSPVPYHVPDTYVPTCFLLNSSHPTPGLSGINLTTFIQPGCENACEPR,28,98,70,NSSH,9215.06440273433,7512.48306973433,1702.581333,0.00714,4.77,trypsin,N,0,Capra hircus,9925.0,KRTAP3-1,1.0,2.0,4608.539477367165
sp|P02447|KRA31_CAPHI,81,G62765YT,HexNAc(2)Hex(8),CGVCLPSTCPHDISLLQPTFCDNSPVPYHVPDTYVPTCFLLNSSHPTPGLSGINLTTFIQPGCENACEPR,28,98,70,NLTT,9215.06440273433,7512.48306973433,1702.581333,0.00714,4.77,trypsin,N,0,Capra hircus,9925.0,KRTAP3-1,1.0,2.0,4608.539477367165
sp|P02447|KRA31_CAPHI,92,G62765YT,HexNAc(2)Hex(8),CGVCLPSTCPHDISLLQPTFCDNSPVPYHVPDTYVPTCFLLNSSHPTPGLSGINLTTFIQPGCENACEPR,28,98,70,NACE,9215.06440273433,7512.48306973433,1702.581333,0.00714,4.77,trypsin,N,0,Capra hircus,9925.0,KRTAP3-1,1.0,2.0,4608.539477367165
sp|P0CH25|HBA1_CAPHI,132,G62765YT,HexNAc(2)Hex(8),FLANVSTVLTSK,129,141,12,NVST,2981.29968536214,1278.71835236214,1702.581333,0.85,8.75,trypsin,N,0,Capra hircus,9925.0,HBA1,1.0,1.0,1491.65711868107
sp|P0CH26|HBA2_CAPHI,132,G62765YT,HexNAc(2)Hex(8),FLANVSTVLTSK,129,141,12,NVST,2981.29968536214,1278.71835236214,1702.581333,0.85,8.75,trypsin,N,0,Capra hircus,9925.0,HBA2,1.0,1.0,1491.65711868107
sp|P10626|ACRO_CAPHI,3,G62765YT,HexNAc(2)Hex(8),DNTTCDGPCGIR,2,14,12,NTTC,2953.0833039694603,1250.5019709694602,1702.581333,-0.775,4.21,trypsin,N,0,Capra hircus,9925.0,ACR,1.0,1.0,1477.5489279847302
sp|P13786|HBAZ_CAPHI,76,G62765YT,HexNAc(2)Hex(8),SIDNVTSALSK,73,84,11,NVTS,2836.17415049585,1133.59281749585,1702.581333,0.02727,5.55,trypsin,N,0,Capra hircus,9925.0,HBZ1,3.0,2.0,1419.094351247925
sp|P63290|VIP_CAPHI,9,G62765YT,HexNAc(2)Hex(8),HSDAVFTDNYTR,1,13,12,NYTR,3127.21338953888,1424.63205653888,1702.581333,-1.075,5.21,trypsin,N,0,Capra hircus,9925.0,VIP,1.0,1.0,1564.6139707694401
sp|P79153|CP11A_CAPHI,318,G62765YT,HexNAc(2)Hex(8),ANITEMLAGGVDTTSMTLQWHLYEMAR,317,344,27,NITE,4741.01133182801,3038.42999882801,1702.581333,-0.02222,4.65,trypsin,N,0,Capra hircus,9925.0,CYP11A1,2.0,1.0,2371.512941914005
sp|P79161|IL1A_CAPHI,102,G62765YT,HexNAc(2)Hex(8),LSLNQFITDDDLEAIANDTEEEIIKPR,86,113,27,NDTE,4804.12178706832,3101.5404540683203,1702.581333,-0.55185,4.05,trypsin,N,0,Capra hircus,9925.0,IL1A,2.0,1.0,2403.06816953416
sp|P79161|IL1A_CAPHI,141,G62765YT,HexNAc(2)Hex(8),VIHQECILNDALNQSIIR,129,147,18,NQSI,3780.6755913198504,2078.0942583198503,1702.581333,0.25556,5.32,trypsin,N,0,Capra hircus,9925.0,IL1A,2.0,1.0,1891.3450716599252
sp|P81447|GLCM1_CAPHI,96,G62765YT,HexNAc(2)Hex(8),NATLGSEETTEHAPSDASTTEGK,96,119,23,NATL,4034.6115895491102,2332.03025654911,1702.581333,-1.18261,4.25,trypsin,N,0,Capra hircus,9925.0,GLYCAM1,1.0,2.0,2018.3130707745552
sp|Q03256|SRY_CAPHI,44,G62765YT,HexNAc(2)Hex(8),TSSLCTDNHSANDQCER,37,54,17,NHSA,3582.32382156983,1879.74248856983,1702.581333,-1.28824,4.53,trypsin,N,0,Capra hircus,9925.0,SRY,3.0,2.0,1792.1691867849152
sp|Q03256|SRY_CAPHI,56,G62765YT,HexNAc(2)Hex(8),GENVTESSQDHVK,54,67,13,NVTE,3131.2294335258402,1428.6481005258402,1702.581333,-1.45385,4.65,trypsin,N,0,Capra hircus,9925.0,SRY,3.0,2.0,1566.6219927629202
sp|Q28315|PROC_CAPHI,17,G62765YT,HexNAc(2)Hex(8),EVIVRPNYTK,11,21,10,NYTK,2920.2581549033303,1217.67682190333,1702.581333,-0.61,8.69,trypsin,N,0,Capra hircus,9925.0,PROC,2.0,1.0,1461.1363534516652
sp|Q28315|PROC_CAPHI,94,G62765YT,HexNAc(2)Hex(8),IPVVSYNACVHAMENK,88,104,16,NACV,3476.43554429529,1773.85421129529,1702.581333,0.2375,6.74,trypsin,N,0,Capra hircus,9925.0,PROC,2.0,1.0,1739.225048147645
sp|Q28318|PRL_CAPHI,61,G62765YT,HexNAc(2)Hex(8),AVMVSHYIHNLSSEMFNEFDK,52,73,21,NLSS,4199.72194945892,2497.14061645892,1702.581333,-0.17143,5.28,trypsin,N,0,Capra hircus,9925.0,PRL,2.0,1.0,2100.8682507294598
sp|Q28318|PRL_CAPHI,86,G62765YT,HexNAc(2)Hex(8),GYITMALNSCHTSSLPTPEDK,79,100,21,NSCH,3966.6266520917497,2264.0453190917497,1702.581333,-0.41429,5.32,trypsin,N,0,Capra hircus,9925.0,PRL,2.0,1.0,1984.320602045875
sp|Q28318|PRL_CAPHI,227,G62765YT,HexNAc(2)Hex(8),IIYNNNC,223,230,7,NNC,2554.96132127864,852.37998827864,1702.581333,-0.04286,5.52,trypsin,N,0,Capra hircus,9925.0,PRL,2.0,1.0,1278.48793663932
sp|Q28319|IL6_CAPHI,38,G62765YT,HexNAc(2)Hex(8),NDTTPSR,38,45,7,NDTT,2491.94302836221,789.3616953622101,1702.581333,-2.18571,5.84,trypsin,N,0,Capra hircus,9925.0,IL6,2.0,1.0,1246.978790181105
sp|Q36347|COX1_CAPHI,99,G62765YT,HexNAc(2)Hex(8),MNNMSFWLLPPSFLLLLASSMVEAGAGTGWTVYPPLAGNLAHAGASVDLTIFSLHLAGISSILGAINFITTIINMKPPAMSQYQTPLFVWSVLITAVLLLLSLPVLAAGITMLLTDR,97,214,117,NMSF,14092.22624084887,12389.64490784887,1702.581333,0.99231,5.96,trypsin,N,0,Capra hircus,9925.0,MT-CO1,3.0,2.0,7047.120396424435
sp|Q36347|COX1_CAPHI,216,G62765YT,HexNAc(2)Hex(8),NLNTTFFDPAGGGDPILYQHLFWFFGHPEVYILILPGFGMISHIVTYYSGK,214,265,51,NTTF,7491.47107830238,5788.88974530238,1702.581333,0.33137,5.73,trypsin,N,0,Capra hircus,9925.0,MT-CO1,3.0,2.0,3746.74281515119
sp|Q36347|COX1_CAPHI,360,G62765YT,HexNAc(2)Hex(8),WSPAMMWALGFIFLFTVGGLTGIVLANSSLDIVLHDTYYVVAHFHYVLSMGAVFAIMGGFVHWFPLFSGYTLNDTWAK,334,412,78,NSSL,10417.944720296031,8715.36338729603,1702.581333,0.91667,5.98,trypsin,N,0,Capra hircus,9925.0,MT-CO1,3.0,2.0,5209.979636148016
sp|Q36347|COX1_CAPHI,406,G62765YT,HexNAc(2)Hex(8),WSPAMMWALGFIFLFTVGGLTGIVLANSSLDIVLHDTYYVVAHFHYVLSMGAVFAIMGGFVHWFPLFSGYTLNDTWAK,334,412,78,NDTW,10417.944720296031,8715.36338729603,1702.581333,0.91667,5.98,trypsin,N,0,Capra hircus,9925.0,MT-CO1,3.0,2.0,5209.979636148016
sp|Q36347|COX1_CAPHI,422,G62765YT,HexNAc(2)Hex(8),IHFAIMFVGVNMTFFPQHFLGLSGMPR,412,439,27,NMTF,4796.135684925841,3093.5543519258404,1702.581333,0.84074,9.76,trypsin,N,0,Capra hircus,9925.0,MT-CO1,3.0,2.0,2399.0751184629203
sp|Q36347|COX1_CAPHI,496,G62765YT,HexNAc(2)Hex(8),EVLTVDLTTTNLEWLNGCPPPYHTFEEPTYVSLK,481,515,34,NGCP,5608.48869148212,3905.90735848212,1702.581333,-0.29412,4.25,trypsin,N,0,Capra hircus,9925.0,MT-CO1,3.0,2.0,2805.25162174106
sp|Q3ZT29|IL18_CAPHI,20,G62765YT,HexNAc(2)Hex(8),FINNTLYFVAENGDLESDHFGK,18,40,22,NNTL,4231.762551317601,2529.1812183176003,1702.581333,-0.39545,4.31,trypsin,N,0,Capra hircus,9925.0,IL18,2.0,1.0,2116.8885516588
sp|Q861R7|KANL2_CAPHI,313,G62765YT,HexNAc(2)Hex(8),CSNQSLPMTR,311,321,10,NQSL,2838.09274645435,1135.51141345435,1702.581333,-0.72,8.25,trypsin,N,0,Capra hircus,9925.0,KANSL2,2.0,2.0,1420.0536492271751
sp|Q95170|OPSR_CAPHI,34,G62765YT,HexNAc(2)Hex(8),LAGGQPQANFEESTQGSIFTYTNSNSTR,10,38,28,NSTR,4706.96120410599,3004.37987110599,1702.581333,-0.89643,4.53,trypsin,N,0,Capra hircus,9925.0,OPN1LW,1.0,1.0,2354.487878052995
sp|Q95M19|SCF_CAPHI,90,G62765YT,HexNAc(2)Hex(8),FSNISEGLSNYSIIDK,88,104,16,NISE,3488.45982738349,1785.87849438349,1702.581333,-0.16875,4.37,trypsin,N,0,Capra hircus,9925.0,KITLG,2.0,1.0,1745.237189691745
sp|Q95M19|SCF_CAPHI,97,G62765YT,HexNAc(2)Hex(8),FSNISEGLSNYSIIDK,88,104,16,NYSI,3488.45982738349,1785.87849438349,1702.581333,-0.16875,4.37,trypsin,N,0,Capra hircus,9925.0,KITLG,2.0,1.0,1745.237189691745
sp|Q95M19|SCF_CAPHI,196,G62765YT,HexNAc(2)Hex(8),NDSSSSNR,196,204,8,NDSS,2567.93392023049,865.35258723049,1702.581333,-2.275,5.84,trypsin,N,0,Capra hircus,9925.0,KITLG,2.0,1.0,1284.974236115245
sp|Q95M19|SCF_CAPHI,244,G62765YT,HexNAc(2)Hex(8),QPNLTR,242,248,6,NLTR,2429.9790199481104,727.39768694811,1702.581333,-1.66667,9.75,trypsin,N,0,Capra hircus,9925.0,KITLG,2.0,1.0,1215.9967859740552
sp|Q95MI7|SCD_CAPHI,259,G62765YT,HexNAc(2)Hex(8),YAVVLNATWLVNSAAHMYGYRPYDK,254,279,25,NATW,4604.00855275308,2901.42721975308,1702.581333,-0.096,8.39,trypsin,N,0,Capra hircus,9925.0,SCD,2.0,1.0,2303.01155237654
sp|Q95MI7|SCD_CAPHI,318,G62765YT,HexNAc(2)Hex(8),WHINFTTFFIDCMAAIGLAYDR,315,337,22,NFTT,4306.81070489367,2604.22937189367,1702.581333,0.60455,5.21,trypsin,N,0,Capra hircus,9925.0,SCD,2.0,1.0,2154.412628446835
sp|Q9XT57|ADRB3_CAPHI,8,G62765YT,HexNAc(2)Hex(8),NSSLTPWPDIPTLAPNTANASGLPGVPWAVALAGALLALAVLAIVGGNLLVIVAIAR,8,65,57,NSSL,7281.74605428368,5579.16472128368,1702.581333,1.10351,5.84,trypsin,N,0,Capra hircus,9925.0,ADRB3,3.0,1.0,3641.8803031418397
sp|Q9XT57|ADRB3_CAPHI,26,G62765YT,HexNAc(2)Hex(8),NSSLTPWPDIPTLAPNTANASGLPGVPWAVALAGALLALAVLAIVGGNLLVIVAIAR,8,65,57,NASG,7281.74605428368,5579.16472128368,1702.581333,1.10351,5.84,trypsin,N,0,Capra hircus,9925.0,ADRB3,3.0,1.0,3641.8803031418397
sp|A5YVD9|CAB45_CAPHI,26,G62765YT,HexNAc(2)Hex(8),QGPLCGLAPCCLWLLGVILLMNASARPANHSSAR,5,39,34,NASA,5234.39007876854,3531.80874576854,1702.581333,0.63824,8.73,trypsin,N,0,Capra hircus,9925.0,SDF4,2.0,1.0,2618.2023153842697
sp|A5YVD9|CAB45_CAPHI,33,G62765YT,HexNAc(2)Hex(8),QGPLCGLAPCCLWLLGVILLMNASARPANHSSAR,5,39,34,NHSS,5234.39007876854,3531.80874576854,1702.581333,0.63824,8.73,trypsin,N,0,Capra hircus,9925.0,SDF4,2.0,1.0,2618.2023153842697
sp|D3INW7|UT1_CAPHI,90,G62765YT,HexNAc(2)Hex(8),GISQVVFVSNPISGILILVGLLVQNPWCALNGCVGTVVSTLTALLLNQDR,60,110,50,NGCV,6906.4318563426905,5203.85052334269,1702.581333,1.066,5.82,trypsin,N,0,Capra hircus,9925.0,SLC14A1,2.0,1.0,3454.223204171345
sp|D3INW7|UT1_CAPHI,120,G62765YT,HexNAc(2)Hex(8),SAITAGLQGYNATLVGILMAIYSDK,110,135,25,NATL,4271.927508467721,2569.3461754677205,1702.581333,0.68,5.55,trypsin,N,0,Capra hircus,9925.0,SLC14A1,2.0,1.0,2136.9710302338603
sp|D3INW7|UT1_CAPHI,206,G62765YT,HexNAc(2)Hex(8),WDLPVFTLPFNMALSMYLSATGHYNPFFPSTLVTPVTSVPNVTWPDLSALQLLK,166,220,54,NVTW,7738.67393708285,6036.09260408285,1702.581333,0.43148,5.21,trypsin,N,0,Capra hircus,9925.0,SLC14A1,2.0,1.0,3870.344244541425
sp|D3INW7|UT1_CAPHI,284,G62765YT,HexNAc(2)Hex(8),SLPVGVGQIYGCDNPWAGGIFLGAILLSSPLMCLHAAIGSLLGIIAGLSLSAPFENIYAGLWGFNSSLACIAIGGMFMALTWQTHLLALACALFTAYLGASMSHVMAVVGLPSCTWPFCLATLLFLLLTTK,220,351,131,NSSL,15288.57851753499,13585.99718453499,1702.581333,1.19389,6.19,trypsin,N,0,Capra hircus,9925.0,SLC14A1,2.0,1.0,7645.296534767495
sp|O02814|IL12A_CAPHI,95,G62765YT,HexNAc(2)Hex(8),TSTVEACLPLELATNESCLASR,81,103,22,NESC,4009.6899806243,2307.1086476243,1702.581333,0.23636,4.25,trypsin,N,0,Capra hircus,9925.0,IL12A,2.0,1.0,2005.85226631215
sp|O18809|CP2F3_CAPHI,106,G62765YT,HexNAc(2)Hex(8),GDYPAFFNFTK,99,110,11,NFTK,3008.18432125673,1305.60298825673,1702.581333,-0.42727,5.83,trypsin,N,0,Capra hircus,9925.0,CYP2F3,2.0,1.0,1505.099436628365
sp|O18809|CP2F3_CAPHI,417,G62765YT,HexNAc(2)Hex(8),EFNPEHFLDANMSFK,407,422,15,NMSF,3527.39545330512,1824.81412030512,1702.581333,-0.74,4.65,trypsin,N,0,Capra hircus,9925.0,CYP2F3,2.0,1.0,1764.70500265256
sp|P01319|INS_CAPHI,48,G62765YT,HexNAc(2)Hex(8),AGIVEQCCAGVCSLYQLENYCN,30,52,22,NYCN,4081.5816931286204,2379.0003601286203,1702.581333,0.40455,4.05,trypsin,N,0,Capra hircus,9925.0,INS,1.0,1.0,2041.7981225643102
sp|P24953|CYB_CAPHI,26,G62765YT,HexNAc(2)Hex(8),IVNNAFIDLPTPSNISSWWNFGSLLGICLILQILTGLFLAMHYTSDTMTAFSSVTHICR,13,72,59,NISS,8244.87927255815,6542.29793955815,1702.581333,0.72881,5.98,trypsin,N,0,Capra hircus,9925.0,MT-CYB,3.0,1.0,4123.446912279075
sp|P24953|CYB_CAPHI,255,G62765YT,HexNAc(2)Hex(8),DILGAMLLILVLMLLVLFTPDLLGDPDNYTPANPLNTPPHIKPEWYFLFAYAILR,228,283,55,NYTP,7952.951221563271,6250.369888563271,1702.581333,0.66727,4.35,trypsin,N,0,Capra hircus,9925.0,MT-CYB,3.0,1.0,3977.4828867816354
sp|P50426|GNS_CAPHI,118,G62765YT,HexNAc(2)Hex(8),YPHNHHVVNNTLEGNCSSK,110,129,19,NNTL,3851.55726709232,2148.97593409232,1702.581333,-1.15263,7.01,trypsin,N,0,Capra hircus,9925.0,GNS,2.0,1.0,1926.7859095461602
sp|P50426|GNS_CAPHI,124,G62765YT,HexNAc(2)Hex(8),YPHNHHVVNNTLEGNCSSK,110,129,19,NCSS,3851.55726709232,2148.97593409232,1702.581333,-1.15263,7.01,trypsin,N,0,Capra hircus,9925.0,GNS,2.0,1.0,1926.7859095461602
sp|P50426|GNS_CAPHI,190,G62765YT,HexNAc(2)Hex(8),YYNYTLSINGK,188,199,11,NYTL,3037.2319997251398,1334.65066672514,1702.581333,-0.76364,8.43,trypsin,N,0,Capra hircus,9925.0,GNS,2.0,1.0,1519.62327586257
sp|P50426|GNS_CAPHI,205,G62765YT,HexNAc(2)Hex(8),HGENYSVDYLTDVLANVSLDFLDYK,202,227,25,NYSV,4591.95220256208,2889.37086956208,1702.581333,-0.232,4.05,trypsin,N,0,Capra hircus,9925.0,GNS,2.0,1.0,2296.98337728104
sp|P50426|GNS_CAPHI,217,G62765YT,HexNAc(2)Hex(8),HGENYSVDYLTDVLANVSLDFLDYK,202,227,25,NVSL,4591.95220256208,2889.37086956208,1702.581333,-0.232,4.05,trypsin,N,0,Capra hircus,9925.0,GNS,2.0,1.0,2296.98337728104
sp|P50426|GNS_CAPHI,286,G62765YT,HexNAc(2)Hex(8),TPMTNSSIQFLDNAFR,282,298,16,NSSI,3543.45911619084,1840.87778319084,1702.581333,-0.34375,5.5,trypsin,N,0,Capra hircus,9925.0,GNS,2.0,1.0,1772.7368340954201
sp|P50426|GNS_CAPHI,324,G62765YT,HexNAc(2)Hex(8),LEFNGELNNTYIFYTSDNGYHTGQFSLPIDK,317,348,31,NNTY,5299.25492649619,3596.67359349619,1702.581333,-0.65161,4.31,trypsin,N,0,Capra hircus,9925.0,GNS,2.0,1.0,2650.634739248095
sp|P50426|GNS_CAPHI,369,G62765YT,HexNAc(2)Hex(8),GPGIKPNQTSK,363,374,11,NQTS,2828.19555464677,1125.61422164677,1702.581333,-1.43636,10.0,trypsin,N,0,Capra hircus,9925.0,GNS,2.0,1.0,1415.105053323385
sp|P50426|GNS_CAPHI,412,G62765YT,HexNAc(2)Hex(8),GASNLTWR,409,417,8,NLTW,2606.03759745339,903.45626445339,1702.581333,-0.65,9.75,trypsin,N,0,Capra hircus,9925.0,GNS,2.0,1.0,1304.026074726695
sp|P50426|GNS_CAPHI,429,G62765YT,HexNAc(2)Hex(8),NVTDPTCPSLSPGVSQCFPDCVCEDAYNNTYACVR,429,464,35,NVTD,5470.14837252962,3767.56703952962,1702.581333,-0.19714,4.05,trypsin,N,0,Capra hircus,9925.0,GNS,2.0,1.0,2736.08146226481
sp|P50426|GNS_CAPHI,456,G62765YT,HexNAc(2)Hex(8),NVTDPTCPSLSPGVSQCFPDCVCEDAYNNTYACVR,429,464,35,NNTY,5470.14837252962,3767.56703952962,1702.581333,-0.19714,4.05,trypsin,N,0,Capra hircus,9925.0,GNS,2.0,1.0,2736.08146226481
sp|P50426|GNS_CAPHI,487,G62765YT,HexNAc(2)Hex(8),TMSELWNLQYCEFDDQEVFVEVYNLTADPHQLNNIAK,464,501,37,NLTA,6118.61682218254,4416.03548918254,1702.581333,-0.47297,4.05,trypsin,N,0,Capra hircus,9925.0,GNS,2.0,1.0,3060.31568709127
sp|P56444|MSHR_CAPHI,15,G62765YT,HexNAc(2)Hex(8),LLGSLNCTPPATLPLTLAPNR,10,31,21,NCTP,3863.77424273196,2161.19290973196,1702.581333,0.36667,8.25,trypsin,N,0,Capra hircus,9925.0,MC1R,3.0,1.0,1932.89439736598
sp|P56444|MSHR_CAPHI,184,G62765YT,HexNAc(2)Hex(8),IIAAIWVASILTSVLSITYYNHTVVLLCLVGFFIAMLALMAVLYVHMLAR,164,214,50,NHTV,7238.65076364197,5536.06943064197,1702.581333,1.858,8.19,trypsin,N,0,Capra hircus,9925.0,MC1R,3.0,1.0,3620.332657820985
sp|P62756|IATR_CAPHI,24,G62765YT,HexNAc(2)Hex(8),YFYNGTSMACETFYYGGCMGNGNNFPSEK,21,50,29,NGTS,4953.85826188454,3251.27692888454,1702.581333,-0.61034,4.53,trypsin,N,0,,,,,,2477.93640694227
sp|P68221|IL12B_CAPHI,223,G62765YT,HexNAc(2)Hex(8),YENYTSSFFIR,221,232,11,NYTS,3128.23781338157,1425.65648038157,1702.581333,-0.57273,6.0,trypsin,N,0,Capra hircus,9925.0,IL12B,2.0,1.0,1565.126182690785
sp|P79154|IFNG_CAPHI,39,G62765YT,HexNAc(2)Hex(8),EYFNASNPDVAK,36,48,12,NASN,3056.20142787285,1353.62009487285,1702.581333,-0.91667,4.37,trypsin,N,0,Capra hircus,9925.0,IFNG,2.0,1.0,1529.1079899364252
sp|P79154|IFNG_CAPHI,106,G62765YT,HexNAc(2)Hex(8),FLNGSSEK,104,112,8,NGSS,2583.01037964604,880.42904664604,1702.581333,-0.7875,6.0,trypsin,N,0,Capra hircus,9925.0,IFNG,2.0,1.0,1292.51246582302
sp|Q32644|ATP6_CAPHI,163,G62765YT,HexNAc(2)Hex(8),LTANITAGHLLIHLIGGATLALTSISPTTALITFIILILLTILEFELGTR,160,210,50,NITA,6955.6584680659,5253.0771350659,1702.581333,1.364,6.0,trypsin,N,0,Capra hircus,9925.0,MT-ATP6,3.0,1.0,3478.8365100329497
sp|Q36346|NU2M_CAPHI,171,G62765YT,HexNAc(2)Hex(8),LVPMSVLYQILPSINLDLILTLSILSIMIGGWGGLNQTQLR,136,177,41,NQTQ,6195.10185503158,4492.52052203158,1702.581333,0.97805,5.84,trypsin,N,0,Capra hircus,9925.0,MT-ND2,3.0,1.0,3098.55820351579
sp|Q36346|NU2M_CAPHI,222,G62765YT,HexNAc(2)Hex(8),IMAYSSIAHMGWMTAILPYNPTMMLLNLIIYITMTSTMFLLFMANSTTTTLSLSLTWNK,178,237,59,NSTT,8409.932162271762,6707.350829271761,1702.581333,0.79661,8.44,trypsin,N,0,Capra hircus,9925.0,MT-ND2,3.0,1.0,4205.973357135881
sp|Q36346|NU2M_CAPHI,273,G62765YT,HexNAc(2)Hex(8),NNSIILPTLMAITALLNLYFYMR,273,296,23,NNSI,4387.024720411189,2684.4433874111896,1702.581333,0.92609,8.59,trypsin,N,0,Capra hircus,9925.0,MT-ND2,3.0,1.0,2194.5196362055945
sp|Q37430|COX2_CAPHI,180,G62765YT,HexNAc(2)Hex(8),LNQTTLMSTRPGLFYGQCSEICGSNHSFMPIVLELVPLK,179,218,39,NQTT,6025.73774677605,4323.15641377605,1702.581333,0.24103,6.74,trypsin,N,0,Capra hircus,9925.0,MT-CO2,3.0,1.0,3013.8761493880247
sp|Q37430|COX2_CAPHI,203,G62765YT,HexNAc(2)Hex(8),LNQTTLMSTRPGLFYGQCSEICGSNHSFMPIVLELVPLK,179,218,39,NHSF,6025.73774677605,4323.15641377605,1702.581333,0.24103,6.74,trypsin,N,0,Capra hircus,9925.0,MT-CO2,3.0,1.0,3013.8761493880247
sp|Q66NC0|GDF9_CAPHI,163,G62765YT,HexNAc(2)Hex(8),SVLLYTFNNSISFPFPVK,156,174,18,NNSI,3774.6795969877903,2072.0982639877902,1702.581333,0.57778,8.31,trypsin,N,0,Capra hircus,9925.0,GDF9,3.0,1.0,1888.3470744938952
sp|Q66NC0|GDF9_CAPHI,236,G62765YT,HexNAc(2)Hex(8),NIHMSVNFTCAK,230,242,12,NFTC,3066.2190095966303,1363.6376765966302,1702.581333,0.175,8.23,trypsin,N,0,Capra hircus,9925.0,GDF9,3.0,1.0,1534.1167807983152
sp|Q66NC0|GDF9_CAPHI,255,G62765YT,HexNAc(2)Hex(8),DSLFNMTLLVAPSLLLYLNDTSAQAFHR,251,279,28,NMTL,4852.203289378001,3149.6219563780005,1702.581333,0.42143,5.21,trypsin,N,0,Capra hircus,9925.0,GDF9,3.0,1.0,2427.108920689
sp|Q66NC0|GDF9_CAPHI,269,G62765YT,HexNAc(2)Hex(8),DSLFNMTLLVAPSLLLYLNDTSAQAFHR,251,279,28,NDTS,4852.203289378001,3149.6219563780005,1702.581333,0.42143,5.21,trypsin,N,0,Capra hircus,9925.0,GDF9,3.0,1.0,2427.108920689
sp|Q66NC0|GDF9_CAPHI,337,G62765YT,HexNAc(2)Hex(8),KPLVPASANLSEYFK,329,344,15,NLSE,3365.4794406292604,1662.89810762926,1702.581333,-0.18,8.5,trypsin,N,0,Capra hircus,9925.0,GDF9,3.0,1.0,1683.7469963146302
sp|Q66NC0|GDF9_CAPHI,350,G62765YT,HexNAc(2)Hex(8),QFLFPQNECELHDFR,344,359,15,NECE,3624.45945054401,1921.8781175440097,1702.581333,-0.78667,4.65,trypsin,N,0,Capra hircus,9925.0,GDF9,3.0,1.0,1813.237001272005
sp|Q6R648|KR111_CAPHI,9,G62765YT,HexNAc(2)Hex(8),NCSSR,9,14,5,NCSS,2267.8091777416903,565.2278447416901,1702.581333,-1.42,8.25,trypsin,N,0,Capra hircus,9925.0,KRTAP11-1,2.0,1.0,1134.9118648708452
sp|Q6R649|K1C27_CAPHI,338,G62765YT,HexNAc(2)Hex(8),HSLECSLTETEGNYCAQLAQIQAQIGALEEQLHQVR,326,362,36,NYCA,5712.50754651708,4009.92621351708,1702.581333,-0.37778,4.62,trypsin,N,0,Capra hircus,9925.0,KRT27,2.0,1.0,2857.26104925854
sp|Q6R650|K1C25_CAPHI,34,G62765YT,HexNAc(2)Hex(8),LSGAGASFGAGNACSMPGIGSSFSCAFGSSSSGGNALGGNPCAGFTMNEGGLLSGNEK,23,81,58,NACS,7006.87645471166,5304.29512171166,1702.581333,0.13276,4.53,trypsin,N,0,Capra hircus,9925.0,KRT25,2.0,1.0,3504.4455033558297
sp|Q6R650|K1C25_CAPHI,333,G62765YT,HexNAc(2)Hex(8),HSLECSLTETEGNYCAQLAQIQAQIGALEEQLHQVR,321,357,36,NYCA,5712.50754651708,4009.92621351708,1702.581333,-0.37778,4.62,trypsin,N,0,Capra hircus,9925.0,KRT25,2.0,1.0,2857.26104925854
sp|Q6T5B8|GDF8_CAPHI,40,G62765YT,HexNAc(2)Hex(8),GLCNACLWR,37,46,9,NACL,2737.06032412726,1034.47899112726,1702.581333,0.56667,8.07,trypsin,N,0,Capra hircus,9925.0,MSTN,2.0,2.0,1369.5374380636301
sp|Q6T5B8|GDF8_CAPHI,71,G62765YT,HexNAc(2)Hex(8),LETAPNISK,66,75,9,NISK,2674.11009368731,971.52876068731,1702.581333,-0.43333,6.0,trypsin,N,0,Capra hircus,9925.0,MSTN,2.0,2.0,1338.062322843655
sp|Q6T5B8|GDF8_CAPHI,307,G62765YT,HexNAc(2)Hex(8),ANYCSGECEFLFLQK,306,321,15,NYCS,3453.35081161182,1750.76947861182,1702.581333,-0.02667,4.53,trypsin,N,0,Capra hircus,9925.0,MSTN,2.0,2.0,1727.68268180591
sp|Q7M323|PLMN_CAPHI,88,G62765YT,HexNAc(2)Hex(8),TPESYPNAGLTMNYCR,76,92,16,NYCR,3518.3733379615505,1815.7920049615504,1702.581333,-0.8375,5.66,trypsin,N,0,Capra hircus,9925.0,PLG,1.0,1.0,1760.1939449807753
sp|Q8HY83|FSHB_CAPHI,25,G62765YT,HexNAc(2)Hex(8),SCELTNITITVEK,20,33,13,NITI,3152.3198287533696,1449.7384957533698,1702.581333,0.16923,4.53,trypsin,N,0,Capra hircus,9925.0,FSHB,2.0,1.0,1577.1671903766849
sp|Q8HY83|FSHB_CAPHI,42,G62765YT,HexNAc(2)Hex(8),EECSFCISINTTWCAGYCYTR,33,54,21,NTTW,4151.56604306448,2448.98471006448,1702.581333,0.04762,4.53,trypsin,N,0,Capra hircus,9925.0,FSHB,2.0,1.0,2076.79029753224
sp|Q8WMW8|GLHA_CAPHI,80,G62765YT,HexNAc(2)Hex(8),NITSEATCCVAK,80,92,12,NITS,2941.1448415968603,1238.5635085968602,1702.581333,0.35,5.99,trypsin,N,0,Capra hircus,9925.0,CGA,2.0,1.0,1471.5796967984302
sp|Q8WMW8|GLHA_CAPHI,106,G62765YT,HexNAc(2)Hex(8),VENHTDCHCSTCYYHK,104,120,16,NHTD,3641.3260704993,1938.7447374993,1702.581333,-1.06875,6.25,trypsin,N,0,Capra hircus,9925.0,CGA,2.0,1.0,1821.67031124965
sp|Q9GK76|PTAFR_CAPHI,4,G62765YT,HexNAc(2)Hex(8),MEPNNSFR,1,9,8,NNSF,2696.01514775665,993.43381475665,1702.581333,-1.5875,5.75,trypsin,N,0,Capra hircus,9925.0,PTAFR,3.0,1.0,1349.014849878325
sp|Q9GK76|PTAFR_CAPHI,58,G62765YT,HexNAc(2)Hex(8),IFMVNLTMADLLFLVTLPLWIVYYYNQGDWILPK,54,88,34,NLTM,5804.75693193232,4102.17559893232,1702.581333,0.93529,4.21,trypsin,N,0,Capra hircus,9925.0,PTAFR,3.0,1.0,2903.38574196616
sp|Q9GK76|PTAFR_CAPHI,169,G62765YT,HexNAc(2)Hex(8),TGSGNITR,165,173,8,NITR,2506.9903129078,804.4089799078,1702.581333,-0.8125,9.41,trypsin,N,0,Capra hircus,9925.0,PTAFR,3.0,1.0,1254.5024324539002
sp|Q9TUG3|HSP72_CAPHI,152,G62765YT,HexNAc(2)Hex(8),VQSAVITVPAYFNDSQR,140,157,17,NDSQ,3596.53980903969,1893.95847603969,1702.581333,-0.01176,5.81,trypsin,N,0,Capra hircus,9925.0,HSPA2,3.0,1.0,1799.2771805198452
sp|Q9TUG3|HSP72_CAPHI,420,G62765YT,HexNAc(2)Hex(8),NTTIPTK,420,427,7,NTTI,2476.00965137005,773.4283183700501,1702.581333,-0.94286,8.75,trypsin,N,0,Capra hircus,9925.0,HSPA2,3.0,1.0,1239.012101685025
sp|Q9TUG3|HSP72_CAPHI,437,G62765YT,HexNAc(2)Hex(8),QTQTFTTYSDNQSSVLVQVYEGER,427,451,24,NQSS,4481.87501487054,2779.29368187054,1702.581333,-0.89583,4.14,trypsin,N,0,Capra hircus,9925.0,HSPA2,3.0,1.0,2241.94478343527
sp|Q9TUG3|HSP72_CAPHI,490,G62765YT,HexNAc(2)Hex(8),GVPQIEVTFDIDANGILNVTAADK,473,497,24,NVTA,4201.867016386141,2499.28568338614,1702.581333,0.24583,4.05,trypsin,N,0,Capra hircus,9925.0,HSPA2,3.0,1.0,2101.94078419307
sp|A5JSS2|RL21_CAPHI,66,G62765YT,HexNAc(2)Hex(8),VYNVTQHAVGIIVNK,64,79,15,NVTQ,3356.50157305617,1653.92024005617,1702.581333,0.50667,8.57,trypsin,N,0,Capra hircus,9925.0,RPL21,2.0,1.0,1679.258062528085
sp|P36835|IL2_CAPHI,70,G62765YT,HexNAc(2)Hex(8),VNDTELK,69,76,7,NDTE,2519.99948060917,817.4181476091701,1702.581333,-1.01429,4.37,trypsin,N,0,Capra hircus,9925.0,IL2,2.0,1.0,1261.007016304585
sp|Q6R645|KR151_CAPHI,4,G62765YT,HexNAc(2)Hex(8),MSFNCSTGNFSR,1,13,12,NCST,3052.13058851505,1349.54925551505,1702.581333,-0.41667,8.0,trypsin,N,0,Capra hircus,9925.0,KRTAP15-1,2.0,1.0,1527.072570257525
sp|Q6R645|KR151_CAPHI,9,G62765YT,HexNAc(2)Hex(8),MSFNCSTGNFSR,1,13,12,NFSR,3052.13058851505,1349.54925551505,1702.581333,-0.41667,8.0,trypsin,N,0,Capra hircus,9925.0,KRTAP15-1,2.0,1.0,1527.072570257525
sp|Q6R645|KR151_CAPHI,119,G62765YT,HexNAc(2)Hex(8),SPCQTIYTGSLGSGNIGLGSFGCGSTGFQSLGCGSNFCSPTYVSSR,84,130,46,NFCS,6243.5845531614295,4541.003220161429,1702.581333,0.08478,7.62,trypsin,N,0,Capra hircus,9925.0,KRTAP15-1,2.0,1.0,3122.7995525807146
