ProteinID,Site,GlyToucan_AC,Composition,ShorthandGlycan,Peptide,Start,End,Length,Sequon,GlycopeptideMass,PeptideMass,GlycanMass,Hydrophobicity,pI,z2,Charge,IonSeries
sp|A0CDD4|CFA20_PARTE,135.0,G22768VO,HexNAc(2)Hex(3),N2H3,LDEGWNQIQFNLSDFTR,125.0,141.0,17.0,NLS,3298.4035080000003,2081.980645,1216.422863,-0.82941,3.55,1650.2090300000002,2,"{'b': [114.0913, 229.1183, 358.1609, 415.1823, 601.2616, 715.3046, 843.3631, 956.4472, 1084.5058, 1231.5742, 1345.6171, 1458.7012, 1545.7332, 1660.7602, 1807.8286, 1908.8762], 'y': [175.119, 276.1666, 423.235, 538.262, 625.294, 738.3781, 852.421, 999.4894, 1127.548, 1240.6321, 1368.6906, 1482.7336, 1668.8129, 1725.8343, 1854.8769, 1969.9039], 'c': [131.1178, 246.1448, 375.1874, 432.2088, 618.2881, 732.3311, 860.3896, 973.4737, 1101.5323, 1248.6007, 1362.6436, 1475.7277, 1562.7597, 1677.7867, 1824.8551, 1925.9027], 'z': [140.0819, 241.1296, 388.198, 503.2249, 590.2569, 703.341, 817.3839, 964.4523, 1092.5109, 1205.595, 1333.6536, 1447.6965, 1633.7758, 1690.7973, 1819.8399, 1934.8668], 'Y': {'Y0': 2082.9879, 'Y1': 2286.0673, 'Y2': 2489.1467, 'Y3': 2651.1995, 'Y4': 2813.2523, 'Y5': 2975.3051}, '2Y': {'2Y0': 1041.494, '2Y1': 1143.0337, '2Y2': 1244.5734, '2Y3': 1325.5998, '2Y4': 1406.6262, '2Y5': 1487.6526}, 'B': {'B_HexNAc_1': 204.0867, 'B_HexNAc_2': 407.1661, 'B_Hex_1': 569.2189, 'B_Hex_2': 731.2717, 'B_Hex_3': 893.3245}, 'oxonium': {'ox_HexNAc': 204.0867, 'ox_Hex': 163.0601}}"
sp|A0CNL9|PP2A2_PARTE,270.0,G22768VO,HexNAc(2)Hex(3),N2H3,TITIFSAPNYCYR,262.0,274.0,13.0,NYC,2764.167108,1547.744245,1216.422863,0.13077,8.75,1383.09083,2,"{'b': [102.055, 215.139, 316.1867, 429.2708, 576.3392, 663.3712, 734.4083, 831.4611, 945.504, 1108.5673, 1211.5765, 1374.6398], 'y': [175.119, 338.1823, 441.1915, 604.2548, 718.2977, 815.3505, 886.3876, 973.4196, 1120.488, 1233.5721, 1334.6198, 1447.7038], 'c': [119.0815, 232.1655, 333.2132, 446.2973, 593.3657, 680.3977, 751.4348, 848.4876, 962.5305, 1125.5938, 1228.603, 1391.6663], 'z': [140.0819, 303.1452, 406.1544, 569.2177, 683.2607, 780.3134, 851.3505, 938.3826, 1085.451, 1198.535, 1299.5827, 1412.6668], 'Y': {'Y0': 1548.7515, 'Y1': 1751.8309, 'Y2': 1954.9103, 'Y3': 2116.9631, 'Y4': 2279.0159, 'Y5': 2441.0687}, '2Y': {'2Y0': 774.3758, '2Y1': 875.9155, '2Y2': 977.4552, '2Y3': 1058.4816, '2Y4': 1139.508, '2Y5': 1220.5344}, 'B': {'B_HexNAc_1': 204.0867, 'B_HexNAc_2': 407.1661, 'B_Hex_1': 569.2189, 'B_Hex_2': 731.2717, 'B_Hex_3': 893.3245}, 'oxonium': {'ox_HexNAc': 204.0867, 'ox_Hex': 163.0601}}"
sp|A0CNL9|PP2A2_PARTE,291.0,G22768VO,HexNAc(2)Hex(3),N2H3,MNQTQFEPAPR,290.0,300.0,11.0,NQT,2534.0364280000003,1317.6135650000003,1216.422863,-1.44545,6.93,1268.0254900000002,2,"{'b': [132.0478, 246.0907, 374.1493, 475.197, 603.2555, 750.3239, 879.3665, 976.4193, 1047.4564, 1144.5092], 'y': [175.119, 272.1717, 343.2088, 440.2616, 569.3042, 716.3726, 844.4312, 945.4788, 1073.5374, 1187.5804], 'c': [149.0743, 263.1172, 391.1758, 492.2235, 620.282, 767.3504, 896.393, 993.4458, 1064.4829, 1161.5357], 'z': [140.0819, 237.1346, 308.1718, 405.2245, 534.2671, 681.3355, 809.3941, 910.4418, 1038.5004, 1152.5433], 'Y': {'Y0': 1318.6208, 'Y1': 1521.7002, 'Y2': 1724.7796, 'Y3': 1886.8324, 'Y4': 2048.8852, 'Y5': 2210.938}, '2Y': {'2Y0': 659.3104, '2Y1': 760.8501, '2Y2': 862.3898, '2Y3': 943.4162, '2Y4': 1024.4426, '2Y5': 1105.469}, 'B': {'B_HexNAc_1': 204.0867, 'B_HexNAc_2': 407.1661, 'B_Hex_1': 569.2189, 'B_Hex_2': 731.2717, 'B_Hex_3': 893.3245}, 'oxonium': {'ox_HexNAc': 204.0867, 'ox_Hex': 163.0601}}"
sp|A0CY51|CF300_PARTE,11.0,G22768VO,HexNAc(2)Hex(3),N2H3,MQIESDNQVTNQSYSFFR,1.0,18.0,18.0,NQS,3409.402548,2192.979685,1216.422863,-0.95556,3.97,1705.70855,2,"{'b': [132.0478, 260.1063, 373.1904, 502.233, 589.265, 704.292, 818.3349, 946.3935, 1045.4619, 1146.5096, 1260.5525, 1388.6111, 1475.6431, 1638.7064, 1725.7385, 1872.8069, 2019.8753], 'y': [175.119, 322.1874, 469.2558, 556.2878, 719.3511, 806.3832, 934.4417, 1048.4847, 1149.5324, 1248.6008, 1376.6593, 1490.7023, 1605.7292, 1692.7612, 1821.8038, 1934.8879, 2062.9465], 'c': [149.0743, 277.1328, 390.2169, 519.2595, 606.2915, 721.3185, 835.3614, 963.42, 1062.4884, 1163.5361, 1277.579, 1405.6376, 1492.6696, 1655.7329, 1742.765, 1889.8334, 2036.9018], 'z': [140.0819, 287.1503, 434.2187, 521.2507, 684.3141, 771.3461, 899.4047, 1013.4476, 1114.4953, 1213.5637, 1341.6223, 1455.6652, 1570.6921, 1657.7242, 1786.7668, 1899.8508, 2027.9094], 'Y': {'Y0': 2193.987, 'Y1': 2397.0664, 'Y2': 2600.1458, 'Y3': 2762.1986, 'Y4': 2924.2514, 'Y5': 3086.3042}, '2Y': {'2Y0': 1096.9935, '2Y1': 1198.5332, '2Y2': 1300.0729, '2Y3': 1381.0993, '2Y4': 1462.1257, '2Y5': 1543.1521}, 'B': {'B_HexNAc_1': 204.0867, 'B_HexNAc_2': 407.1661, 'B_Hex_1': 569.2189, 'B_Hex_2': 731.2717, 'B_Hex_3': 893.3245}, 'oxonium': {'ox_HexNAc': 204.0867, 'ox_Hex': 163.0601}}"
sp|A0DTY1|PP2C4_PARTE,153.0,G22768VO,HexNAc(2)Hex(3),N2H3,NNTNYDMSVDHKPDNYEEK,153.0,171.0,19.0,NNT,3528.388008,2311.9651449999997,1216.422863,-2.21579,4.08,1765.20128,2,"{'b': [115.0502, 229.0931, 330.1408, 444.1837, 607.2471, 722.274, 853.3145, 940.3465, 1039.4149, 1154.4419, 1291.5008, 1419.5958, 1516.6485, 1631.6755, 1745.7184, 1908.7817, 2037.8243, 2166.8669], 'y': [147.1128, 276.1554, 405.198, 568.2613, 682.3042, 797.3312, 894.3839, 1022.4789, 1159.5378, 1274.5648, 1373.6332, 1460.6652, 1591.7057, 1706.7326, 1869.796, 1983.8389, 2084.8866, 2198.9295], 'c': [132.0767, 246.1196, 347.1673, 461.2102, 624.2736, 739.3005, 870.341, 957.373, 1056.4414, 1171.4684, 1308.5273, 1436.6223, 1533.675, 1648.702, 1762.7449, 1925.8082, 2054.8508, 2183.8934], 'z': [112.0757, 241.1183, 370.1609, 533.2242, 647.2672, 762.2941, 859.3469, 987.4418, 1124.5007, 1239.5277, 1338.5961, 1425.6281, 1556.6686, 1671.6956, 1834.7589, 1948.8018, 2049.8495, 2163.8924], 'Y': {'Y0': 2312.9724, 'Y1': 2516.0518, 'Y2': 2719.1312, 'Y3': 2881.184, 'Y4': 3043.2368, 'Y5': 3205.2896}, '2Y': {'2Y0': 1156.4862, '2Y1': 1258.0259, '2Y2': 1359.5656, '2Y3': 1440.592, '2Y4': 1521.6184, '2Y5': 1602.6448}, 'B': {'B_HexNAc_1': 204.0867, 'B_HexNAc_2': 407.1661, 'B_Hex_1': 569.2189, 'B_Hex_2': 731.2717, 'B_Hex_3': 893.3245}, 'oxonium': {'ox_HexNAc': 204.0867, 'ox_Hex': 163.0601}}"
sp|A0DTY1|PP2C4_PARTE,191.0,G22768VO,HexNAc(2)Hex(3),N2H3,VNGNLNLSR,186.0,194.0,9.0,NLS,2201.953348,985.530485,1216.422863,-0.48889,11.04,1101.98395,2,"{'b': [100.0757, 214.1186, 271.1401, 385.183, 498.2671, 612.31, 725.3941, 812.4261], 'y': [175.119, 262.151, 375.235, 489.278, 602.362, 716.405, 773.4264, 887.4694], 'c': [117.1022, 231.1451, 288.1666, 402.2095, 515.2936, 629.3365, 742.4206, 829.4526], 'z': [140.0819, 227.1139, 340.198, 454.2409, 567.325, 681.3679, 738.3894, 852.4323], 'Y': {'Y0': 986.5378, 'Y1': 1189.6172, 'Y2': 1392.6966, 'Y3': 1554.7494, 'Y4': 1716.8022, 'Y5': 1878.855}, '2Y': {'2Y0': 493.2689, '2Y1': 594.8086, '2Y2': 696.3483, '2Y3': 777.3747, '2Y4': 858.4011, '2Y5': 939.4275}, 'B': {'B_HexNAc_1': 204.0867, 'B_HexNAc_2': 407.1661, 'B_Hex_1': 569.2189, 'B_Hex_2': 731.2717, 'B_Hex_3': 893.3245}, 'oxonium': {'ox_HexNAc': 204.0867, 'ox_Hex': 163.0601}}"
sp|A0DTY1|PP2C4_PARTE,226.0,G22768VO,HexNAc(2)Hex(3),N2H3,VELNQTDK,223.0,230.0,8.0,NQT,2161.899578,945.476715,1216.422863,-1.325,3.97,1081.957065,2,"{'b': [100.0757, 229.1183, 342.2023, 456.2453, 584.3038, 685.3515, 800.3785], 'y': [147.1128, 262.1397, 363.1874, 491.246, 605.2889, 718.373, 847.4156], 'c': [117.1022, 246.1448, 359.2288, 473.2718, 601.3303, 702.378, 817.405], 'z': [112.0757, 227.1027, 328.1504, 456.2089, 570.2519, 683.3359, 812.3785], 'Y': {'Y0': 946.484, 'Y1': 1149.5634, 'Y2': 1352.6428, 'Y3': 1514.6956, 'Y4': 1676.7484, 'Y5': 1838.8012}, '2Y': {'2Y0': 473.242, '2Y1': 574.7817, '2Y2': 676.3214, '2Y3': 757.3478, '2Y4': 838.3742, '2Y5': 919.4006}, 'B': {'B_HexNAc_1': 204.0867, 'B_HexNAc_2': 407.1661, 'B_Hex_1': 569.2189, 'B_Hex_2': 731.2717, 'B_Hex_3': 893.3245}, 'oxonium': {'ox_HexNAc': 204.0867, 'ox_Hex': 163.0601}}"
sp|P48726|PP2A1_PARTE,270.0,G22768VO,HexNAc(2)Hex(3),N2H3,TITIFSAPNYCYR,262.0,274.0,13.0,NYC,2764.167108,1547.744245,1216.422863,0.13077,8.75,1383.09083,2,"{'b': [102.055, 215.139, 316.1867, 429.2708, 576.3392, 663.3712, 734.4083, 831.4611, 945.504, 1108.5673, 1211.5765, 1374.6398], 'y': [175.119, 338.1823, 441.1915, 604.2548, 718.2977, 815.3505, 886.3876, 973.4196, 1120.488, 1233.5721, 1334.6198, 1447.7038], 'c': [119.0815, 232.1655, 333.2132, 446.2973, 593.3657, 680.3977, 751.4348, 848.4876, 962.5305, 1125.5938, 1228.603, 1391.6663], 'z': [140.0819, 303.1452, 406.1544, 569.2177, 683.2607, 780.3134, 851.3505, 938.3826, 1085.451, 1198.535, 1299.5827, 1412.6668], 'Y': {'Y0': 1548.7515, 'Y1': 1751.8309, 'Y2': 1954.9103, 'Y3': 2116.9631, 'Y4': 2279.0159, 'Y5': 2441.0687}, '2Y': {'2Y0': 774.3758, '2Y1': 875.9155, '2Y2': 977.4552, '2Y3': 1058.4816, '2Y4': 1139.508, '2Y5': 1220.5344}, 'B': {'B_HexNAc_1': 204.0867, 'B_HexNAc_2': 407.1661, 'B_Hex_1': 569.2189, 'B_Hex_2': 731.2717, 'B_Hex_3': 893.3245}, 'oxonium': {'ox_HexNAc': 204.0867, 'ox_Hex': 163.0601}}"
sp|P48726|PP2A1_PARTE,291.0,G22768VO,HexNAc(2)Hex(3),N2H3,MNQTQFEPAPR,290.0,300.0,11.0,NQT,2534.0364280000003,1317.6135650000003,1216.422863,-1.44545,6.93,1268.0254900000002,2,"{'b': [132.0478, 246.0907, 374.1493, 475.197, 603.2555, 750.3239, 879.3665, 976.4193, 1047.4564, 1144.5092], 'y': [175.119, 272.1717, 343.2088, 440.2616, 569.3042, 716.3726, 844.4312, 945.4788, 1073.5374, 1187.5804], 'c': [149.0743, 263.1172, 391.1758, 492.2235, 620.282, 767.3504, 896.393, 993.4458, 1064.4829, 1161.5357], 'z': [140.0819, 237.1346, 308.1718, 405.2245, 534.2671, 681.3355, 809.3941, 910.4418, 1038.5004, 1152.5433], 'Y': {'Y0': 1318.6208, 'Y1': 1521.7002, 'Y2': 1724.7796, 'Y3': 1886.8324, 'Y4': 2048.8852, 'Y5': 2210.938}, '2Y': {'2Y0': 659.3104, '2Y1': 760.8501, '2Y2': 862.3898, '2Y3': 943.4162, '2Y4': 1024.4426, '2Y5': 1105.469}, 'B': {'B_HexNAc_1': 204.0867, 'B_HexNAc_2': 407.1661, 'B_Hex_1': 569.2189, 'B_Hex_2': 731.2717, 'B_Hex_3': 893.3245}, 'oxonium': {'ox_HexNAc': 204.0867, 'ox_Hex': 163.0601}}"
sp|P49444|PP2C1_PARTE,153.0,G22768VO,HexNAc(2)Hex(3),N2H3,NNTNHDMSVDHKPDNPEEK,153.0,171.0,19.0,NNT,3436.3730179999993,2219.9501549999995,1216.422863,-2.33158,4.52,1719.1937849999997,2,"{'b': [115.0502, 229.0931, 330.1408, 444.1837, 581.2427, 696.2696, 827.3101, 914.3421, 1013.4105, 1128.4375, 1265.4964, 1393.5913, 1490.6441, 1605.671, 1719.714, 1816.7667, 1945.8093, 2074.8519], 'y': [147.1128, 276.1554, 405.198, 502.2507, 616.2937, 731.3206, 828.3734, 956.4683, 1093.5272, 1208.5542, 1307.6226, 1394.6546, 1525.6951, 1640.7221, 1777.781, 1891.8239, 1992.8716, 2106.9145], 'c': [132.0767, 246.1196, 347.1673, 461.2102, 598.2692, 713.2961, 844.3366, 931.3686, 1030.437, 1145.464, 1282.5229, 1410.6178, 1507.6706, 1622.6975, 1736.7405, 1833.7932, 1962.8358, 2091.8784], 'z': [112.0757, 241.1183, 370.1609, 467.2137, 581.2566, 696.2835, 793.3363, 921.4313, 1058.4902, 1173.5171, 1272.5855, 1359.6176, 1490.658, 1605.685, 1742.7439, 1856.7868, 1957.8345, 2071.8774], 'Y': {'Y0': 2220.9574, 'Y1': 2424.0368, 'Y2': 2627.1162, 'Y3': 2789.169, 'Y4': 2951.2218, 'Y5': 3113.2746}, '2Y': {'2Y0': 1110.4787, '2Y1': 1212.0184, '2Y2': 1313.5581, '2Y3': 1394.5845, '2Y4': 1475.6109, '2Y5': 1556.6373}, 'B': {'B_HexNAc_1': 204.0867, 'B_HexNAc_2': 407.1661, 'B_Hex_1': 569.2189, 'B_Hex_2': 731.2717, 'B_Hex_3': 893.3245}, 'oxonium': {'ox_HexNAc': 204.0867, 'ox_Hex': 163.0601}}"
sp|P49444|PP2C1_PARTE,191.0,G22768VO,HexNAc(2)Hex(3),N2H3,VNGNLNLSR,186.0,194.0,9.0,NLS,2201.953348,985.530485,1216.422863,-0.48889,11.04,1101.98395,2,"{'b': [100.0757, 214.1186, 271.1401, 385.183, 498.2671, 612.31, 725.3941, 812.4261], 'y': [175.119, 262.151, 375.235, 489.278, 602.362, 716.405, 773.4264, 887.4694], 'c': [117.1022, 231.1451, 288.1666, 402.2095, 515.2936, 629.3365, 742.4206, 829.4526], 'z': [140.0819, 227.1139, 340.198, 454.2409, 567.325, 681.3679, 738.3894, 852.4323], 'Y': {'Y0': 986.5378, 'Y1': 1189.6172, 'Y2': 1392.6966, 'Y3': 1554.7494, 'Y4': 1716.8022, 'Y5': 1878.855}, '2Y': {'2Y0': 493.2689, '2Y1': 594.8086, '2Y2': 696.3483, '2Y3': 777.3747, '2Y4': 858.4011, '2Y5': 939.4275}, 'B': {'B_HexNAc_1': 204.0867, 'B_HexNAc_2': 407.1661, 'B_Hex_1': 569.2189, 'B_Hex_2': 731.2717, 'B_Hex_3': 893.3245}, 'oxonium': {'ox_HexNAc': 204.0867, 'ox_Hex': 163.0601}}"
sp|P49444|PP2C1_PARTE,253.0,G22768VO,HexNAc(2)Hex(3),N2H3,QVNSTIGQAQVTEELLK,251.0,267.0,17.0,NST,3073.407198,1856.984335,1216.422863,-0.30588,4.26,1537.710875,2,"{'b': [129.0659, 228.1343, 342.1772, 429.2092, 530.2569, 643.341, 700.3624, 828.421, 899.4581, 1027.5167, 1126.5851, 1227.6328, 1356.6754, 1485.718, 1598.802, 1711.8861], 'y': [147.1128, 260.1969, 373.2809, 502.3235, 631.3661, 732.4138, 831.4822, 959.5408, 1030.5779, 1158.6365, 1215.6579, 1328.742, 1429.7897, 1516.8217, 1630.8646, 1729.933], 'c': [146.0924, 245.1608, 359.2037, 446.2357, 547.2834, 660.3675, 717.3889, 845.4475, 916.4846, 1044.5432, 1143.6116, 1244.6593, 1373.7019, 1502.7445, 1615.8285, 1728.9126], 'z': [112.0757, 225.1598, 338.2439, 467.2864, 596.329, 697.3767, 796.4451, 924.5037, 995.5408, 1123.5994, 1180.6209, 1293.7049, 1394.7526, 1481.7846, 1595.8276, 1694.896], 'Y': {'Y0': 1857.9916, 'Y1': 2061.071, 'Y2': 2264.1504, 'Y3': 2426.2032, 'Y4': 2588.256, 'Y5': 2750.3088}, '2Y': {'2Y0': 928.9958, '2Y1': 1030.5355, '2Y2': 1132.0752, '2Y3': 1213.1016, '2Y4': 1294.128, '2Y5': 1375.1544}, 'B': {'B_HexNAc_1': 204.0867, 'B_HexNAc_2': 407.1661, 'B_Hex_1': 569.2189, 'B_Hex_2': 731.2717, 'B_Hex_3': 893.3245}, 'oxonium': {'ox_HexNAc': 204.0867, 'ox_Hex': 163.0601}}"
sp|Q27828|DRTS_PARTE,92.0,G22768VO,HexNAc(2)Hex(3),N2H3,IEDALQFYNTSHQK,84.0,97.0,14.0,NTS,2909.233598,1692.810735,1216.422863,-1.03571,5.19,1455.624075,2,"{'b': [114.0913, 243.1339, 358.1609, 429.198, 542.282, 670.3406, 817.409, 980.4724, 1094.5153, 1195.563, 1282.595, 1419.6539, 1547.7125], 'y': [147.1128, 275.1714, 412.2303, 499.2623, 600.31, 714.3529, 877.4163, 1024.4847, 1152.5433, 1265.6273, 1336.6644, 1451.6914, 1580.734], 'c': [131.1178, 260.1604, 375.1874, 446.2245, 559.3085, 687.3671, 834.4355, 997.4989, 1111.5418, 1212.5895, 1299.6215, 1436.6804, 1564.739], 'z': [112.0757, 240.1343, 377.1932, 464.2253, 565.2729, 679.3159, 842.3792, 989.4476, 1117.5062, 1230.5902, 1301.6274, 1416.6543, 1545.6969], 'Y': {'Y0': 1693.818, 'Y1': 1896.8974, 'Y2': 2099.9768, 'Y3': 2262.0296, 'Y4': 2424.0824, 'Y5': 2586.1352}, '2Y': {'2Y0': 846.909, '2Y1': 948.4487, '2Y2': 1049.9884, '2Y3': 1131.0148, '2Y4': 1212.0412, '2Y5': 1293.0676}, 'B': {'B_HexNAc_1': 204.0867, 'B_HexNAc_2': 407.1661, 'B_Hex_1': 569.2189, 'B_Hex_2': 731.2717, 'B_Hex_3': 893.3245}, 'oxonium': {'ox_HexNAc': 204.0867, 'ox_Hex': 163.0601}}"
sp|Q27828|DRTS_PARTE,262.0,G22768VO,HexNAc(2)Hex(3),N2H3,IWEGNGTR,258.0,265.0,8.0,NGT,2147.874028,931.4511650000002,1216.422863,-1.175,6.93,1074.9442900000001,2,"{'b': [114.0913, 300.1706, 429.2132, 486.2347, 600.2776, 657.2991, 758.3468], 'y': [175.119, 276.1666, 333.1881, 447.231, 504.2525, 633.2951, 819.3744], 'c': [131.1178, 317.1971, 446.2397, 503.2612, 617.3041, 674.3256, 775.3733], 'z': [140.0819, 241.1296, 298.151, 412.194, 469.2154, 598.258, 784.3373], 'Y': {'Y0': 932.4584, 'Y1': 1135.5378, 'Y2': 1338.6172, 'Y3': 1500.67, 'Y4': 1662.7228, 'Y5': 1824.7756}, '2Y': {'2Y0': 466.2292, '2Y1': 567.7689, '2Y2': 669.3086, '2Y3': 750.335, '2Y4': 831.3614, '2Y5': 912.3878}, 'B': {'B_HexNAc_1': 204.0867, 'B_HexNAc_2': 407.1661, 'B_Hex_1': 569.2189, 'B_Hex_2': 731.2717, 'B_Hex_3': 893.3245}, 'oxonium': {'ox_HexNAc': 204.0867, 'ox_Hex': 163.0601}}"
sp|Q6BFF6|PP2A3_PARTE,270.0,G22768VO,HexNAc(2)Hex(3),N2H3,TITIFSAPNYCYR,262.0,274.0,13.0,NYC,2764.167108,1547.744245,1216.422863,0.13077,8.75,1383.09083,2,"{'b': [102.055, 215.139, 316.1867, 429.2708, 576.3392, 663.3712, 734.4083, 831.4611, 945.504, 1108.5673, 1211.5765, 1374.6398], 'y': [175.119, 338.1823, 441.1915, 604.2548, 718.2977, 815.3505, 886.3876, 973.4196, 1120.488, 1233.5721, 1334.6198, 1447.7038], 'c': [119.0815, 232.1655, 333.2132, 446.2973, 593.3657, 680.3977, 751.4348, 848.4876, 962.5305, 1125.5938, 1228.603, 1391.6663], 'z': [140.0819, 303.1452, 406.1544, 569.2177, 683.2607, 780.3134, 851.3505, 938.3826, 1085.451, 1198.535, 1299.5827, 1412.6668], 'Y': {'Y0': 1548.7515, 'Y1': 1751.8309, 'Y2': 1954.9103, 'Y3': 2116.9631, 'Y4': 2279.0159, 'Y5': 2441.0687}, '2Y': {'2Y0': 774.3758, '2Y1': 875.9155, '2Y2': 977.4552, '2Y3': 1058.4816, '2Y4': 1139.508, '2Y5': 1220.5344}, 'B': {'B_HexNAc_1': 204.0867, 'B_HexNAc_2': 407.1661, 'B_Hex_1': 569.2189, 'B_Hex_2': 731.2717, 'B_Hex_3': 893.3245}, 'oxonium': {'ox_HexNAc': 204.0867, 'ox_Hex': 163.0601}}"
sp|Q6BFF6|PP2A3_PARTE,291.0,G22768VO,HexNAc(2)Hex(3),N2H3,MNQTQFEPAPR,290.0,300.0,11.0,NQT,2534.0364280000003,1317.6135650000003,1216.422863,-1.44545,6.93,1268.0254900000002,2,"{'b': [132.0478, 246.0907, 374.1493, 475.197, 603.2555, 750.3239, 879.3665, 976.4193, 1047.4564, 1144.5092], 'y': [175.119, 272.1717, 343.2088, 440.2616, 569.3042, 716.3726, 844.4312, 945.4788, 1073.5374, 1187.5804], 'c': [149.0743, 263.1172, 391.1758, 492.2235, 620.282, 767.3504, 896.393, 993.4458, 1064.4829, 1161.5357], 'z': [140.0819, 237.1346, 308.1718, 405.2245, 534.2671, 681.3355, 809.3941, 910.4418, 1038.5004, 1152.5433], 'Y': {'Y0': 1318.6208, 'Y1': 1521.7002, 'Y2': 1724.7796, 'Y3': 1886.8324, 'Y4': 2048.8852, 'Y5': 2210.938}, '2Y': {'2Y0': 659.3104, '2Y1': 760.8501, '2Y2': 862.3898, '2Y3': 943.4162, '2Y4': 1024.4426, '2Y5': 1105.469}, 'B': {'B_HexNAc_1': 204.0867, 'B_HexNAc_2': 407.1661, 'B_Hex_1': 569.2189, 'B_Hex_2': 731.2717, 'B_Hex_3': 893.3245}, 'oxonium': {'ox_HexNAc': 204.0867, 'ox_Hex': 163.0601}}"
sp|A0BD92|PURA_PARTE,290.0,G22768VO,HexNAc(2)Hex(3),N2H3,VGEGPFPTELTNETGK,279.0,294.0,16.0,NET,2891.2329079999995,1674.8100449999995,1216.422863,-0.85,3.96,1446.6237299999998,2,"{'b': [100.0757, 157.0971, 286.1397, 343.1612, 440.214, 587.2824, 684.3351, 785.3828, 914.4254, 1027.5095, 1128.5571, 1242.6001, 1371.6427, 1472.6903, 1529.7118], 'y': [147.1128, 204.1343, 305.1819, 434.2245, 548.2675, 649.3151, 762.3992, 891.4418, 992.4895, 1089.5422, 1236.6106, 1333.6634, 1390.6849, 1519.7275, 1576.7489], 'c': [117.1022, 174.1236, 303.1662, 360.1877, 457.2405, 604.3089, 701.3616, 802.4093, 931.4519, 1044.536, 1145.5836, 1259.6266, 1388.6692, 1489.7168, 1546.7383], 'z': [112.0757, 169.0972, 270.1449, 399.1875, 513.2304, 614.2781, 727.3621, 856.4047, 957.4524, 1054.5052, 1201.5736, 1298.6263, 1355.6478, 1484.6904, 1541.7118], 'Y': {'Y0': 1675.8173, 'Y1': 1878.8967, 'Y2': 2081.9761, 'Y3': 2244.0289, 'Y4': 2406.0817, 'Y5': 2568.1345}, '2Y': {'2Y0': 837.9087, '2Y1': 939.4484, '2Y2': 1040.9881, '2Y3': 1122.0145, '2Y4': 1203.0409, '2Y5': 1284.0673}, 'B': {'B_HexNAc_1': 204.0867, 'B_HexNAc_2': 407.1661, 'B_Hex_1': 569.2189, 'B_Hex_2': 731.2717, 'B_Hex_3': 893.3245}, 'oxonium': {'ox_HexNAc': 204.0867, 'ox_Hex': 163.0601}}"
sp|A0BD92|PURA_PARTE,334.0,G22768VO,HexNAc(2)Hex(3),N2H3,YSIQINGHSSINLTK,323.0,337.0,15.0,NLT,2890.2965379999996,1673.8736749999998,1216.422863,-0.34,9.71,1446.1555449999998,2,"{'b': [164.0706, 251.1026, 364.1867, 492.2453, 605.3293, 719.3723, 776.3937, 913.4526, 1000.4847, 1087.5167, 1200.6008, 1314.6437, 1427.7277, 1528.7754], 'y': [147.1128, 248.1605, 361.2445, 475.2875, 588.3715, 675.4036, 762.4356, 899.4945, 956.516, 1070.5589, 1183.643, 1311.7015, 1424.7856, 1511.8176], 'c': [181.0971, 268.1291, 381.2132, 509.2718, 622.3558, 736.3988, 793.4202, 930.4791, 1017.5112, 1104.5432, 1217.6273, 1331.6702, 1444.7542, 1545.8019], 'z': [112.0757, 213.1234, 326.2075, 440.2504, 553.3345, 640.3665, 727.3985, 864.4574, 921.4789, 1035.5218, 1148.6059, 1276.6645, 1389.7485, 1476.7806], 'Y': {'Y0': 1674.881, 'Y1': 1877.9604, 'Y2': 2081.0398, 'Y3': 2243.0926, 'Y4': 2405.1454, 'Y5': 2567.1982}, '2Y': {'2Y0': 837.4405, '2Y1': 938.9802, '2Y2': 1040.5199, '2Y3': 1121.5463, '2Y4': 1202.5727, '2Y5': 1283.5991}, 'B': {'B_HexNAc_1': 204.0867, 'B_HexNAc_2': 407.1661, 'B_Hex_1': 569.2189, 'B_Hex_2': 731.2717, 'B_Hex_3': 893.3245}, 'oxonium': {'ox_HexNAc': 204.0867, 'ox_Hex': 163.0601}}"
sp|A0BKG2|SEY11_PARTE,480.0,G22768VO,HexNAc(2)Hex(3),N2H3,IVSQQVLNISPK,473.0,484.0,12.0,NIS,2541.1942980000003,1324.771435,1216.422863,0.3,10.07,1271.6044250000002,2,"{'b': [114.0913, 213.1597, 300.1918, 428.2504, 556.3089, 655.3773, 768.4614, 882.5043, 995.5884, 1082.6204, 1179.6732], 'y': [147.1128, 244.1656, 331.1976, 444.2817, 558.3246, 671.4086, 770.4771, 898.5356, 1026.5942, 1113.6262, 1212.6947], 'c': [131.1178, 230.1862, 317.2183, 445.2769, 573.3354, 672.4038, 785.4879, 899.5308, 1012.6149, 1099.6469, 1196.6997], 'z': [112.0757, 209.1285, 296.1605, 409.2446, 523.2875, 636.3716, 735.44, 863.4986, 991.5571, 1078.5892, 1177.6576], 'Y': {'Y0': 1325.7787, 'Y1': 1528.8581, 'Y2': 1731.9375, 'Y3': 1893.9903, 'Y4': 2056.0431, 'Y5': 2218.0959}, '2Y': {'2Y0': 662.8894, '2Y1': 764.4291, '2Y2': 865.9688, '2Y3': 946.9952, '2Y4': 1028.0216, '2Y5': 1109.048}, 'B': {'B_HexNAc_1': 204.0867, 'B_HexNAc_2': 407.1661, 'B_Hex_1': 569.2189, 'B_Hex_2': 731.2717, 'B_Hex_3': 893.3245}, 'oxonium': {'ox_HexNAc': 204.0867, 'ox_Hex': 163.0601}}"
sp|A0BLX0|PP2C2_PARTE,191.0,G22768VO,HexNAc(2)Hex(3),N2H3,VNGNLNLSR,186.0,194.0,9.0,NLS,2201.953348,985.530485,1216.422863,-0.48889,11.04,1101.98395,2,"{'b': [100.0757, 214.1186, 271.1401, 385.183, 498.2671, 612.31, 725.3941, 812.4261], 'y': [175.119, 262.151, 375.235, 489.278, 602.362, 716.405, 773.4264, 887.4694], 'c': [117.1022, 231.1451, 288.1666, 402.2095, 515.2936, 629.3365, 742.4206, 829.4526], 'z': [140.0819, 227.1139, 340.198, 454.2409, 567.325, 681.3679, 738.3894, 852.4323], 'Y': {'Y0': 986.5378, 'Y1': 1189.6172, 'Y2': 1392.6966, 'Y3': 1554.7494, 'Y4': 1716.8022, 'Y5': 1878.855}, '2Y': {'2Y0': 493.2689, '2Y1': 594.8086, '2Y2': 696.3483, '2Y3': 777.3747, '2Y4': 858.4011, '2Y5': 939.4275}, 'B': {'B_HexNAc_1': 204.0867, 'B_HexNAc_2': 407.1661, 'B_Hex_1': 569.2189, 'B_Hex_2': 731.2717, 'B_Hex_3': 893.3245}, 'oxonium': {'ox_HexNAc': 204.0867, 'ox_Hex': 163.0601}}"
sp|A0BLX0|PP2C2_PARTE,253.0,G22768VO,HexNAc(2)Hex(3),N2H3,QVNSTLGQAQVTEELLR,251.0,267.0,17.0,NST,3101.413348,1884.990485,1216.422863,-0.38235,4.26,1551.71395,2,"{'b': [129.0659, 228.1343, 342.1772, 429.2092, 530.2569, 643.341, 700.3624, 828.421, 899.4581, 1027.5167, 1126.5851, 1227.6328, 1356.6754, 1485.718, 1598.802, 1711.8861], 'y': [175.119, 288.203, 401.2871, 530.3297, 659.3723, 760.4199, 859.4883, 987.5469, 1058.584, 1186.6426, 1243.6641, 1356.7481, 1457.7958, 1544.8278, 1658.8708, 1757.9392], 'c': [146.0924, 245.1608, 359.2037, 446.2357, 547.2834, 660.3675, 717.3889, 845.4475, 916.4846, 1044.5432, 1143.6116, 1244.6593, 1373.7019, 1502.7445, 1615.8285, 1728.9126], 'z': [140.0819, 253.1659, 366.25, 495.2926, 624.3352, 725.3829, 824.4513, 952.5099, 1023.547, 1151.6055, 1208.627, 1321.7111, 1422.7587, 1509.7908, 1623.8337, 1722.9021], 'Y': {'Y0': 1885.9978, 'Y1': 2089.0772, 'Y2': 2292.1566, 'Y3': 2454.2094, 'Y4': 2616.2622, 'Y5': 2778.315}, '2Y': {'2Y0': 942.9989, '2Y1': 1044.5386, '2Y2': 1146.0783, '2Y3': 1227.1047, '2Y4': 1308.1311, '2Y5': 1389.1575}, 'B': {'B_HexNAc_1': 204.0867, 'B_HexNAc_2': 407.1661, 'B_Hex_1': 569.2189, 'B_Hex_2': 731.2717, 'B_Hex_3': 893.3245}, 'oxonium': {'ox_HexNAc': 204.0867, 'ox_Hex': 163.0601}}"
sp|A0BQL0|PP2C3_PARTE,153.0,G22768VO,HexNAc(2)Hex(3),N2H3,NNTNFDMSVDHKPDNNEEK,153.0,171.0,19.0,NNT,3463.3726879999995,2246.9498249999997,1216.422863,-2.11579,4.08,1732.6936199999998,2,"{'b': [115.0502, 229.0931, 330.1408, 444.1837, 591.2522, 706.2791, 837.3196, 924.3516, 1023.42, 1138.447, 1275.5059, 1403.6008, 1500.6536, 1615.6805, 1729.7235, 1843.7664, 1972.809, 2101.8516], 'y': [147.1128, 276.1554, 405.198, 519.2409, 633.2838, 748.3108, 845.3635, 973.4585, 1110.5174, 1225.5444, 1324.6128, 1411.6448, 1542.6853, 1657.7122, 1804.7806, 1918.8236, 2019.8712, 2133.9142], 'c': [132.0767, 246.1196, 347.1673, 461.2102, 608.2787, 723.3056, 854.3461, 941.3781, 1040.4465, 1155.4735, 1292.5324, 1420.6273, 1517.6801, 1632.707, 1746.75, 1860.7929, 1989.8355, 2118.8781], 'z': [112.0757, 241.1183, 370.1609, 484.2038, 598.2468, 713.2737, 810.3265, 938.4214, 1075.4803, 1190.5073, 1289.5757, 1376.6077, 1507.6482, 1622.6752, 1769.7436, 1883.7865, 1984.8342, 2098.8771], 'Y': {'Y0': 2247.9571, 'Y1': 2451.0365, 'Y2': 2654.1159, 'Y3': 2816.1687, 'Y4': 2978.2215, 'Y5': 3140.2743}, '2Y': {'2Y0': 1123.9786, '2Y1': 1225.5183, '2Y2': 1327.058, '2Y3': 1408.0844, '2Y4': 1489.1108, '2Y5': 1570.1372}, 'B': {'B_HexNAc_1': 204.0867, 'B_HexNAc_2': 407.1661, 'B_Hex_1': 569.2189, 'B_Hex_2': 731.2717, 'B_Hex_3': 893.3245}, 'oxonium': {'ox_HexNAc': 204.0867, 'ox_Hex': 163.0601}}"
sp|A0BQL0|PP2C3_PARTE,191.0,G22768VO,HexNAc(2)Hex(3),N2H3,VNGNLNLSR,186.0,194.0,9.0,NLS,2201.953348,985.530485,1216.422863,-0.48889,11.04,1101.98395,2,"{'b': [100.0757, 214.1186, 271.1401, 385.183, 498.2671, 612.31, 725.3941, 812.4261], 'y': [175.119, 262.151, 375.235, 489.278, 602.362, 716.405, 773.4264, 887.4694], 'c': [117.1022, 231.1451, 288.1666, 402.2095, 515.2936, 629.3365, 742.4206, 829.4526], 'z': [140.0819, 227.1139, 340.198, 454.2409, 567.325, 681.3679, 738.3894, 852.4323], 'Y': {'Y0': 986.5378, 'Y1': 1189.6172, 'Y2': 1392.6966, 'Y3': 1554.7494, 'Y4': 1716.8022, 'Y5': 1878.855}, '2Y': {'2Y0': 493.2689, '2Y1': 594.8086, '2Y2': 696.3483, '2Y3': 777.3747, '2Y4': 858.4011, '2Y5': 939.4275}, 'B': {'B_HexNAc_1': 204.0867, 'B_HexNAc_2': 407.1661, 'B_Hex_1': 569.2189, 'B_Hex_2': 731.2717, 'B_Hex_3': 893.3245}, 'oxonium': {'ox_HexNAc': 204.0867, 'ox_Hex': 163.0601}}"
sp|A0BQL0|PP2C3_PARTE,253.0,G22768VO,HexNAc(2)Hex(3),N2H3,HVNTTLGNSPVTENLLSK,251.0,268.0,18.0,NTT,3139.4289980000003,1923.006135,1216.422863,-0.38889,7.78,1570.7217750000002,2,"{'b': [138.0662, 237.1346, 351.1775, 452.2252, 553.2729, 666.3569, 723.3784, 837.4213, 924.4534, 1021.5061, 1120.5745, 1221.6222, 1350.6648, 1464.7077, 1577.7918, 1690.8759, 1777.9079], 'y': [147.1128, 234.1448, 347.2289, 460.313, 574.3559, 703.3985, 804.4462, 903.5146, 1000.5673, 1087.5994, 1201.6423, 1258.6637, 1371.7478, 1472.7955, 1573.8432, 1687.8861, 1786.9545], 'c': [155.0927, 254.1611, 368.204, 469.2517, 570.2994, 683.3834, 740.4049, 854.4478, 941.4799, 1038.5326, 1137.601, 1238.6487, 1367.6913, 1481.7342, 1594.8183, 1707.9024, 1794.9344], 'z': [112.0757, 199.1078, 312.1918, 425.2759, 539.3188, 668.3614, 769.4091, 868.4775, 965.5303, 1052.5623, 1166.6052, 1223.6267, 1336.7107, 1437.7584, 1538.8061, 1652.849, 1751.9174], 'Y': {'Y0': 1924.0134, 'Y1': 2127.0928, 'Y2': 2330.1722, 'Y3': 2492.225, 'Y4': 2654.2778, 'Y5': 2816.3306}, '2Y': {'2Y0': 962.0067, '2Y1': 1063.5464, '2Y2': 1165.0861, '2Y3': 1246.1125, '2Y4': 1327.1389, '2Y5': 1408.1653}, 'B': {'B_HexNAc_1': 204.0867, 'B_HexNAc_2': 407.1661, 'B_Hex_1': 569.2189, 'B_Hex_2': 731.2717, 'B_Hex_3': 893.3245}, 'oxonium': {'ox_HexNAc': 204.0867, 'ox_Hex': 163.0601}}"
sp|A0BV78|DRE21_PARTE,105.0,G22768VO,HexNAc(2)Hex(3),N2H3,LNIPQQEFNNCYGK,97.0,110.0,14.0,NNC,2883.200198,1666.777335,1216.422863,-1.04286,6.2,1442.607375,2,"{'b': [114.0913, 228.1343, 341.2183, 438.2711, 566.3297, 694.3882, 823.4308, 970.4992, 1084.5422, 1198.5851, 1301.5943, 1464.6576, 1521.6791], 'y': [147.1128, 204.1343, 367.1976, 470.2068, 584.2497, 698.2926, 845.3611, 974.4036, 1102.4622, 1230.5208, 1327.5736, 1440.6576, 1554.7006], 'c': [131.1178, 245.1608, 358.2448, 455.2976, 583.3562, 711.4147, 840.4573, 987.5257, 1101.5687, 1215.6116, 1318.6208, 1481.6841, 1538.7056], 'z': [112.0757, 169.0972, 332.1605, 435.1697, 549.2126, 663.2556, 810.324, 939.3666, 1067.4252, 1195.4837, 1292.5365, 1405.6206, 1519.6635], 'Y': {'Y0': 1667.7846, 'Y1': 1870.864, 'Y2': 2073.9434, 'Y3': 2235.9962, 'Y4': 2398.049, 'Y5': 2560.1018}, '2Y': {'2Y0': 833.8923, '2Y1': 935.432, '2Y2': 1036.9717, '2Y3': 1117.9981, '2Y4': 1199.0245, '2Y5': 1280.0509}, 'B': {'B_HexNAc_1': 204.0867, 'B_HexNAc_2': 407.1661, 'B_Hex_1': 569.2189, 'B_Hex_2': 731.2717, 'B_Hex_3': 893.3245}, 'oxonium': {'ox_HexNAc': 204.0867, 'ox_Hex': 163.0601}}"
sp|A0BV78|DRE21_PARTE,164.0,G22768VO,HexNAc(2)Hex(3),N2H3,ACANCTCGR,161.0,169.0,9.0,NCT,2113.748398,897.3255350000002,1216.422863,0.22222,7.86,1057.8814750000001,2,"{'b': [72.0444, 175.0536, 246.0907, 360.1336, 463.1428, 564.1905, 667.1997, 724.2211], 'y': [175.119, 232.1404, 335.1496, 436.1973, 539.2065, 653.2494, 724.2865, 827.2957], 'c': [89.0709, 192.0801, 263.1172, 377.1601, 480.1693, 581.217, 684.2262, 741.2476], 'z': [140.0819, 197.1033, 300.1125, 401.1602, 504.1694, 618.2123, 689.2494, 792.2586], 'Y': {'Y0': 898.3328, 'Y1': 1101.4122, 'Y2': 1304.4916, 'Y3': 1466.5444, 'Y4': 1628.5972, 'Y5': 1790.65}, '2Y': {'2Y0': 449.1664, '2Y1': 550.7061, '2Y2': 652.2458, '2Y3': 733.2722, '2Y4': 814.2986, '2Y5': 895.325}, 'B': {'B_HexNAc_1': 204.0867, 'B_HexNAc_2': 407.1661, 'B_Hex_1': 569.2189, 'B_Hex_2': 731.2717, 'B_Hex_3': 893.3245}, 'oxonium': {'ox_HexNAc': 204.0867, 'ox_Hex': 163.0601}}"
sp|A0BV78|DRE21_PARTE,187.0,G22768VO,HexNAc(2)Hex(3),N2H3,NNSIK,187.0,191.0,5.0,NNS,1790.730338,574.3074750000001,1216.422863,-1.44,10.07,896.3724450000001,2,"{'b': [115.0502, 229.0931, 316.1252, 429.2092], 'y': [147.1128, 260.1969, 347.2289, 461.2718], 'c': [132.0767, 246.1196, 333.1517, 446.2357], 'z': [112.0757, 225.1598, 312.1918, 426.2348], 'Y': {'Y0': 575.3148, 'Y1': 778.3942, 'Y2': 981.4736, 'Y3': 1143.5264, 'Y4': 1305.5792, 'Y5': 1467.632}, '2Y': {'2Y0': 287.6574, '2Y1': 389.1971, '2Y2': 490.7368, '2Y3': 571.7632, '2Y4': 652.7896, '2Y5': 733.816}, 'B': {'B_HexNAc_1': 204.0867, 'B_HexNAc_2': 407.1661, 'B_Hex_1': 569.2189, 'B_Hex_2': 731.2717, 'B_Hex_3': 893.3245}, 'oxonium': {'ox_HexNAc': 204.0867, 'ox_Hex': 163.0601}}"
sp|A0BZ55|ASNA1_PARTE,15.0,G22768VO,HexNAc(2)Hex(3),N2H3,NVLENQTLK,11.0,19.0,9.0,NQT,2273.999628,1057.576765,1216.422863,-0.75556,6.9,1138.00709,2,"{'b': [115.0502, 214.1186, 327.2027, 456.2453, 570.2882, 698.3468, 799.3945, 912.4785], 'y': [147.1128, 260.1969, 361.2445, 489.3031, 603.3461, 732.3886, 845.4727, 944.5411], 'c': [132.0767, 231.1451, 344.2292, 473.2718, 587.3147, 715.3733, 816.421, 929.505], 'z': [112.0757, 225.1598, 326.2075, 454.2661, 568.309, 697.3516, 810.4356, 909.504], 'Y': {'Y0': 1058.584, 'Y1': 1261.6634, 'Y2': 1464.7428, 'Y3': 1626.7956, 'Y4': 1788.8484, 'Y5': 1950.9012}, '2Y': {'2Y0': 529.292, '2Y1': 630.8317, '2Y2': 732.3714, '2Y3': 813.3978, '2Y4': 894.4242, '2Y5': 975.4506}, 'B': {'B_HexNAc_1': 204.0867, 'B_HexNAc_2': 407.1661, 'B_Hex_1': 569.2189, 'B_Hex_2': 731.2717, 'B_Hex_3': 893.3245}, 'oxonium': {'ox_HexNAc': 204.0867, 'ox_Hex': 163.0601}}"
sp|A0BZ55|ASNA1_PARTE,59.0,G22768VO,HexNAc(2)Hex(3),N2H3,TIIISTDPAHNLSDCFDQK,49.0,67.0,19.0,NLS,3333.432758,2117.009895,1216.422863,-0.25263,3.96,1667.723655,2,"{'b': [102.055, 215.139, 328.2231, 441.3071, 528.3392, 629.3868, 744.4138, 841.4665, 912.5037, 1049.5626, 1163.6055, 1276.6896, 1363.7216, 1478.7485, 1581.7577, 1728.8261, 1843.8531, 1971.9116], 'y': [147.1128, 275.1714, 390.1983, 537.2667, 640.2759, 755.3029, 842.3349, 955.419, 1069.4619, 1206.5208, 1277.5579, 1374.6107, 1489.6376, 1590.6853, 1677.7173, 1790.8014, 1903.8854, 2016.9695], 'c': [119.0815, 232.1655, 345.2496, 458.3336, 545.3657, 646.4133, 761.4403, 858.493, 929.5302, 1066.5891, 1180.632, 1293.7161, 1380.7481, 1495.775, 1598.7842, 1745.8526, 1860.8796, 1988.9381], 'z': [112.0757, 240.1343, 355.1613, 502.2297, 605.2389, 720.2658, 807.2978, 920.3819, 1034.4248, 1171.4837, 1242.5208, 1339.5736, 1454.6005, 1555.6482, 1642.6802, 1755.7643, 1868.8484, 1981.9324], 'Y': {'Y0': 2118.0172, 'Y1': 2321.0966, 'Y2': 2524.176, 'Y3': 2686.2288, 'Y4': 2848.2816, 'Y5': 3010.3344}, '2Y': {'2Y0': 1059.0086, '2Y1': 1160.5483, '2Y2': 1262.088, '2Y3': 1343.1144, '2Y4': 1424.1408, '2Y5': 1505.1672}, 'B': {'B_HexNAc_1': 204.0867, 'B_HexNAc_2': 407.1661, 'B_Hex_1': 569.2189, 'B_Hex_2': 731.2717, 'B_Hex_3': 893.3245}, 'oxonium': {'ox_HexNAc': 204.0867, 'ox_Hex': 163.0601}}"
sp|A0BZ55|ASNA1_PARTE,80.0,G22768VO,HexNAc(2)Hex(3),N2H3,GIENLSAMEIDPTVDPDK,77.0,94.0,18.0,NLS,3159.3421980000003,1942.919335,1216.422863,-0.51667,3.28,1580.6783750000002,2,"{'b': [58.0287, 171.1128, 300.1554, 414.1983, 527.2824, 614.3144, 685.3515, 816.392, 945.4346, 1058.5187, 1173.5456, 1270.5984, 1371.646, 1470.7144, 1585.7414, 1682.7941, 1797.8211], 'y': [147.1128, 262.1397, 359.1925, 474.2194, 573.2879, 674.3355, 771.3883, 886.4152, 999.4993, 1128.5419, 1259.5824, 1330.6195, 1417.6515, 1530.7356, 1644.7785, 1773.8211, 1886.9052], 'c': [75.0552, 188.1393, 317.1819, 431.2248, 544.3089, 631.3409, 702.378, 833.4185, 962.4611, 1075.5452, 1190.5721, 1287.6249, 1388.6725, 1487.7409, 1602.7679, 1699.8206, 1814.8476], 'z': [112.0757, 227.1027, 324.1554, 439.1824, 538.2508, 639.2985, 736.3512, 851.3782, 964.4622, 1093.5048, 1224.5453, 1295.5824, 1382.6144, 1495.6985, 1609.7414, 1738.784, 1851.8681], 'Y': {'Y0': 1943.9266, 'Y1': 2147.006, 'Y2': 2350.0854, 'Y3': 2512.1382, 'Y4': 2674.191, 'Y5': 2836.2438}, '2Y': {'2Y0': 971.9633, '2Y1': 1073.503, '2Y2': 1175.0427, '2Y3': 1256.0691, '2Y4': 1337.0955, '2Y5': 1418.1219}, 'B': {'B_HexNAc_1': 204.0867, 'B_HexNAc_2': 407.1661, 'B_Hex_1': 569.2189, 'B_Hex_2': 731.2717, 'B_Hex_3': 893.3245}, 'oxonium': {'ox_HexNAc': 204.0867, 'ox_Hex': 163.0601}}"
sp|A0C1E4|PPX3_PARTE,18.0,G22768VO,HexNAc(2)Hex(3),N2H3,NCENITEGEVK,15.0,25.0,11.0,NIT,2450.972818,1234.549955,1216.422863,-1.02727,3.96,1226.4936850000001,2,"{'b': [115.0502, 218.0594, 347.102, 461.1449, 574.229, 675.2767, 804.3192, 861.3407, 990.3833, 1089.4517], 'y': [147.1128, 246.1812, 375.2238, 432.2453, 561.2879, 662.3355, 775.4196, 889.4625, 1018.5051, 1121.5143], 'c': [132.0767, 235.0859, 364.1285, 478.1714, 591.2555, 692.3032, 821.3457, 878.3672, 1007.4098, 1106.4782], 'z': [112.0757, 211.1441, 340.1867, 397.2082, 526.2508, 627.2985, 740.3825, 854.4255, 983.468, 1086.4772], 'Y': {'Y0': 1235.5572, 'Y1': 1438.6366, 'Y2': 1641.716, 'Y3': 1803.7688, 'Y4': 1965.8216, 'Y5': 2127.8744}, '2Y': {'2Y0': 617.7786, '2Y1': 719.3183, '2Y2': 820.858, '2Y3': 901.8844, '2Y4': 982.9108, '2Y5': 1063.9372}, 'B': {'B_HexNAc_1': 204.0867, 'B_HexNAc_2': 407.1661, 'B_Hex_1': 569.2189, 'B_Hex_2': 731.2717, 'B_Hex_3': 893.3245}, 'oxonium': {'ox_HexNAc': 204.0867, 'ox_Hex': 163.0601}}"
sp|A0C1E4|PPX3_PARTE,260.0,G22768VO,HexNAc(2)Hex(3),N2H3,VMFNEQLVTVWSAPNYCYR,246.0,264.0,19.0,NYC,3535.5044980000002,2319.0816350000005,1216.422863,0.01579,6.2,1768.7595250000002,2,"{'b': [100.0757, 231.1162, 378.1846, 492.2275, 621.2701, 749.3287, 862.4127, 961.4812, 1062.5288, 1161.5972, 1347.6766, 1434.7086, 1505.7457, 1602.7985, 1716.8414, 1879.9047, 1982.9139, 2145.9772], 'y': [175.119, 338.1823, 441.1915, 604.2548, 718.2977, 815.3505, 886.3876, 973.4196, 1159.4989, 1258.5674, 1359.615, 1458.6834, 1571.7675, 1699.8261, 1828.8687, 1942.9116, 2089.98, 2221.0205], 'c': [117.1022, 248.1427, 395.2111, 509.254, 638.2966, 766.3552, 879.4392, 978.5077, 1079.5553, 1178.6237, 1364.7031, 1451.7351, 1522.7722, 1619.825, 1733.8679, 1896.9312, 1999.9404, 2163.0037], 'z': [140.0819, 303.1452, 406.1544, 569.2177, 683.2607, 780.3134, 851.3505, 938.3826, 1124.4619, 1223.5303, 1324.578, 1423.6464, 1536.7304, 1664.789, 1793.8316, 1907.8745, 2054.9429, 2185.9834], 'Y': {'Y0': 2320.0889, 'Y1': 2523.1683, 'Y2': 2726.2477, 'Y3': 2888.3005, 'Y4': 3050.3533, 'Y5': 3212.4061}, '2Y': {'2Y0': 1160.0445, '2Y1': 1261.5842, '2Y2': 1363.1239, '2Y3': 1444.1503, '2Y4': 1525.1767, '2Y5': 1606.2031}, 'B': {'B_HexNAc_1': 204.0867, 'B_HexNAc_2': 407.1661, 'B_Hex_1': 569.2189, 'B_Hex_2': 731.2717, 'B_Hex_3': 893.3245}, 'oxonium': {'ox_HexNAc': 204.0867, 'ox_Hex': 163.0601}}"
sp|A0C1E4|PPX3_PARTE,277.0,G22768VO,HexNAc(2)Hex(3),N2H3,CGNVASILELDENLTK,265.0,280.0,16.0,NLT,2934.278488,1717.855625,1216.422863,0.06875,3.75,1468.14652,2,"{'b': [104.0165, 161.0379, 275.0809, 374.1493, 445.1864, 532.2184, 645.3025, 758.3865, 887.4291, 1000.5132, 1115.5401, 1244.5827, 1358.6256, 1471.7097, 1572.7574], 'y': [147.1128, 248.1605, 361.2445, 475.2875, 604.3301, 719.357, 832.4411, 961.4837, 1074.5677, 1187.6518, 1274.6838, 1345.7209, 1444.7893, 1558.8323, 1615.8537], 'c': [121.043, 178.0644, 292.1074, 391.1758, 462.2129, 549.2449, 662.329, 775.413, 904.4556, 1017.5397, 1132.5666, 1261.6092, 1375.6521, 1488.7362, 1589.7839], 'z': [112.0757, 213.1234, 326.2075, 440.2504, 569.293, 684.3199, 797.404, 926.4466, 1039.5306, 1152.6147, 1239.6467, 1310.6838, 1409.7523, 1523.7952, 1580.8166], 'Y': {'Y0': 1718.8629, 'Y1': 1921.9423, 'Y2': 2125.0217, 'Y3': 2287.0745, 'Y4': 2449.1273, 'Y5': 2611.1801}, '2Y': {'2Y0': 859.4315, '2Y1': 960.9712, '2Y2': 1062.5109, '2Y3': 1143.5373, '2Y4': 1224.5637, '2Y5': 1305.5901}, 'B': {'B_HexNAc_1': 204.0867, 'B_HexNAc_2': 407.1661, 'B_Hex_1': 569.2189, 'B_Hex_2': 731.2717, 'B_Hex_3': 893.3245}, 'oxonium': {'ox_HexNAc': 204.0867, 'ox_Hex': 163.0601}}"
sp|A0CC46|TRM5_PARTE,73.0,G22768VO,HexNAc(2)Hex(3),N2H3,ENNCQILEK,72.0,80.0,9.0,NNC,2305.935318,1089.512455,1216.422863,-1.17778,4.26,1153.974935,2,"{'b': [130.0499, 244.0928, 358.1357, 461.1449, 589.2035, 702.2876, 815.3716, 944.4142], 'y': [147.1128, 276.1554, 389.2395, 502.3235, 630.3821, 733.3913, 847.4342, 961.4771], 'c': [147.0764, 261.1193, 375.1622, 478.1714, 606.23, 719.3141, 832.3981, 961.4407], 'z': [112.0757, 241.1183, 354.2024, 467.2864, 595.345, 698.3542, 812.3971, 926.4401], 'Y': {'Y0': 1090.5197, 'Y1': 1293.5991, 'Y2': 1496.6785, 'Y3': 1658.7313, 'Y4': 1820.7841, 'Y5': 1982.8369}, '2Y': {'2Y0': 545.2599, '2Y1': 646.7996, '2Y2': 748.3393, '2Y3': 829.3657, '2Y4': 910.3921, '2Y5': 991.4185}, 'B': {'B_HexNAc_1': 204.0867, 'B_HexNAc_2': 407.1661, 'B_Hex_1': 569.2189, 'B_Hex_2': 731.2717, 'B_Hex_3': 893.3245}, 'oxonium': {'ox_HexNAc': 204.0867, 'ox_Hex': 163.0601}}"
sp|A0CC46|TRM5_PARTE,88.0,G22768VO,HexNAc(2)Hex(3),N2H3,EVTVGYDNMTYNEVLQQLLPK,81.0,101.0,21.0,NMT,3669.6376680000003,2453.214805,1216.422863,-0.40476,3.75,1835.8261100000002,2,"{'b': [130.0499, 229.1183, 330.166, 429.2344, 486.2558, 649.3192, 764.3461, 878.389, 1009.4295, 1110.4772, 1273.5405, 1387.5835, 1516.626, 1615.6945, 1728.7785, 1856.8371, 1984.8957, 2097.9797, 2211.0638, 2308.1166], 'y': [147.1128, 244.1656, 357.2496, 470.3337, 598.3923, 726.4508, 839.5349, 938.6033, 1067.6459, 1181.6888, 1344.7522, 1445.7998, 1576.8403, 1690.8833, 1805.9102, 1968.9735, 2025.995, 2125.0634, 2226.1111, 2325.1795], 'c': [147.0764, 246.1448, 347.1925, 446.2609, 503.2823, 666.3457, 781.3726, 895.4155, 1026.456, 1127.5037, 1290.567, 1404.61, 1533.6525, 1632.721, 1745.805, 1873.8636, 2001.9222, 2115.0062, 2228.0903, 2325.1431], 'z': [112.0757, 209.1285, 322.2126, 435.2966, 563.3552, 691.4138, 804.4978, 903.5662, 1032.6088, 1146.6518, 1309.7151, 1410.7628, 1541.8033, 1655.8462, 1770.8731, 1933.9365, 1990.9579, 2090.0263, 2191.074, 2290.1424], 'Y': {'Y0': 2454.2221, 'Y1': 2657.3015, 'Y2': 2860.3809, 'Y3': 3022.4337, 'Y4': 3184.4865, 'Y5': 3346.5393}, '2Y': {'2Y0': 1227.111, '2Y1': 1328.6507, '2Y2': 1430.1904, '2Y3': 1511.2168, '2Y4': 1592.2432, '2Y5': 1673.2696}, 'B': {'B_HexNAc_1': 204.0867, 'B_HexNAc_2': 407.1661, 'B_Hex_1': 569.2189, 'B_Hex_2': 731.2717, 'B_Hex_3': 893.3245}, 'oxonium': {'ox_HexNAc': 204.0867, 'ox_Hex': 163.0601}}"
sp|A0CC46|TRM5_PARTE,119.0,G22768VO,HexNAc(2)Hex(3),N2H3,IAHFNLSLEQLPYK,115.0,128.0,14.0,NLS,2888.3212780000003,1671.898415,1216.422863,-0.05714,7.72,1445.1679150000002,2,"{'b': [114.0913, 185.1284, 322.1874, 469.2558, 583.2987, 696.3828, 783.4148, 896.4988, 1025.5414, 1153.6, 1266.6841, 1363.7368, 1526.8002], 'y': [147.1128, 310.1761, 407.2289, 520.313, 648.3715, 777.4141, 890.4982, 977.5302, 1090.6143, 1204.6572, 1351.7256, 1488.7845, 1559.8216], 'c': [131.1178, 202.1549, 339.2139, 486.2823, 600.3252, 713.4093, 800.4413, 913.5253, 1042.5679, 1170.6265, 1283.7106, 1380.7633, 1543.8267], 'z': [112.0757, 275.1391, 372.1918, 485.2759, 613.3345, 742.3771, 855.4611, 942.4931, 1055.5772, 1169.6201, 1316.6885, 1453.7475, 1524.7846], 'Y': {'Y0': 1672.9057, 'Y1': 1875.9851, 'Y2': 2079.0645, 'Y3': 2241.1173, 'Y4': 2403.1701, 'Y5': 2565.2229}, '2Y': {'2Y0': 836.4528, '2Y1': 937.9925, '2Y2': 1039.5322, '2Y3': 1120.5586, '2Y4': 1201.585, '2Y5': 1282.6114}, 'B': {'B_HexNAc_1': 204.0867, 'B_HexNAc_2': 407.1661, 'B_Hex_1': 569.2189, 'B_Hex_2': 731.2717, 'B_Hex_3': 893.3245}, 'oxonium': {'ox_HexNAc': 204.0867, 'ox_Hex': 163.0601}}"
sp|A0CC46|TRM5_PARTE,167.0,G22768VO,HexNAc(2)Hex(3),N2H3,TPQLELLAGNNSYDAIVPEGGVR,158.0,180.0,23.0,NNS,3628.651318,2412.228455,1216.422863,-0.2087,3.75,1815.3329350000001,2,"{'b': [102.055, 199.1077, 327.1663, 440.2504, 569.2929, 682.377, 795.4611, 866.4982, 923.5196, 1037.5626, 1151.6055, 1238.6375, 1401.7009, 1516.7278, 1587.7649, 1700.849, 1799.9174, 1896.9701, 2026.0127, 2083.0342, 2140.0556, 2239.1241], 'y': [175.119, 274.1874, 331.2088, 388.2303, 517.2729, 614.3256, 713.394, 826.4781, 897.5152, 1012.5422, 1175.6055, 1262.6375, 1376.6804, 1490.7234, 1547.7448, 1618.7819, 1731.866, 1844.9501, 1973.9927, 2087.0767, 2215.1353, 2312.1881], 'c': [119.0815, 216.1342, 344.1928, 457.2769, 586.3194, 699.4035, 812.4876, 883.5247, 940.5461, 1054.5891, 1168.632, 1255.664, 1418.7274, 1533.7543, 1604.7914, 1717.8755, 1816.9439, 1913.9966, 2043.0392, 2100.0607, 2157.0821, 2256.1506], 'z': [140.0819, 239.1503, 296.1718, 353.1932, 482.2358, 579.2886, 678.357, 791.441, 862.4781, 977.5051, 1140.5684, 1227.6004, 1341.6434, 1455.6863, 1512.7078, 1583.7449, 1696.8289, 1809.913, 1938.9556, 2052.0396, 2180.0982, 2277.151], 'Y': {'Y0': 2413.2357, 'Y1': 2616.3151, 'Y2': 2819.3945, 'Y3': 2981.4473, 'Y4': 3143.5001, 'Y5': 3305.5529}, '2Y': {'2Y0': 1206.6179, '2Y1': 1308.1576, '2Y2': 1409.6973, '2Y3': 1490.7237, '2Y4': 1571.7501, '2Y5': 1652.7765}, 'B': {'B_HexNAc_1': 204.0867, 'B_HexNAc_2': 407.1661, 'B_Hex_1': 569.2189, 'B_Hex_2': 731.2717, 'B_Hex_3': 893.3245}, 'oxonium': {'ox_HexNAc': 204.0867, 'ox_Hex': 163.0601}}"
sp|A0CC46|TRM5_PARTE,362.0,G22768VO,HexNAc(2)Hex(3),N2H3,NVTK,362.0,365.0,4.0,NVT,1676.687408,460.26454499999994,1216.422863,-0.975,10.07,839.35098,2,"{'b': [115.0502, 214.1186, 315.1663], 'y': [147.1128, 248.1605, 347.2289], 'c': [132.0767, 231.1451, 332.1928], 'z': [112.0757, 213.1234, 312.1918], 'Y': {'Y0': 461.2718, 'Y1': 664.3512, 'Y2': 867.4306, 'Y3': 1029.4834, 'Y4': 1191.5362, 'Y5': 1353.589}, '2Y': {'2Y0': 230.6359, '2Y1': 332.1756, '2Y2': 433.7153, '2Y3': 514.7417, '2Y4': 595.7681, '2Y5': 676.7945}, 'B': {'B_HexNAc_1': 204.0867, 'B_HexNAc_2': 407.1661, 'B_Hex_1': 569.2189, 'B_Hex_2': 731.2717, 'B_Hex_3': 893.3245}, 'oxonium': {'ox_HexNAc': 204.0867, 'ox_Hex': 163.0601}}"
sp|A0CC46|TRM5_PARTE,394.0,G22768VO,HexNAc(2)Hex(3),N2H3,SAESEFGLVEQEDGNNSDFEDDEK,380.0,403.0,24.0,NNS,3905.5015380000004,2689.0786750000007,1216.422863,-1.55,3.05,1953.7580450000003,2,"{'b': [88.0393, 159.0764, 288.119, 375.151, 504.1936, 651.262, 708.2835, 821.3676, 920.436, 1049.4786, 1177.5371, 1306.5797, 1421.6067, 1478.6281, 1592.6711, 1706.714, 1793.746, 1908.773, 2055.8414, 2184.884, 2299.9109, 2414.9378, 2543.9804], 'y': [147.1128, 276.1554, 391.1823, 506.2093, 635.2519, 782.3203, 897.3472, 984.3792, 1098.4222, 1212.4651, 1269.4866, 1384.5135, 1513.5561, 1641.6147, 1770.6573, 1869.7257, 1982.8097, 2039.8312, 2186.8996, 2315.9422, 2402.9742, 2532.0168, 2603.0539], 'c': [105.0658, 176.1029, 305.1455, 392.1775, 521.2201, 668.2885, 725.31, 838.3941, 937.4625, 1066.5051, 1194.5636, 1323.6062, 1438.6332, 1495.6546, 1609.6976, 1723.7405, 1810.7725, 1925.7995, 2072.8679, 2201.9105, 2316.9374, 2431.9643, 2561.0069], 'z': [112.0757, 241.1183, 356.1453, 471.1722, 600.2148, 747.2832, 862.3101, 949.3422, 1063.3851, 1177.428, 1234.4495, 1349.4764, 1478.519, 1606.5776, 1735.6202, 1834.6886, 1947.7727, 2004.7941, 2151.8625, 2280.9051, 2367.9372, 2496.9797, 2568.0169], 'Y': {'Y0': 2690.086, 'Y1': 2893.1654, 'Y2': 3096.2448, 'Y3': 3258.2976, 'Y4': 3420.3504, 'Y5': 3582.4032}, '2Y': {'2Y0': 1345.043, '2Y1': 1446.5827, '2Y2': 1548.1224, '2Y3': 1629.1488, '2Y4': 1710.1752, '2Y5': 1791.2016}, 'B': {'B_HexNAc_1': 204.0867, 'B_HexNAc_2': 407.1661, 'B_Hex_1': 569.2189, 'B_Hex_2': 731.2717, 'B_Hex_3': 893.3245}, 'oxonium': {'ox_HexNAc': 204.0867, 'ox_Hex': 163.0601}}"
sp|A0CCD2|PPX4_PARTE,18.0,G22768VO,HexNAc(2)Hex(3),N2H3,NCENITEGEVK,15.0,25.0,11.0,NIT,2450.972818,1234.549955,1216.422863,-1.02727,3.96,1226.4936850000001,2,"{'b': [115.0502, 218.0594, 347.102, 461.1449, 574.229, 675.2767, 804.3192, 861.3407, 990.3833, 1089.4517], 'y': [147.1128, 246.1812, 375.2238, 432.2453, 561.2879, 662.3355, 775.4196, 889.4625, 1018.5051, 1121.5143], 'c': [132.0767, 235.0859, 364.1285, 478.1714, 591.2555, 692.3032, 821.3457, 878.3672, 1007.4098, 1106.4782], 'z': [112.0757, 211.1441, 340.1867, 397.2082, 526.2508, 627.2985, 740.3825, 854.4255, 983.468, 1086.4772], 'Y': {'Y0': 1235.5572, 'Y1': 1438.6366, 'Y2': 1641.716, 'Y3': 1803.7688, 'Y4': 1965.8216, 'Y5': 2127.8744}, '2Y': {'2Y0': 617.7786, '2Y1': 719.3183, '2Y2': 820.858, '2Y3': 901.8844, '2Y4': 982.9108, '2Y5': 1063.9372}, 'B': {'B_HexNAc_1': 204.0867, 'B_HexNAc_2': 407.1661, 'B_Hex_1': 569.2189, 'B_Hex_2': 731.2717, 'B_Hex_3': 893.3245}, 'oxonium': {'ox_HexNAc': 204.0867, 'ox_Hex': 163.0601}}"
sp|A0CCD2|PPX4_PARTE,260.0,G22768VO,HexNAc(2)Hex(3),N2H3,VMFNEQLVTVWSAPNYCYR,246.0,264.0,19.0,NYC,3535.5044980000002,2319.0816350000005,1216.422863,0.01579,6.2,1768.7595250000002,2,"{'b': [100.0757, 231.1162, 378.1846, 492.2275, 621.2701, 749.3287, 862.4127, 961.4812, 1062.5288, 1161.5972, 1347.6766, 1434.7086, 1505.7457, 1602.7985, 1716.8414, 1879.9047, 1982.9139, 2145.9772], 'y': [175.119, 338.1823, 441.1915, 604.2548, 718.2977, 815.3505, 886.3876, 973.4196, 1159.4989, 1258.5674, 1359.615, 1458.6834, 1571.7675, 1699.8261, 1828.8687, 1942.9116, 2089.98, 2221.0205], 'c': [117.1022, 248.1427, 395.2111, 509.254, 638.2966, 766.3552, 879.4392, 978.5077, 1079.5553, 1178.6237, 1364.7031, 1451.7351, 1522.7722, 1619.825, 1733.8679, 1896.9312, 1999.9404, 2163.0037], 'z': [140.0819, 303.1452, 406.1544, 569.2177, 683.2607, 780.3134, 851.3505, 938.3826, 1124.4619, 1223.5303, 1324.578, 1423.6464, 1536.7304, 1664.789, 1793.8316, 1907.8745, 2054.9429, 2185.9834], 'Y': {'Y0': 2320.0889, 'Y1': 2523.1683, 'Y2': 2726.2477, 'Y3': 2888.3005, 'Y4': 3050.3533, 'Y5': 3212.4061}, '2Y': {'2Y0': 1160.0445, '2Y1': 1261.5842, '2Y2': 1363.1239, '2Y3': 1444.1503, '2Y4': 1525.1767, '2Y5': 1606.2031}, 'B': {'B_HexNAc_1': 204.0867, 'B_HexNAc_2': 407.1661, 'B_Hex_1': 569.2189, 'B_Hex_2': 731.2717, 'B_Hex_3': 893.3245}, 'oxonium': {'ox_HexNAc': 204.0867, 'ox_Hex': 163.0601}}"
sp|A0CH87|LIS12_PARTE,178.0,G22768VO,HexNAc(2)Hex(3),N2H3,NHTCVK,178.0,183.0,6.0,NHT,1916.7555080000002,700.3326450000001,1216.422863,-0.76667,8.86,959.3850300000001,2,"{'b': [115.0502, 252.1091, 353.1568, 456.166, 555.2344], 'y': [147.1128, 246.1812, 349.1904, 450.2381, 587.297], 'c': [132.0767, 269.1356, 370.1833, 473.1925, 572.2609], 'z': [112.0757, 211.1441, 314.1533, 415.201, 552.2599], 'Y': {'Y0': 701.3399, 'Y1': 904.4193, 'Y2': 1107.4987, 'Y3': 1269.5515, 'Y4': 1431.6043, 'Y5': 1593.6571}, '2Y': {'2Y0': 350.67, '2Y1': 452.2097, '2Y2': 553.7494, '2Y3': 634.7758, '2Y4': 715.8022, '2Y5': 796.8286}, 'B': {'B_HexNAc_1': 204.0867, 'B_HexNAc_2': 407.1661, 'B_Hex_1': 569.2189, 'B_Hex_2': 731.2717, 'B_Hex_3': 893.3245}, 'oxonium': {'ox_HexNAc': 204.0867, 'ox_Hex': 163.0601}}"
sp|A0CIS3|DRE22_PARTE,105.0,G22768VO,HexNAc(2)Hex(3),N2H3,INIPQQDFNNCYGK,97.0,110.0,14.0,NNC,2869.184548,1652.761685,1216.422863,-0.99286,5.91,1435.5995500000001,2,"{'b': [114.0913, 228.1343, 341.2183, 438.2711, 566.3297, 694.3882, 809.4152, 956.4836, 1070.5265, 1184.5695, 1287.5786, 1450.642, 1507.6634], 'y': [147.1128, 204.1343, 367.1976, 470.2068, 584.2497, 698.2926, 845.3611, 960.388, 1088.4466, 1216.5052, 1313.5579, 1426.642, 1540.6849], 'c': [131.1178, 245.1608, 358.2448, 455.2976, 583.3562, 711.4147, 826.4417, 973.5101, 1087.553, 1201.596, 1304.6051, 1467.6685, 1524.6899], 'z': [112.0757, 169.0972, 332.1605, 435.1697, 549.2126, 663.2556, 810.324, 925.3509, 1053.4095, 1181.4681, 1278.5208, 1391.6049, 1505.6478], 'Y': {'Y0': 1653.769, 'Y1': 1856.8484, 'Y2': 2059.9278, 'Y3': 2221.9806, 'Y4': 2384.0334, 'Y5': 2546.0862}, '2Y': {'2Y0': 826.8845, '2Y1': 928.4242, '2Y2': 1029.9639, '2Y3': 1110.9903, '2Y4': 1192.0167, '2Y5': 1273.0431}, 'B': {'B_HexNAc_1': 204.0867, 'B_HexNAc_2': 407.1661, 'B_Hex_1': 569.2189, 'B_Hex_2': 731.2717, 'B_Hex_3': 893.3245}, 'oxonium': {'ox_HexNAc': 204.0867, 'ox_Hex': 163.0601}}"
sp|A0CIS3|DRE22_PARTE,164.0,G22768VO,HexNAc(2)Hex(3),N2H3,ACANCTCGR,161.0,169.0,9.0,NCT,2113.748398,897.3255350000002,1216.422863,0.22222,7.86,1057.8814750000001,2,"{'b': [72.0444, 175.0536, 246.0907, 360.1336, 463.1428, 564.1905, 667.1997, 724.2211], 'y': [175.119, 232.1404, 335.1496, 436.1973, 539.2065, 653.2494, 724.2865, 827.2957], 'c': [89.0709, 192.0801, 263.1172, 377.1601, 480.1693, 581.217, 684.2262, 741.2476], 'z': [140.0819, 197.1033, 300.1125, 401.1602, 504.1694, 618.2123, 689.2494, 792.2586], 'Y': {'Y0': 898.3328, 'Y1': 1101.4122, 'Y2': 1304.4916, 'Y3': 1466.5444, 'Y4': 1628.5972, 'Y5': 1790.65}, '2Y': {'2Y0': 449.1664, '2Y1': 550.7061, '2Y2': 652.2458, '2Y3': 733.2722, '2Y4': 814.2986, '2Y5': 895.325}, 'B': {'B_HexNAc_1': 204.0867, 'B_HexNAc_2': 407.1661, 'B_Hex_1': 569.2189, 'B_Hex_2': 731.2717, 'B_Hex_3': 893.3245}, 'oxonium': {'ox_HexNAc': 204.0867, 'ox_Hex': 163.0601}}"
sp|A0CIS3|DRE22_PARTE,187.0,G22768VO,HexNAc(2)Hex(3),N2H3,NNSVK,187.0,191.0,5.0,NNS,1776.714688,560.291825,1216.422863,-1.5,10.07,889.3646200000001,2,"{'b': [115.0502, 229.0931, 316.1252, 415.1936], 'y': [147.1128, 246.1812, 333.2132, 447.2562], 'c': [132.0767, 246.1196, 333.1517, 432.2201], 'z': [112.0757, 211.1441, 298.1762, 412.2191], 'Y': {'Y0': 561.2991, 'Y1': 764.3785, 'Y2': 967.4579, 'Y3': 1129.5107, 'Y4': 1291.5635, 'Y5': 1453.6163}, '2Y': {'2Y0': 280.6496, '2Y1': 382.1893, '2Y2': 483.729, '2Y3': 564.7554, '2Y4': 645.7818, '2Y5': 726.8082}, 'B': {'B_HexNAc_1': 204.0867, 'B_HexNAc_2': 407.1661, 'B_Hex_1': 569.2189, 'B_Hex_2': 731.2717, 'B_Hex_3': 893.3245}, 'oxonium': {'ox_HexNAc': 204.0867, 'ox_Hex': 163.0601}}"
sp|A0CUB5|PP2C5_PARTE,189.0,G22768VO,HexNAc(2)Hex(3),N2H3,ANGNLSLSR,186.0,194.0,9.0,NLS,2146.911148,930.488285,1216.422863,-0.45556,11.04,1074.4628500000001,2,"{'b': [72.0444, 186.0873, 243.1088, 357.1517, 470.2358, 557.2678, 670.3519, 757.3839], 'y': [175.119, 262.151, 375.235, 462.2671, 575.3511, 689.3941, 746.4155, 860.4585], 'c': [89.0709, 203.1138, 260.1353, 374.1782, 487.2623, 574.2943, 687.3784, 774.4104], 'z': [140.0819, 227.1139, 340.198, 427.23, 540.3141, 654.357, 711.3785, 825.4214], 'Y': {'Y0': 931.4956, 'Y1': 1134.575, 'Y2': 1337.6544, 'Y3': 1499.7072, 'Y4': 1661.76, 'Y5': 1823.8128}, '2Y': {'2Y0': 465.7478, '2Y1': 567.2875, '2Y2': 668.8272, '2Y3': 749.8536, '2Y4': 830.88, '2Y5': 911.9064}, 'B': {'B_HexNAc_1': 204.0867, 'B_HexNAc_2': 407.1661, 'B_Hex_1': 569.2189, 'B_Hex_2': 731.2717, 'B_Hex_3': 893.3245}, 'oxonium': {'ox_HexNAc': 204.0867, 'ox_Hex': 163.0601}}"
sp|A0CUB5|PP2C5_PARTE,286.0,G22768VO,HexNAc(2)Hex(3),N2H3,DTSLGTGCDNMTCILVLFK,277.0,295.0,19.0,NMT,3246.375118,2029.9522549999997,1216.422863,0.61579,3.68,1624.194835,2,"{'b': [116.0342, 217.0819, 304.1139, 417.198, 474.2194, 575.2671, 632.2886, 735.2978, 850.3247, 964.3676, 1095.4081, 1196.4558, 1299.465, 1412.5491, 1525.6331, 1624.7015, 1737.7856, 1884.854], 'y': [147.1128, 294.1812, 407.2653, 506.3337, 619.4177, 732.5018, 835.511, 936.5587, 1067.5992, 1181.6421, 1296.669, 1399.6782, 1456.6997, 1557.7474, 1614.7688, 1727.8529, 1814.8849, 1915.9326], 'c': [133.0607, 234.1084, 321.1404, 434.2245, 491.2459, 592.2936, 649.3151, 752.3243, 867.3512, 981.3941, 1112.4346, 1213.4823, 1316.4915, 1429.5756, 1542.6596, 1641.728, 1754.8121, 1901.8805], 'z': [112.0757, 259.1441, 372.2282, 471.2966, 584.3807, 697.4647, 800.4739, 901.5216, 1032.5621, 1146.605, 1261.632, 1364.6412, 1421.6626, 1522.7103, 1579.7318, 1692.8158, 1779.8478, 1880.8955], 'Y': {'Y0': 2030.9595, 'Y1': 2234.0389, 'Y2': 2437.1183, 'Y3': 2599.1711, 'Y4': 2761.2239, 'Y5': 2923.2767}, '2Y': {'2Y0': 1015.4798, '2Y1': 1117.0195, '2Y2': 1218.5592, '2Y3': 1299.5856, '2Y4': 1380.612, '2Y5': 1461.6384}, 'B': {'B_HexNAc_1': 204.0867, 'B_HexNAc_2': 407.1661, 'B_Hex_1': 569.2189, 'B_Hex_2': 731.2717, 'B_Hex_3': 893.3245}, 'oxonium': {'ox_HexNAc': 204.0867, 'ox_Hex': 163.0601}}"
sp|A0CXT3|FEN11_PARTE,366.0,G22768VO,HexNAc(2)Hex(3),N2H3,IIHPNNSK,362.0,369.0,8.0,NNS,2137.9260679999998,921.503205,1216.422863,-0.9375,10.07,1069.97031,2,"{'b': [114.0913, 227.1754, 364.2343, 461.2871, 575.33, 689.3729, 776.405], 'y': [147.1128, 234.1448, 348.1878, 462.2307, 559.2835, 696.3424, 809.4264], 'c': [131.1178, 244.2019, 381.2608, 478.3136, 592.3565, 706.3994, 793.4315], 'z': [112.0757, 199.1078, 313.1507, 427.1936, 524.2464, 661.3053, 774.3894], 'Y': {'Y0': 922.5105, 'Y1': 1125.5899, 'Y2': 1328.6693, 'Y3': 1490.7221, 'Y4': 1652.7749, 'Y5': 1814.8277}, '2Y': {'2Y0': 461.2552, '2Y1': 562.7949, '2Y2': 664.3346, '2Y3': 745.361, '2Y4': 826.3874, '2Y5': 907.4138}, 'B': {'B_HexNAc_1': 204.0867, 'B_HexNAc_2': 407.1661, 'B_Hex_1': 569.2189, 'B_Hex_2': 731.2717, 'B_Hex_3': 893.3245}, 'oxonium': {'ox_HexNAc': 204.0867, 'ox_Hex': 163.0601}}"
sp|A0CYG2|FEN12_PARTE,366.0,G22768VO,HexNAc(2)Hex(3),N2H3,IIHPNNSK,362.0,369.0,8.0,NNS,2137.9260679999998,921.503205,1216.422863,-0.9375,10.07,1069.97031,2,"{'b': [114.0913, 227.1754, 364.2343, 461.2871, 575.33, 689.3729, 776.405], 'y': [147.1128, 234.1448, 348.1878, 462.2307, 559.2835, 696.3424, 809.4264], 'c': [131.1178, 244.2019, 381.2608, 478.3136, 592.3565, 706.3994, 793.4315], 'z': [112.0757, 199.1078, 313.1507, 427.1936, 524.2464, 661.3053, 774.3894], 'Y': {'Y0': 922.5105, 'Y1': 1125.5899, 'Y2': 1328.6693, 'Y3': 1490.7221, 'Y4': 1652.7749, 'Y5': 1814.8277}, '2Y': {'2Y0': 461.2552, '2Y1': 562.7949, '2Y2': 664.3346, '2Y3': 745.361, '2Y4': 826.3874, '2Y5': 907.4138}, 'B': {'B_HexNAc_1': 204.0867, 'B_HexNAc_2': 407.1661, 'B_Hex_1': 569.2189, 'B_Hex_2': 731.2717, 'B_Hex_3': 893.3245}, 'oxonium': {'ox_HexNAc': 204.0867, 'ox_Hex': 163.0601}}"
sp|A0DB19|LIS11_PARTE,178.0,G22768VO,HexNAc(2)Hex(3),N2H3,NHTCVK,178.0,183.0,6.0,NHT,1916.7555080000002,700.3326450000001,1216.422863,-0.76667,8.86,959.3850300000001,2,"{'b': [115.0502, 252.1091, 353.1568, 456.166, 555.2344], 'y': [147.1128, 246.1812, 349.1904, 450.2381, 587.297], 'c': [132.0767, 269.1356, 370.1833, 473.1925, 572.2609], 'z': [112.0757, 211.1441, 314.1533, 415.201, 552.2599], 'Y': {'Y0': 701.3399, 'Y1': 904.4193, 'Y2': 1107.4987, 'Y3': 1269.5515, 'Y4': 1431.6043, 'Y5': 1593.6571}, '2Y': {'2Y0': 350.67, '2Y1': 452.2097, '2Y2': 553.7494, '2Y3': 634.7758, '2Y4': 715.8022, '2Y5': 796.8286}, 'B': {'B_HexNAc_1': 204.0867, 'B_HexNAc_2': 407.1661, 'B_Hex_1': 569.2189, 'B_Hex_2': 731.2717, 'B_Hex_3': 893.3245}, 'oxonium': {'ox_HexNAc': 204.0867, 'ox_Hex': 163.0601}}"
sp|A0DJ90|PPX2_PARTE,258.0,G22768VO,HexNAc(2)Hex(3),N2H3,LMFDNSLVTVWSAPNYCYR,244.0,262.0,19.0,NYC,3494.4779480000007,2278.0550850000004,1216.422863,0.13684,5.91,1748.2462500000004,2,"{'b': [114.0913, 245.1318, 392.2002, 507.2272, 621.2701, 708.3021, 821.3862, 920.4546, 1021.5023, 1120.5707, 1306.65, 1393.682, 1464.7191, 1561.7719, 1675.8148, 1838.8782, 1941.8874, 2104.9507], 'y': [175.119, 338.1823, 441.1915, 604.2548, 718.2977, 815.3505, 886.3876, 973.4196, 1159.4989, 1258.5674, 1359.615, 1458.6834, 1571.7675, 1658.7995, 1772.8425, 1887.8694, 2034.9378, 2165.9783], 'c': [131.1178, 262.1583, 409.2267, 524.2537, 638.2966, 725.3286, 838.4127, 937.4811, 1038.5288, 1137.5972, 1323.6765, 1410.7085, 1481.7456, 1578.7984, 1692.8413, 1855.9047, 1958.9139, 2121.9772], 'z': [140.0819, 303.1452, 406.1544, 569.2177, 683.2607, 780.3134, 851.3505, 938.3826, 1124.4619, 1223.5303, 1324.578, 1423.6464, 1536.7304, 1623.7625, 1737.8054, 1852.8323, 1999.9007, 2130.9412], 'Y': {'Y0': 2279.0624, 'Y1': 2482.1418, 'Y2': 2685.2212, 'Y3': 2847.274, 'Y4': 3009.3268, 'Y5': 3171.3796}, '2Y': {'2Y0': 1139.5312, '2Y1': 1241.0709, '2Y2': 1342.6106, '2Y3': 1423.637, '2Y4': 1504.6634, '2Y5': 1585.6898}, 'B': {'B_HexNAc_1': 204.0867, 'B_HexNAc_2': 407.1661, 'B_Hex_1': 569.2189, 'B_Hex_2': 731.2717, 'B_Hex_3': 893.3245}, 'oxonium': {'ox_HexNAc': 204.0867, 'ox_Hex': 163.0601}}"
sp|A0DSB3|PP2C6_PARTE,189.0,G22768VO,HexNAc(2)Hex(3),N2H3,VNGNLSLSR,186.0,194.0,9.0,NLS,2174.942448,958.519585,1216.422863,-0.18889,11.04,1088.4785,2,"{'b': [100.0757, 214.1186, 271.1401, 385.183, 498.2671, 585.2991, 698.3832, 785.4152], 'y': [175.119, 262.151, 375.235, 462.2671, 575.3511, 689.3941, 746.4155, 860.4585], 'c': [117.1022, 231.1451, 288.1666, 402.2095, 515.2936, 602.3256, 715.4097, 802.4417], 'z': [140.0819, 227.1139, 340.198, 427.23, 540.3141, 654.357, 711.3785, 825.4214], 'Y': {'Y0': 959.5269, 'Y1': 1162.6063, 'Y2': 1365.6857, 'Y3': 1527.7385, 'Y4': 1689.7913, 'Y5': 1851.8441}, '2Y': {'2Y0': 479.7634, '2Y1': 581.3031, '2Y2': 682.8428, '2Y3': 763.8692, '2Y4': 844.8956, '2Y5': 925.922}, 'B': {'B_HexNAc_1': 204.0867, 'B_HexNAc_2': 407.1661, 'B_Hex_1': 569.2189, 'B_Hex_2': 731.2717, 'B_Hex_3': 893.3245}, 'oxonium': {'ox_HexNAc': 204.0867, 'ox_Hex': 163.0601}}"
sp|A0DSB3|PP2C6_PARTE,286.0,G22768VO,HexNAc(2)Hex(3),N2H3,DTSLGTGCDNMTCILIQFK,277.0,295.0,19.0,NMT,3275.365287999999,2058.9424249999993,1216.422863,0.24737,3.68,1638.6899199999996,2,"{'b': [116.0342, 217.0819, 304.1139, 417.198, 474.2194, 575.2671, 632.2886, 735.2978, 850.3247, 964.3676, 1095.4081, 1196.4558, 1299.465, 1412.5491, 1525.6331, 1638.7172, 1766.7758, 1913.8442], 'y': [147.1128, 294.1812, 422.2398, 535.3239, 648.4079, 761.492, 864.5012, 965.5488, 1096.5893, 1210.6323, 1325.6592, 1428.6684, 1485.6899, 1586.7375, 1643.759, 1756.8431, 1843.8751, 1944.9228], 'c': [133.0607, 234.1084, 321.1404, 434.2245, 491.2459, 592.2936, 649.3151, 752.3243, 867.3512, 981.3941, 1112.4346, 1213.4823, 1316.4915, 1429.5756, 1542.6596, 1655.7437, 1783.8023, 1930.8707], 'z': [112.0757, 259.1441, 387.2027, 500.2868, 613.3708, 726.4549, 829.4641, 930.5118, 1061.5523, 1175.5952, 1290.6221, 1393.6313, 1450.6528, 1551.7005, 1608.7219, 1721.806, 1808.838, 1909.8857], 'Y': {'Y0': 2059.9497, 'Y1': 2263.0291, 'Y2': 2466.1085, 'Y3': 2628.1613, 'Y4': 2790.2141, 'Y5': 2952.2669}, '2Y': {'2Y0': 1029.9749, '2Y1': 1131.5146, '2Y2': 1233.0543, '2Y3': 1314.0807, '2Y4': 1395.1071, '2Y5': 1476.1335}, 'B': {'B_HexNAc_1': 204.0867, 'B_HexNAc_2': 407.1661, 'B_Hex_1': 569.2189, 'B_Hex_2': 731.2717, 'B_Hex_3': 893.3245}, 'oxonium': {'ox_HexNAc': 204.0867, 'ox_Hex': 163.0601}}"
sp|A0E2L1|SEY12_PARTE,480.0,G22768VO,HexNAc(2)Hex(3),N2H3,IVSSQVLNISSK,473.0,484.0,12.0,NIS,2490.147018,1273.724155,1216.422863,0.59167,10.07,1246.080785,2,"{'b': [114.0913, 213.1597, 300.1918, 387.2238, 515.2824, 614.3508, 727.4349, 841.4778, 954.5618, 1041.5939, 1128.6259], 'y': [147.1128, 234.1448, 321.1769, 434.2609, 548.3039, 661.3879, 760.4563, 888.5149, 975.5469, 1062.579, 1161.6474], 'c': [131.1178, 230.1862, 317.2183, 404.2503, 532.3089, 631.3773, 744.4614, 858.5043, 971.5883, 1058.6204, 1145.6524], 'z': [112.0757, 199.1078, 286.1398, 399.2239, 513.2668, 626.3508, 725.4193, 853.4778, 940.5099, 1027.5419, 1126.6103], 'Y': {'Y0': 1274.7314, 'Y1': 1477.8108, 'Y2': 1680.8902, 'Y3': 1842.943, 'Y4': 2004.9958, 'Y5': 2167.0486}, '2Y': {'2Y0': 637.3657, '2Y1': 738.9054, '2Y2': 840.4451, '2Y3': 921.4715, '2Y4': 1002.4979, '2Y5': 1083.5243}, 'B': {'B_HexNAc_1': 204.0867, 'B_HexNAc_2': 407.1661, 'B_Hex_1': 569.2189, 'B_Hex_2': 731.2717, 'B_Hex_3': 893.3245}, 'oxonium': {'ox_HexNAc': 204.0867, 'ox_Hex': 163.0601}}"
sp|A0E358|CATL2_PARTE,100.0,G22768VO,HexNAc(2)Hex(3),N2H3,LNASNANFQYK,99.0,109.0,11.0,NAS,2485.037808,1268.6149449999998,1216.422863,-0.89091,9.71,1243.52618,2,"{'b': [114.0913, 228.1343, 299.1714, 386.2034, 500.2463, 571.2834, 685.3264, 832.3948, 960.4534, 1123.5167], 'y': [147.1128, 310.1761, 438.2347, 585.3031, 699.3461, 770.3832, 884.4261, 971.4581, 1042.4952, 1156.5382], 'c': [131.1178, 245.1608, 316.1979, 403.2299, 517.2728, 588.3099, 702.3529, 849.4213, 977.4799, 1140.5432], 'z': [112.0757, 275.1391, 403.1976, 550.2661, 664.309, 735.3461, 849.389, 936.4211, 1007.4582, 1121.5011], 'Y': {'Y0': 1269.6222, 'Y1': 1472.7016, 'Y2': 1675.781, 'Y3': 1837.8338, 'Y4': 1999.8866, 'Y5': 2161.9394}, '2Y': {'2Y0': 634.8111, '2Y1': 736.3508, '2Y2': 837.8905, '2Y3': 918.9169, '2Y4': 999.9433, '2Y5': 1080.9697}, 'B': {'B_HexNAc_1': 204.0867, 'B_HexNAc_2': 407.1661, 'B_Hex_1': 569.2189, 'B_Hex_2': 731.2717, 'B_Hex_3': 893.3245}, 'oxonium': {'ox_HexNAc': 204.0867, 'ox_Hex': 163.0601}}"
sp|A0E7A5|ASNA2_PARTE,55.0,G22768VO,HexNAc(2)Hex(3),N2H3,TIIISTDPAHNLSDCFDQK,45.0,63.0,19.0,NLS,3333.432758,2117.009895,1216.422863,-0.25263,3.96,1667.723655,2,"{'b': [102.055, 215.139, 328.2231, 441.3071, 528.3392, 629.3868, 744.4138, 841.4665, 912.5037, 1049.5626, 1163.6055, 1276.6896, 1363.7216, 1478.7485, 1581.7577, 1728.8261, 1843.8531, 1971.9116], 'y': [147.1128, 275.1714, 390.1983, 537.2667, 640.2759, 755.3029, 842.3349, 955.419, 1069.4619, 1206.5208, 1277.5579, 1374.6107, 1489.6376, 1590.6853, 1677.7173, 1790.8014, 1903.8854, 2016.9695], 'c': [119.0815, 232.1655, 345.2496, 458.3336, 545.3657, 646.4133, 761.4403, 858.493, 929.5302, 1066.5891, 1180.632, 1293.7161, 1380.7481, 1495.775, 1598.7842, 1745.8526, 1860.8796, 1988.9381], 'z': [112.0757, 240.1343, 355.1613, 502.2297, 605.2389, 720.2658, 807.2978, 920.3819, 1034.4248, 1171.4837, 1242.5208, 1339.5736, 1454.6005, 1555.6482, 1642.6802, 1755.7643, 1868.8484, 1981.9324], 'Y': {'Y0': 2118.0172, 'Y1': 2321.0966, 'Y2': 2524.176, 'Y3': 2686.2288, 'Y4': 2848.2816, 'Y5': 3010.3344}, '2Y': {'2Y0': 1059.0086, '2Y1': 1160.5483, '2Y2': 1262.088, '2Y3': 1343.1144, '2Y4': 1424.1408, '2Y5': 1505.1672}, 'B': {'B_HexNAc_1': 204.0867, 'B_HexNAc_2': 407.1661, 'B_Hex_1': 569.2189, 'B_Hex_2': 731.2717, 'B_Hex_3': 893.3245}, 'oxonium': {'ox_HexNAc': 204.0867, 'ox_Hex': 163.0601}}"
sp|A0E7A5|ASNA2_PARTE,76.0,G22768VO,HexNAc(2)Hex(3),N2H3,GIDNLSAMEIDPTVDPDK,73.0,90.0,18.0,NLS,3145.326548,1928.903685,1216.422863,-0.51667,3.19,1573.67055,2,"{'b': [58.0287, 171.1128, 286.1397, 400.1827, 513.2667, 600.2988, 671.3359, 802.3764, 931.4189, 1044.503, 1159.5299, 1256.5827, 1357.6304, 1456.6988, 1571.7257, 1668.7785, 1783.8054], 'y': [147.1128, 262.1397, 359.1925, 474.2194, 573.2879, 674.3355, 771.3883, 886.4152, 999.4993, 1128.5419, 1259.5824, 1330.6195, 1417.6515, 1530.7356, 1644.7785, 1759.8054, 1872.8895], 'c': [75.0552, 188.1393, 303.1662, 417.2092, 530.2932, 617.3253, 688.3624, 819.4029, 948.4454, 1061.5295, 1176.5564, 1273.6092, 1374.6569, 1473.7253, 1588.7522, 1685.805, 1800.8319], 'z': [112.0757, 227.1027, 324.1554, 439.1824, 538.2508, 639.2985, 736.3512, 851.3782, 964.4622, 1093.5048, 1224.5453, 1295.5824, 1382.6144, 1495.6985, 1609.7414, 1724.7684, 1837.8524], 'Y': {'Y0': 1929.911, 'Y1': 2132.9904, 'Y2': 2336.0698, 'Y3': 2498.1226, 'Y4': 2660.1754, 'Y5': 2822.2282}, '2Y': {'2Y0': 964.9555, '2Y1': 1066.4952, '2Y2': 1168.0349, '2Y3': 1249.0613, '2Y4': 1330.0877, '2Y5': 1411.1141}, 'B': {'B_HexNAc_1': 204.0867, 'B_HexNAc_2': 407.1661, 'B_Hex_1': 569.2189, 'B_Hex_2': 731.2717, 'B_Hex_3': 893.3245}, 'oxonium': {'ox_HexNAc': 204.0867, 'ox_Hex': 163.0601}}"
sp|P33188|TBB1_PARTE,337.0,G22768VO,HexNAc(2)Hex(3),N2H3,NSSYFVEWIPNNIK,337.0,350.0,14.0,NSS,2926.2641679999997,1709.841305,1216.422863,-0.52143,6.85,1464.13936,2,"{'b': [115.0502, 202.0822, 289.1143, 452.1776, 599.246, 698.3144, 827.357, 1013.4363, 1126.5204, 1223.5731, 1337.6161, 1451.659, 1564.7431], 'y': [147.1128, 260.1969, 374.2398, 488.2827, 585.3355, 698.4195, 884.4989, 1013.5414, 1112.6099, 1259.6783, 1422.7416, 1509.7736, 1596.8057], 'c': [132.0767, 219.1087, 306.1408, 469.2041, 616.2725, 715.3409, 844.3835, 1030.4628, 1143.5469, 1240.5996, 1354.6426, 1468.6855, 1581.7696], 'z': [112.0757, 225.1598, 339.2027, 453.2457, 550.2984, 663.3825, 849.4618, 978.5044, 1077.5728, 1224.6412, 1387.7045, 1474.7366, 1561.7686], 'Y': {'Y0': 1710.8486, 'Y1': 1913.928, 'Y2': 2117.0074, 'Y3': 2279.0602, 'Y4': 2441.113, 'Y5': 2603.1658}, '2Y': {'2Y0': 855.4243, '2Y1': 956.964, '2Y2': 1058.5037, '2Y3': 1139.5301, '2Y4': 1220.5565, '2Y5': 1301.5829}, 'B': {'B_HexNAc_1': 204.0867, 'B_HexNAc_2': 407.1661, 'B_Hex_1': 569.2189, 'B_Hex_2': 731.2717, 'B_Hex_3': 893.3245}, 'oxonium': {'ox_HexNAc': 204.0867, 'ox_Hex': 163.0601}}"
sp|P33188|TBB1_PARTE,370.0,G22768VO,HexNAc(2)Hex(3),N2H3,MAVTFVGNSTAIQEMFK,363.0,379.0,17.0,NST,3089.334238,1872.911375,1216.422863,0.52353,6.9,1545.674395,2,"{'b': [132.0478, 203.0849, 302.1533, 403.201, 550.2694, 649.3378, 706.3592, 820.4022, 907.4342, 1008.4819, 1079.519, 1192.6031, 1320.6616, 1449.7042, 1580.7447, 1727.8131], 'y': [147.1128, 294.1812, 425.2217, 554.2643, 682.3229, 795.4069, 866.444, 967.4917, 1054.5238, 1168.5667, 1225.5881, 1324.6566, 1471.725, 1572.7726, 1671.8411, 1742.8782], 'c': [149.0743, 220.1114, 319.1798, 420.2275, 567.2959, 666.3643, 723.3857, 837.4287, 924.4607, 1025.5084, 1096.5455, 1209.6296, 1337.6881, 1466.7307, 1597.7712, 1744.8396], 'z': [112.0757, 259.1441, 390.1846, 519.2272, 647.2858, 760.3699, 831.407, 932.4547, 1019.4867, 1133.5296, 1190.5511, 1289.6195, 1436.6879, 1537.7356, 1636.804, 1707.8411], 'Y': {'Y0': 1873.9187, 'Y1': 2076.9981, 'Y2': 2280.0775, 'Y3': 2442.1303, 'Y4': 2604.1831, 'Y5': 2766.2359}, '2Y': {'2Y0': 936.9593, '2Y1': 1038.499, '2Y2': 1140.0387, '2Y3': 1221.0651, '2Y4': 1302.0915, '2Y5': 1383.1179}, 'B': {'B_HexNAc_1': 204.0867, 'B_HexNAc_2': 407.1661, 'B_Hex_1': 569.2189, 'B_Hex_2': 731.2717, 'B_Hex_3': 893.3245}, 'oxonium': {'ox_HexNAc': 204.0867, 'ox_Hex': 163.0601}}"
sp|P49576|PPX1_PARTE,258.0,G22768VO,HexNAc(2)Hex(3),N2H3,LMFDNSLVTVWSAPNYCYR,244.0,262.0,19.0,NYC,3494.4779480000007,2278.0550850000004,1216.422863,0.13684,5.91,1748.2462500000004,2,"{'b': [114.0913, 245.1318, 392.2002, 507.2272, 621.2701, 708.3021, 821.3862, 920.4546, 1021.5023, 1120.5707, 1306.65, 1393.682, 1464.7191, 1561.7719, 1675.8148, 1838.8782, 1941.8874, 2104.9507], 'y': [175.119, 338.1823, 441.1915, 604.2548, 718.2977, 815.3505, 886.3876, 973.4196, 1159.4989, 1258.5674, 1359.615, 1458.6834, 1571.7675, 1658.7995, 1772.8425, 1887.8694, 2034.9378, 2165.9783], 'c': [131.1178, 262.1583, 409.2267, 524.2537, 638.2966, 725.3286, 838.4127, 937.4811, 1038.5288, 1137.5972, 1323.6765, 1410.7085, 1481.7456, 1578.7984, 1692.8413, 1855.9047, 1958.9139, 2121.9772], 'z': [140.0819, 303.1452, 406.1544, 569.2177, 683.2607, 780.3134, 851.3505, 938.3826, 1124.4619, 1223.5303, 1324.578, 1423.6464, 1536.7304, 1623.7625, 1737.8054, 1852.8323, 1999.9007, 2130.9412], 'Y': {'Y0': 2279.0624, 'Y1': 2482.1418, 'Y2': 2685.2212, 'Y3': 2847.274, 'Y4': 3009.3268, 'Y5': 3171.3796}, '2Y': {'2Y0': 1139.5312, '2Y1': 1241.0709, '2Y2': 1342.6106, '2Y3': 1423.637, '2Y4': 1504.6634, '2Y5': 1585.6898}, 'B': {'B_HexNAc_1': 204.0867, 'B_HexNAc_2': 407.1661, 'B_Hex_1': 569.2189, 'B_Hex_2': 731.2717, 'B_Hex_3': 893.3245}, 'oxonium': {'ox_HexNAc': 204.0867, 'ox_Hex': 163.0601}}"
sp|Q27172|T1F_PARTE,292.0,G22768VO,HexNAc(2)Hex(3),N2H3,NAEIEANTTK,286.0,295.0,10.0,NTT,2305.953068,1089.530205,1216.422863,-1.12,4.26,1153.98381,2,"{'b': [115.0502, 186.0873, 315.1299, 428.214, 557.2566, 628.2937, 742.3366, 843.3843, 944.432], 'y': [147.1128, 248.1605, 349.2082, 463.2511, 534.2882, 663.3308, 776.4149, 905.4574, 976.4946], 'c': [132.0767, 203.1138, 332.1564, 445.2405, 574.2831, 645.3202, 759.3631, 860.4108, 961.4585], 'z': [112.0757, 213.1234, 314.1711, 428.214, 499.2511, 628.2937, 741.3778, 870.4204, 941.4575], 'Y': {'Y0': 1090.5375, 'Y1': 1293.6169, 'Y2': 1496.6963, 'Y3': 1658.7491, 'Y4': 1820.8019, 'Y5': 1982.8547}, '2Y': {'2Y0': 545.2687, '2Y1': 646.8084, '2Y2': 748.3481, '2Y3': 829.3745, '2Y4': 910.4009, '2Y5': 991.4273}, 'B': {'B_HexNAc_1': 204.0867, 'B_HexNAc_2': 407.1661, 'B_Hex_1': 569.2189, 'B_Hex_2': 731.2717, 'B_Hex_3': 893.3245}, 'oxonium': {'ox_HexNAc': 204.0867, 'ox_Hex': 163.0601}}"
sp|Q27173|T2A_PARTE,325.0,G22768VO,HexNAc(2)Hex(3),N2H3,IENVSADR,323.0,330.0,8.0,NVS,2118.8686079999998,902.445745,1216.422863,-0.6625,3.97,1060.44158,2,"{'b': [114.0913, 243.1339, 357.1769, 456.2453, 543.2773, 614.3144, 729.3413], 'y': [175.119, 290.1459, 361.183, 448.215, 547.2834, 661.3264, 790.369], 'c': [131.1178, 260.1604, 374.2034, 473.2718, 560.3038, 631.3409, 746.3678], 'z': [140.0819, 255.1088, 326.1459, 413.178, 512.2464, 626.2893, 755.3319], 'Y': {'Y0': 903.453, 'Y1': 1106.5324, 'Y2': 1309.6118, 'Y3': 1471.6646, 'Y4': 1633.7174, 'Y5': 1795.7702}, '2Y': {'2Y0': 451.7265, '2Y1': 553.2662, '2Y2': 654.8059, '2Y3': 735.8323, '2Y4': 816.8587, '2Y5': 897.8851}, 'B': {'B_HexNAc_1': 204.0867, 'B_HexNAc_2': 407.1661, 'B_Hex_1': 569.2189, 'B_Hex_2': 731.2717, 'B_Hex_3': 893.3245}, 'oxonium': {'ox_HexNAc': 204.0867, 'ox_Hex': 163.0601}}"
sp|Q27174|T2B_PARTE,325.0,G22768VO,HexNAc(2)Hex(3),N2H3,IENVSADR,323.0,330.0,8.0,NVS,2118.8686079999998,902.445745,1216.422863,-0.6625,3.97,1060.44158,2,"{'b': [114.0913, 243.1339, 357.1769, 456.2453, 543.2773, 614.3144, 729.3413], 'y': [175.119, 290.1459, 361.183, 448.215, 547.2834, 661.3264, 790.369], 'c': [131.1178, 260.1604, 374.2034, 473.2718, 560.3038, 631.3409, 746.3678], 'z': [140.0819, 255.1088, 326.1459, 413.178, 512.2464, 626.2893, 755.3319], 'Y': {'Y0': 903.453, 'Y1': 1106.5324, 'Y2': 1309.6118, 'Y3': 1471.6646, 'Y4': 1633.7174, 'Y5': 1795.7702}, '2Y': {'2Y0': 451.7265, '2Y1': 553.2662, '2Y2': 654.8059, '2Y3': 735.8323, '2Y4': 816.8587, '2Y5': 897.8851}, 'B': {'B_HexNAc_1': 204.0867, 'B_HexNAc_2': 407.1661, 'B_Hex_1': 569.2189, 'B_Hex_2': 731.2717, 'B_Hex_3': 893.3245}, 'oxonium': {'ox_HexNAc': 204.0867, 'ox_Hex': 163.0601}}"
sp|Q27180|T1B_PARTE,196.0,G22768VO,HexNAc(2)Hex(3),N2H3,NLTK,196.0,199.0,4.0,NLT,1690.703058,474.280195,1216.422863,-1.075,10.07,846.3588050000001,2,"{'b': [115.0502, 228.1343, 329.1819], 'y': [147.1128, 248.1605, 361.2445], 'c': [132.0767, 245.1608, 346.2084], 'z': [112.0757, 213.1234, 326.2075], 'Y': {'Y0': 475.2875, 'Y1': 678.3669, 'Y2': 881.4463, 'Y3': 1043.4991, 'Y4': 1205.5519, 'Y5': 1367.6047}, '2Y': {'2Y0': 237.6437, '2Y1': 339.1834, '2Y2': 440.7231, '2Y3': 521.7495, '2Y4': 602.7759, '2Y5': 683.8023}, 'B': {'B_HexNAc_1': 204.0867, 'B_HexNAc_2': 407.1661, 'B_Hex_1': 569.2189, 'B_Hex_2': 731.2717, 'B_Hex_3': 893.3245}, 'oxonium': {'ox_HexNAc': 204.0867, 'ox_Hex': 163.0601}}"
sp|Q27181|T2C_PARTE,326.0,G22768VO,HexNAc(2)Hex(3),N2H3,IENVSADR,324.0,331.0,8.0,NVS,2118.8686079999998,902.445745,1216.422863,-0.6625,3.97,1060.44158,2,"{'b': [114.0913, 243.1339, 357.1769, 456.2453, 543.2773, 614.3144, 729.3413], 'y': [175.119, 290.1459, 361.183, 448.215, 547.2834, 661.3264, 790.369], 'c': [131.1178, 260.1604, 374.2034, 473.2718, 560.3038, 631.3409, 746.3678], 'z': [140.0819, 255.1088, 326.1459, 413.178, 512.2464, 626.2893, 755.3319], 'Y': {'Y0': 903.453, 'Y1': 1106.5324, 'Y2': 1309.6118, 'Y3': 1471.6646, 'Y4': 1633.7174, 'Y5': 1795.7702}, '2Y': {'2Y0': 451.7265, '2Y1': 553.2662, '2Y2': 654.8059, '2Y3': 735.8323, '2Y4': 816.8587, '2Y5': 897.8851}, 'B': {'B_HexNAc_1': 204.0867, 'B_HexNAc_2': 407.1661, 'B_Hex_1': 569.2189, 'B_Hex_2': 731.2717, 'B_Hex_3': 893.3245}, 'oxonium': {'ox_HexNAc': 204.0867, 'ox_Hex': 163.0601}}"
sp|Q94715|CATL3_PARTE,119.0,G22768VO,HexNAc(2)Hex(3),N2H3,NYTTVK,119.0,124.0,6.0,NYT,1940.798418,724.3755550000001,1216.422863,-0.98333,9.71,971.4064850000001,2,"{'b': [115.0502, 278.1135, 379.1612, 480.2089, 579.2773], 'y': [147.1128, 246.1812, 347.2289, 448.2766, 611.3399], 'c': [132.0767, 295.14, 396.1877, 497.2354, 596.3038], 'z': [112.0757, 211.1441, 312.1918, 413.2395, 576.3028], 'Y': {'Y0': 725.3828, 'Y1': 928.4622, 'Y2': 1131.5416, 'Y3': 1293.5944, 'Y4': 1455.6472, 'Y5': 1617.7}, '2Y': {'2Y0': 362.6914, '2Y1': 464.2311, '2Y2': 565.7708, '2Y3': 646.7972, '2Y4': 727.8236, '2Y5': 808.85}, 'B': {'B_HexNAc_1': 204.0867, 'B_HexNAc_2': 407.1661, 'B_Hex_1': 569.2189, 'B_Hex_2': 731.2717, 'B_Hex_3': 893.3245}, 'oxonium': {'ox_HexNAc': 204.0867, 'ox_Hex': 163.0601}}"
sp|Q94715|CATL3_PARTE,199.0,G22768VO,HexNAc(2)Hex(3),N2H3,NQTCK,199.0,203.0,5.0,NQT,1808.686768,592.263905,1216.422863,-1.82,8.86,905.3506600000001,2,"{'b': [115.0502, 243.1088, 344.1565, 447.1657], 'y': [147.1128, 250.122, 351.1697, 479.2283], 'c': [132.0767, 260.1353, 361.183, 464.1922], 'z': [112.0757, 215.0849, 316.1326, 444.1912], 'Y': {'Y0': 593.2712, 'Y1': 796.3506, 'Y2': 999.43, 'Y3': 1161.4828, 'Y4': 1323.5356, 'Y5': 1485.5884}, '2Y': {'2Y0': 296.6356, '2Y1': 398.1753, '2Y2': 499.715, '2Y3': 580.7414, '2Y4': 661.7678, '2Y5': 742.7942}, 'B': {'B_HexNAc_1': 204.0867, 'B_HexNAc_2': 407.1661, 'B_Hex_1': 569.2189, 'B_Hex_2': 731.2717, 'B_Hex_3': 893.3245}, 'oxonium': {'ox_HexNAc': 204.0867, 'ox_Hex': 163.0601}}"
sp|Q94715|CATL3_PARTE,296.0,G22768VO,HexNAc(2)Hex(3),N2H3,LYPQNTCGILNYPYQVY,292.0,308.0,17.0,NTC,3264.3942079999997,2047.971345,1216.422863,-0.27647,5.22,1633.20438,2,"{'b': [114.0913, 277.1547, 374.2074, 502.266, 616.3089, 717.3566, 820.3658, 877.3873, 990.4713, 1103.5554, 1217.5983, 1380.6616, 1477.7144, 1640.7777, 1768.8363, 1867.9047], 'y': [182.0812, 281.1496, 409.2082, 572.2715, 669.3243, 832.3876, 946.4305, 1059.5146, 1172.5986, 1229.6201, 1332.6293, 1433.677, 1547.7199, 1675.7785, 1772.8312, 1935.8946], 'c': [131.1178, 294.1812, 391.2339, 519.2925, 633.3354, 734.3831, 837.3923, 894.4138, 1007.4978, 1120.5819, 1234.6248, 1397.6881, 1494.7409, 1657.8042, 1785.8628, 1884.9312], 'z': [147.0441, 246.1125, 374.1711, 537.2344, 634.2872, 797.3505, 911.3934, 1024.4775, 1137.5616, 1194.583, 1297.5922, 1398.6399, 1512.6828, 1640.7414, 1737.7942, 1900.8575], 'Y': {'Y0': 2048.9786, 'Y1': 2252.058, 'Y2': 2455.1374, 'Y3': 2617.1902, 'Y4': 2779.243, 'Y5': 2941.2958}, '2Y': {'2Y0': 1024.4893, '2Y1': 1126.029, '2Y2': 1227.5687, '2Y3': 1308.5951, '2Y4': 1389.6215, '2Y5': 1470.6479}, 'B': {'B_HexNAc_1': 204.0867, 'B_HexNAc_2': 407.1661, 'B_Hex_1': 569.2189, 'B_Hex_2': 731.2717, 'B_Hex_3': 893.3245}, 'oxonium': {'ox_HexNAc': 204.0867, 'ox_Hex': 163.0601}}"
sp|A0C574|EFTS2_PARTE,8.0,G22768VO,HexNAc(2)Hex(3),N2H3,IYTNISITLIK,5.0,15.0,11.0,NIS,2494.1823379999996,1277.7594749999998,1216.422863,0.99091,9.71,1248.0984449999999,2,"{'b': [114.0913, 277.1547, 378.2023, 492.2453, 605.3293, 692.3614, 805.4454, 906.4931, 1019.5772, 1132.6612], 'y': [147.1128, 260.1969, 373.2809, 474.3286, 587.4127, 674.4447, 787.5288, 901.5717, 1002.6194, 1165.6827], 'c': [131.1178, 294.1812, 395.2288, 509.2718, 622.3558, 709.3879, 822.4719, 923.5196, 1036.6037, 1149.6877], 'z': [112.0757, 225.1598, 338.2439, 439.2915, 552.3756, 639.4076, 752.4917, 866.5346, 967.5823, 1130.6456], 'Y': {'Y0': 1278.7668, 'Y1': 1481.8462, 'Y2': 1684.9256, 'Y3': 1846.9784, 'Y4': 2009.0312, 'Y5': 2171.084}, '2Y': {'2Y0': 639.3834, '2Y1': 740.9231, '2Y2': 842.4628, '2Y3': 923.4892, '2Y4': 1004.5156, '2Y5': 1085.542}, 'B': {'B_HexNAc_1': 204.0867, 'B_HexNAc_2': 407.1661, 'B_Hex_1': 569.2189, 'B_Hex_2': 731.2717, 'B_Hex_3': 893.3245}, 'oxonium': {'ox_HexNAc': 204.0867, 'ox_Hex': 163.0601}}"
sp|A0C574|EFTS2_PARTE,26.0,G22768VO,HexNAc(2)Hex(3),N2H3,EASGSPINDCK,19.0,29.0,11.0,NDC,2335.9094880000002,1119.486625,1216.422863,-0.83636,3.97,1168.9620200000002,2,"{'b': [130.0499, 201.087, 288.119, 345.1405, 432.1725, 529.2253, 642.3093, 756.3522, 871.3792, 974.3884], 'y': [147.1128, 250.122, 365.1489, 479.1919, 592.2759, 689.3287, 776.3607, 833.3822, 920.4142, 991.4513], 'c': [147.0764, 218.1135, 305.1455, 362.167, 449.199, 546.2518, 659.3358, 773.3787, 888.4057, 991.4149], 'z': [112.0757, 215.0849, 330.1119, 444.1548, 557.2389, 654.2916, 741.3236, 798.3451, 885.3771, 956.4142], 'Y': {'Y0': 1120.4939, 'Y1': 1323.5733, 'Y2': 1526.6527, 'Y3': 1688.7055, 'Y4': 1850.7583, 'Y5': 2012.8111}, '2Y': {'2Y0': 560.247, '2Y1': 661.7867, '2Y2': 763.3264, '2Y3': 844.3528, '2Y4': 925.3792, '2Y5': 1006.4056}, 'B': {'B_HexNAc_1': 204.0867, 'B_HexNAc_2': 407.1661, 'B_Hex_1': 569.2189, 'B_Hex_2': 731.2717, 'B_Hex_3': 893.3245}, 'oxonium': {'ox_HexNAc': 204.0867, 'ox_Hex': 163.0601}}"
sp|A0C574|EFTS2_PARTE,60.0,G22768VO,HexNAc(2)Hex(3),N2H3,MGNQTK,58.0,63.0,6.0,NQT,1893.739528,677.3166650000001,1216.422863,-1.68333,10.07,947.8770400000001,2,"{'b': [132.0478, 189.0692, 303.1122, 431.1707, 532.2184], 'y': [147.1128, 248.1605, 376.2191, 490.262, 547.2835], 'c': [149.0743, 206.0957, 320.1387, 448.1972, 549.2449], 'z': [112.0757, 213.1234, 341.182, 455.2249, 512.2464], 'Y': {'Y0': 678.3239, 'Y1': 881.4033, 'Y2': 1084.4827, 'Y3': 1246.5355, 'Y4': 1408.5883, 'Y5': 1570.6411}, '2Y': {'2Y0': 339.162, '2Y1': 440.7017, '2Y2': 542.2414, '2Y3': 623.2678, '2Y4': 704.2942, '2Y5': 785.3206}, 'B': {'B_HexNAc_1': 204.0867, 'B_HexNAc_2': 407.1661, 'B_Hex_1': 569.2189, 'B_Hex_2': 731.2717, 'B_Hex_3': 893.3245}, 'oxonium': {'ox_HexNAc': 204.0867, 'ox_Hex': 163.0601}}"
sp|A0CRL1|EFTS1_PARTE,8.0,G22768VO,HexNAc(2)Hex(3),N2H3,IYTNISITLIK,5.0,15.0,11.0,NIS,2494.1823379999996,1277.7594749999998,1216.422863,0.99091,9.71,1248.0984449999999,2,"{'b': [114.0913, 277.1547, 378.2023, 492.2453, 605.3293, 692.3614, 805.4454, 906.4931, 1019.5772, 1132.6612], 'y': [147.1128, 260.1969, 373.2809, 474.3286, 587.4127, 674.4447, 787.5288, 901.5717, 1002.6194, 1165.6827], 'c': [131.1178, 294.1812, 395.2288, 509.2718, 622.3558, 709.3879, 822.4719, 923.5196, 1036.6037, 1149.6877], 'z': [112.0757, 225.1598, 338.2439, 439.2915, 552.3756, 639.4076, 752.4917, 866.5346, 967.5823, 1130.6456], 'Y': {'Y0': 1278.7668, 'Y1': 1481.8462, 'Y2': 1684.9256, 'Y3': 1846.9784, 'Y4': 2009.0312, 'Y5': 2171.084}, '2Y': {'2Y0': 639.3834, '2Y1': 740.9231, '2Y2': 842.4628, '2Y3': 923.4892, '2Y4': 1004.5156, '2Y5': 1085.542}, 'B': {'B_HexNAc_1': 204.0867, 'B_HexNAc_2': 407.1661, 'B_Hex_1': 569.2189, 'B_Hex_2': 731.2717, 'B_Hex_3': 893.3245}, 'oxonium': {'ox_HexNAc': 204.0867, 'ox_Hex': 163.0601}}"
sp|A0CRL1|EFTS1_PARTE,26.0,G22768VO,HexNAc(2)Hex(3),N2H3,EASGSPINDCK,19.0,29.0,11.0,NDC,2335.9094880000002,1119.486625,1216.422863,-0.83636,3.97,1168.9620200000002,2,"{'b': [130.0499, 201.087, 288.119, 345.1405, 432.1725, 529.2253, 642.3093, 756.3522, 871.3792, 974.3884], 'y': [147.1128, 250.122, 365.1489, 479.1919, 592.2759, 689.3287, 776.3607, 833.3822, 920.4142, 991.4513], 'c': [147.0764, 218.1135, 305.1455, 362.167, 449.199, 546.2518, 659.3358, 773.3787, 888.4057, 991.4149], 'z': [112.0757, 215.0849, 330.1119, 444.1548, 557.2389, 654.2916, 741.3236, 798.3451, 885.3771, 956.4142], 'Y': {'Y0': 1120.4939, 'Y1': 1323.5733, 'Y2': 1526.6527, 'Y3': 1688.7055, 'Y4': 1850.7583, 'Y5': 2012.8111}, '2Y': {'2Y0': 560.247, '2Y1': 661.7867, '2Y2': 763.3264, '2Y3': 844.3528, '2Y4': 925.3792, '2Y5': 1006.4056}, 'B': {'B_HexNAc_1': 204.0867, 'B_HexNAc_2': 407.1661, 'B_Hex_1': 569.2189, 'B_Hex_2': 731.2717, 'B_Hex_3': 893.3245}, 'oxonium': {'ox_HexNAc': 204.0867, 'ox_Hex': 163.0601}}"
sp|A0CRL1|EFTS1_PARTE,60.0,G22768VO,HexNAc(2)Hex(3),N2H3,SGNQTK,58.0,63.0,6.0,NQT,1849.731068,633.308205,1216.422863,-2.13333,10.07,925.8728100000001,2,"{'b': [88.0393, 145.0608, 259.1037, 387.1623, 488.21], 'y': [147.1128, 248.1605, 376.2191, 490.262, 547.2835], 'c': [105.0658, 162.0873, 276.1302, 404.1888, 505.2365], 'z': [112.0757, 213.1234, 341.182, 455.2249, 512.2464], 'Y': {'Y0': 634.3155, 'Y1': 837.3949, 'Y2': 1040.4743, 'Y3': 1202.5271, 'Y4': 1364.5799, 'Y5': 1526.6327}, '2Y': {'2Y0': 317.1577, '2Y1': 418.6974, '2Y2': 520.2371, '2Y3': 601.2635, '2Y4': 682.2899, '2Y5': 763.3163}, 'B': {'B_HexNAc_1': 204.0867, 'B_HexNAc_2': 407.1661, 'B_Hex_1': 569.2189, 'B_Hex_2': 731.2717, 'B_Hex_3': 893.3245}, 'oxonium': {'ox_HexNAc': 204.0867, 'ox_Hex': 163.0601}}"
sp|A0CRL1|EFTS1_PARTE,113.0,G22768VO,HexNAc(2)Hex(3),N2H3,DFNSSNIESVLR,111.0,122.0,12.0,NSS,2596.090958,1379.668095,1216.422863,-0.46667,3.97,1299.052755,2,"{'b': [116.0342, 263.1026, 377.1456, 464.1776, 551.2096, 665.2525, 778.3366, 907.3792, 994.4112, 1093.4796, 1206.5637], 'y': [175.119, 288.203, 387.2714, 474.3035, 603.346, 716.4301, 830.473, 917.5051, 1004.5371, 1118.58, 1265.6484], 'c': [133.0607, 280.1291, 394.1721, 481.2041, 568.2361, 682.279, 795.3631, 924.4057, 1011.4377, 1110.5061, 1223.5902], 'z': [140.0819, 253.1659, 352.2344, 439.2664, 568.309, 681.393, 795.436, 882.468, 969.5, 1083.543, 1230.6114], 'Y': {'Y0': 1380.6754, 'Y1': 1583.7548, 'Y2': 1786.8342, 'Y3': 1948.887, 'Y4': 2110.9398, 'Y5': 2272.9926}, '2Y': {'2Y0': 690.3377, '2Y1': 791.8774, '2Y2': 893.4171, '2Y3': 974.4435, '2Y4': 1055.4699, '2Y5': 1136.4963}, 'B': {'B_HexNAc_1': 204.0867, 'B_HexNAc_2': 407.1661, 'B_Hex_1': 569.2189, 'B_Hex_2': 731.2717, 'B_Hex_3': 893.3245}, 'oxonium': {'ox_HexNAc': 204.0867, 'ox_Hex': 163.0601}}"
sp|A0E3W6|NNRE_PARTE,104.0,G22768VO,HexNAc(2)Hex(3),N2H3,LLNQCK,102.0,107.0,6.0,NQC,1933.8072080000002,717.384345,1216.422863,-0.13333,8.86,967.9108800000001,2,"{'b': [114.0913, 227.1754, 341.2183, 469.2769, 572.2861], 'y': [147.1128, 250.122, 378.1806, 492.2235, 605.3076], 'c': [131.1178, 244.2019, 358.2448, 486.3034, 589.3126], 'z': [112.0757, 215.0849, 343.1435, 457.1864, 570.2705], 'Y': {'Y0': 718.3916, 'Y1': 921.471, 'Y2': 1124.5504, 'Y3': 1286.6032, 'Y4': 1448.656, 'Y5': 1610.7088}, '2Y': {'2Y0': 359.1958, '2Y1': 460.7355, '2Y2': 562.2752, '2Y3': 643.3016, '2Y4': 724.328, '2Y5': 805.3544}, 'B': {'B_HexNAc_1': 204.0867, 'B_HexNAc_2': 407.1661, 'B_Hex_1': 569.2189, 'B_Hex_2': 731.2717, 'B_Hex_3': 893.3245}, 'oxonium': {'ox_HexNAc': 204.0867, 'ox_Hex': 163.0601}}"
sp|Q94726|CATR4_PARTE,19.0,G22768VO,HexNAc(2)Hex(3),N2H3,NQTGK,19.0,23.0,5.0,NQT,1762.6990380000002,546.2761750000001,1216.422863,-2.4,10.07,882.3567950000001,2,"{'b': [115.0502, 243.1088, 344.1565, 401.1779], 'y': [147.1128, 204.1343, 305.1819, 433.2405], 'c': [132.0767, 260.1353, 361.183, 418.2044], 'z': [112.0757, 169.0972, 270.1449, 398.2035], 'Y': {'Y0': 547.2835, 'Y1': 750.3629, 'Y2': 953.4423, 'Y3': 1115.4951, 'Y4': 1277.5479, 'Y5': 1439.6007}, '2Y': {'2Y0': 273.6417, '2Y1': 375.1814, '2Y2': 476.7211, '2Y3': 557.7475, '2Y4': 638.7739, '2Y5': 719.8003}, 'B': {'B_HexNAc_1': 204.0867, 'B_HexNAc_2': 407.1661, 'B_Hex_1': 569.2189, 'B_Hex_2': 731.2717, 'B_Hex_3': 893.3245}, 'oxonium': {'ox_HexNAc': 204.0867, 'ox_Hex': 163.0601}}"
