ProteinID,Site,GlyToucan_AC,Composition,Peptide,Start,End,Length,Sequon,GlycopeptideMass,PeptideMass,GlycanMass,Hydrophobicity,pI,Protease,GlycosylationType,MissedCleavages,z2,IonSeries
sp|P0C6U8|R1A_SARS,48.0,G62765YT,HexNAc(2)Hex(8),NGTCGLVELEK,48.0,58.0,11.0,NGT,2864.151288,1161.569955,1702.581333,-0.14545,4.26,,,,1433.08292,"{'b': [115.0502, 172.0717, 273.1193, 376.1285, 433.15, 546.2341, 645.3025, 774.3451, 887.4291, 1016.4717], 'y': [1048.5343, 991.5128, 890.4652, 787.456, 730.4345, 617.3505, 518.282, 389.2395, 276.1554, 147.1128], 'Y': {'Y0': 1162.5772, 'Y1': 1365.6566, 'Y2': 1568.736}}"
sp|P0C6U8|R1A_SARS,189.0,G62765YT,HexNAc(2)Hex(8),YVDNNFCGPDGYPLDCIK,185.0,202.0,18.0,NFC,3734.451958,2031.870625,1702.581333,-0.42778,3.39,,,,1868.233255,"{'b': [164.0706, 263.139, 378.166, 492.2089, 606.2518, 753.3202, 856.3294, 913.3509, 1010.4036, 1125.4306, 1182.452, 1345.5154, 1442.5681, 1555.6522, 1670.6791, 1773.6883, 1886.7724], 'y': [1869.8146, 1770.7462, 1655.7192, 1541.6763, 1427.6334, 1280.565, 1177.5558, 1120.5343, 1023.4815, 908.4546, 851.4331, 688.3698, 591.3171, 478.233, 363.2061, 260.1969, 147.1128], 'Y': {'Y0': 2032.8779, 'Y1': 2235.9573, 'Y2': 2439.0367}}"
sp|P0C6U8|R1A_SARS,324.0,G62765YT,HexNAc(2)Hex(8),CNHCDEVSWQTCDFLK,323.0,338.0,16.0,NHC,3629.351218,1926.769885,1702.581333,-0.54375,4.17,,,,1815.682885,"{'b': [104.0165, 218.0594, 355.1183, 458.1275, 573.1544, 702.197, 801.2654, 888.2975, 1074.3768, 1202.4354, 1303.483, 1406.4922, 1521.5192, 1668.5876, 1781.6716], 'y': [1824.768, 1710.725, 1573.6661, 1470.6569, 1355.63, 1226.5874, 1127.519, 1040.487, 854.4077, 726.3491, 625.3014, 522.2922, 407.2653, 260.1969, 147.1128], 'Y': {'Y0': 1927.7772, 'Y1': 2130.8566, 'Y2': 2333.936}}"
sp|P0C6U8|R1A_SARS,389.0,G62765YT,HexNAc(2)Hex(8),MPCPACQDPEIGPEHSVADYHNHSNIETR,368.0,396.0,29.0,NHS,4948.973018000001,3246.391685000001,1702.581333,-0.9931,4.61,,,,2475.493785,"{'b': [132.0478, 229.1005, 332.1097, 429.1625, 500.1996, 603.2088, 731.2674, 846.2943, 943.3471, 1072.3896, 1185.4737, 1242.4952, 1339.5479, 1468.5905, 1605.6494, 1692.6815, 1791.7499, 1862.787, 1977.8139, 2140.8772, 2277.9362, 2391.9791, 2529.038, 2616.07, 2730.113, 2843.197, 2972.2396, 3073.2873], 'y': [3116.3585, 3019.3057, 2916.2965, 2819.2438, 2748.2067, 2645.1975, 2517.1389, 2402.1119, 2305.0592, 2176.0166, 2062.9325, 2005.9111, 1908.8583, 1779.8157, 1642.7568, 1555.7248, 1456.6564, 1385.6193, 1270.5923, 1107.529, 970.4701, 856.4272, 719.3682, 632.3362, 518.2933, 405.2092, 276.1666, 175.119], 'Y': {'Y0': 3247.399, 'Y1': 3450.4784, 'Y2': 3653.5578}}"
sp|P0C6U8|R1A_SARS,556.0,G62765YT,HexNAc(2)Hex(8),TLDAANHSIPDLQR,551.0,564.0,14.0,NHS,3252.366178,1549.784845,1702.581333,-0.65,4.99,,,,1627.1903650000002,"{'b': [102.055, 215.139, 330.166, 401.2031, 472.2402, 586.2831, 723.342, 810.374, 923.4581, 1020.5109, 1135.5378, 1248.6219, 1376.6804], 'y': [1449.7444, 1336.6604, 1221.6334, 1150.5963, 1079.5592, 965.5163, 828.4574, 741.4254, 628.3413, 531.2885, 416.2616, 303.1775, 175.119], 'Y': {'Y0': 1550.7921, 'Y1': 1753.8715, 'Y2': 1956.9509}}"
sp|P0C6U8|R1A_SARS,916.0,G62765YT,HexNAc(2)Hex(8),TLQPVSDLLTNMGIDLDEWSVATFYLFDDAGEENFSSR,883.0,920.0,38.0,NFS,5997.5705179999995,4294.989184999999,1702.581333,-0.18684,3.04,,,,2999.7925349999996,"{'b': [102.055, 215.139, 343.1976, 440.2504, 539.3188, 626.3508, 741.3777, 854.4618, 967.5459, 1068.5935, 1182.6365, 1313.677, 1370.6984, 1483.7825, 1598.8094, 1711.8935, 1826.9204, 1955.963, 2142.0423, 2229.0743, 2328.1428, 2399.1799, 2500.2275, 2647.296, 2810.3593, 2923.4433, 3070.5118, 3185.5387, 3300.5656, 3371.6027, 3428.6242, 3557.6668, 3686.7094, 3800.7523, 3947.8207, 4034.8528, 4121.8848], 'y': [4194.9488, 4081.8647, 3953.8061, 3856.7534, 3757.685, 3670.6529, 3555.626, 3442.5419, 3329.4579, 3228.4102, 3114.3673, 2983.3268, 2926.3053, 2813.2213, 2698.1943, 2585.1103, 2470.0833, 2341.0407, 2154.9614, 2067.9294, 1968.861, 1897.8239, 1796.7762, 1649.7078, 1486.6445, 1373.5604, 1226.492, 1111.465, 996.4381, 925.401, 868.3795, 739.3369, 610.2944, 496.2514, 349.183, 262.151, 175.119], 'Y': {'Y0': 4295.9965, 'Y1': 4499.0759, 'Y2': 4702.1553}}"
sp|P0C6U8|R1A_SARS,1628.0,G62765YT,HexNAc(2)Hex(8),YMSALNHTK,1623.0,1631.0,9.0,NHT,2766.093398,1063.512065,1702.581333,-0.65556,9.71,,,,1384.053975,"{'b': [164.0706, 295.1111, 382.1431, 453.1802, 566.2643, 680.3072, 817.3661, 918.4138], 'y': [901.456, 770.4155, 683.3835, 612.3464, 499.2623, 385.2194, 248.1605, 147.1128], 'Y': {'Y0': 1064.5193, 'Y1': 1267.5987, 'Y2': 1470.6781}}"
sp|P0C6U8|R1A_SARS,1649.0,G62765YT,HexNAc(2)Hex(8),WADNNCYLSSVLLALQQLEVK,1646.0,1666.0,21.0,NNC,4108.806638,2406.2253049999995,1702.581333,0.22857,3.97,,,,2055.410595,"{'b': [187.0866, 258.1237, 373.1506, 487.1936, 601.2365, 704.2457, 867.309, 980.3931, 1067.4251, 1154.4571, 1253.5255, 1366.6096, 1479.6937, 1550.7308, 1663.8148, 1791.8734, 1919.932, 2033.0161, 2162.0586, 2261.1271], 'y': [2221.1533, 2150.1162, 2035.0892, 1921.0463, 1807.0034, 1703.9942, 1540.9308, 1427.8468, 1340.8148, 1253.7827, 1154.7143, 1041.6303, 928.5462, 857.5091, 744.425, 616.3664, 488.3079, 375.2238, 246.1812, 147.1128], 'Y': {'Y0': 2407.2326, 'Y1': 2610.312, 'Y2': 2813.3914}}"
sp|P0C6U8|R1A_SARS,1686.0,G62765YT,HexNAc(2)Hex(8),AGDAANFCALILAYSNK,1681.0,1697.0,17.0,NFC,3443.4318080000003,1740.850475,1702.581333,0.55882,5.91,,,,1722.7231800000002,"{'b': [72.0444, 129.0658, 244.0928, 315.1299, 386.167, 500.2099, 647.2783, 750.2875, 821.3246, 934.4087, 1047.4928, 1160.5768, 1231.6139, 1394.6773, 1481.7093, 1595.7522], 'y': [1670.8206, 1613.7992, 1498.7722, 1427.7351, 1356.698, 1242.6551, 1095.5867, 992.5775, 921.5404, 808.4563, 695.3723, 582.2882, 511.2511, 348.1878, 261.1557, 147.1128], 'Y': {'Y0': 1741.8578, 'Y1': 1944.9372, 'Y2': 2148.0166}}"
sp|P0C6U8|R1A_SARS,1899.0,G62765YT,HexNAc(2)Hex(8),DNAYYTEQPIDLVPTQPLPNASFDNFK,1880.0,1906.0,27.0,NAS,4799.052938000001,3096.471605,1702.581333,-0.78148,3.33,,,,2400.533745,"{'b': [116.0342, 230.0771, 301.1143, 464.1776, 627.2409, 728.2886, 857.3312, 985.3898, 1082.4425, 1195.5266, 1310.5535, 1423.6376, 1522.706, 1619.7588, 1720.8064, 1848.865, 1945.9178, 2059.0018, 2156.0546, 2270.0975, 2341.1346, 2428.1667, 2575.2351, 2690.262, 2804.3049, 2951.3734], 'y': [2982.4519, 2868.409, 2797.3719, 2634.3086, 2471.2452, 2370.1976, 2241.155, 2113.0964, 2016.0436, 1902.9596, 1787.9326, 1674.8486, 1575.7802, 1478.7274, 1377.6797, 1249.6211, 1152.5684, 1039.4843, 942.4316, 828.3886, 757.3515, 670.3195, 523.2511, 408.2241, 294.1812, 147.1128], 'Y': {'Y0': 3097.4789, 'Y1': 3300.5583, 'Y2': 3503.6377}}"
sp|P0C6U8|R1A_SARS,2079.0,G62765YT,HexNAc(2)Hex(8),VTQELGHEDLMAAYVENTSITIK,2063.0,2085.0,23.0,NTS,4263.849618000001,2561.268285000001,1702.581333,-0.09565,4.11,,,,2132.9320850000004,"{'b': [100.0757, 201.1234, 329.1819, 458.2245, 571.3086, 628.3301, 765.389, 894.4316, 1009.4585, 1122.5426, 1253.583, 1324.6202, 1395.6573, 1558.7206, 1657.789, 1786.8316, 1900.8745, 2001.9222, 2088.9542, 2202.0383, 2303.086, 2416.17], 'y': [2463.2072, 2362.1595, 2234.1009, 2105.0583, 1991.9742, 1934.9528, 1797.8939, 1668.8513, 1553.8243, 1440.7403, 1309.6998, 1238.6627, 1167.6256, 1004.5622, 905.4938, 776.4512, 662.4083, 561.3606, 474.3286, 361.2445, 260.1969, 147.1128], 'Y': {'Y0': 2562.2756, 'Y1': 2765.355, 'Y2': 2968.4344}}"
sp|P0C6U8|R1A_SARS,2249.0,G62765YT,HexNAc(2)Hex(8),ELYLNSSNVTTMDFCEGSFPCSICLSGLDSLDSYPALETIQVTISSYK,2245.0,2292.0,48.0,NSS,6942.992658000001,5240.411325000001,1702.581333,0.17083,3.24,,,,3472.5036050000003,"{'b': [130.0499, 243.1339, 406.1973, 519.2813, 633.3242, 720.3563, 807.3883, 921.4312, 1020.4996, 1121.5473, 1222.595, 1353.6355, 1468.6624, 1615.7308, 1718.74, 1847.7826, 1904.8041, 1991.8361, 2138.9045, 2235.9573, 2338.9665, 2425.9985, 2539.0826, 2642.0918, 2755.1758, 2842.2078, 2899.2293, 3012.3134, 3127.3403, 3214.3723, 3327.4564, 3442.4833, 3529.5154, 3692.5787, 3789.6315, 3860.6686, 3973.7526, 4102.7952, 4203.8429, 4316.927, 4444.9855, 4544.0539, 4645.1016, 4758.1857, 4845.2177, 4932.2497, 5095.3131], 'y': [5112.376, 4999.292, 4836.2286, 4723.1446, 4609.1016, 4522.0696, 4435.0376, 4320.9946, 4221.9262, 4120.8786, 4019.8309, 3888.7904, 3773.7634, 3626.695, 3523.6858, 3394.6433, 3337.6218, 3250.5898, 3103.5214, 3006.4686, 2903.4594, 2816.4274, 2703.3433, 2600.3341, 2487.2501, 2400.218, 2343.1966, 2230.1125, 2115.0856, 2028.0535, 1914.9695, 1799.9425, 1712.9105, 1549.8472, 1452.7944, 1381.7573, 1268.6733, 1139.6307, 1038.583, 925.4989, 797.4403, 698.3719, 597.3243, 484.2402, 397.2082, 310.1761, 147.1128], 'Y': {'Y0': 5241.4186, 'Y1': 5444.498, 'Y2': 5647.5774}}"
sp|P0C6U8|R1A_SARS,2252.0,G62765YT,HexNAc(2)Hex(8),ELYLNSSNVTTMDFCEGSFPCSICLSGLDSLDSYPALETIQVTISSYK,2245.0,2292.0,48.0,NVT,6942.992658000001,5240.411325000001,1702.581333,0.17083,3.24,,,,3472.5036050000003,"{'b': [130.0499, 243.1339, 406.1973, 519.2813, 633.3242, 720.3563, 807.3883, 921.4312, 1020.4996, 1121.5473, 1222.595, 1353.6355, 1468.6624, 1615.7308, 1718.74, 1847.7826, 1904.8041, 1991.8361, 2138.9045, 2235.9573, 2338.9665, 2425.9985, 2539.0826, 2642.0918, 2755.1758, 2842.2078, 2899.2293, 3012.3134, 3127.3403, 3214.3723, 3327.4564, 3442.4833, 3529.5154, 3692.5787, 3789.6315, 3860.6686, 3973.7526, 4102.7952, 4203.8429, 4316.927, 4444.9855, 4544.0539, 4645.1016, 4758.1857, 4845.2177, 4932.2497, 5095.3131], 'y': [5112.376, 4999.292, 4836.2286, 4723.1446, 4609.1016, 4522.0696, 4435.0376, 4320.9946, 4221.9262, 4120.8786, 4019.8309, 3888.7904, 3773.7634, 3626.695, 3523.6858, 3394.6433, 3337.6218, 3250.5898, 3103.5214, 3006.4686, 2903.4594, 2816.4274, 2703.3433, 2600.3341, 2487.2501, 2400.218, 2343.1966, 2230.1125, 2115.0856, 2028.0535, 1914.9695, 1799.9425, 1712.9105, 1549.8472, 1452.7944, 1381.7573, 1268.6733, 1139.6307, 1038.583, 925.4989, 797.4403, 698.3719, 597.3243, 484.2402, 397.2082, 310.1761, 147.1128], 'Y': {'Y0': 5241.4186, 'Y1': 5444.498, 'Y2': 5647.5774}}"
sp|P0C6U8|R1A_SARS,2507.0,G62765YT,HexNAc(2)Hex(8),ANNTK,2506.0,2510.0,5.0,NNT,2248.857508,546.2761750000001,1702.581333,-1.96,10.07,,,,1125.43603,"{'b': [72.0444, 186.0873, 300.1302, 401.1779], 'y': [476.2463, 362.2034, 248.1605, 147.1128], 'Y': {'Y0': 547.2835, 'Y1': 750.3629, 'Y2': 953.4423}}"
sp|P0C6U8|R1A_SARS,2659.0,G62765YT,HexNAc(2)Hex(8),VENMTPR,2657.0,2663.0,7.0,NMT,2547.987868,845.4065350000001,1702.581333,-1.1,6.93,,,,1275.0012100000001,"{'b': [100.0757, 229.1183, 343.1612, 474.2017, 575.2494, 672.3021], 'y': [747.3454, 618.3028, 504.2599, 373.2194, 272.1717, 175.119], 'Y': {'Y0': 846.4138, 'Y1': 1049.4932, 'Y2': 1252.5726}}"
sp|P0C6U8|R1A_SARS,2685.0,G62765YT,HexNAc(2)Hex(8),SHNVSLIWNVK,2683.0,2693.0,11.0,NVS,2998.279938,1295.698605,1702.581333,0.00909,10.07,,,,1500.147245,"{'b': [88.0393, 225.0982, 339.1411, 438.2096, 525.2416, 638.3256, 751.4097, 937.489, 1051.5319, 1150.6004], 'y': [1209.6739, 1072.6149, 958.572, 859.5036, 772.4716, 659.3875, 546.3035, 360.2241, 246.1812, 147.1128], 'Y': {'Y0': 1296.7059, 'Y1': 1499.7853, 'Y2': 1702.8647}}"
sp|P0C6U8|R1A_SARS,2871.0,G62765YT,HexNAc(2)Hex(8),VFSAVGNICYTPSK,2865.0,2878.0,14.0,NIC,3187.314668,1484.733335,1702.581333,0.5,8.78,,,,1594.66461,"{'b': [100.0757, 247.1441, 334.1761, 405.2132, 504.2816, 561.3031, 675.346, 788.4301, 891.4393, 1054.5026, 1155.5503, 1252.6031, 1339.6351], 'y': [1386.6722, 1239.6038, 1152.5718, 1081.5347, 982.4662, 925.4448, 811.4019, 698.3178, 595.3086, 432.2453, 331.1976, 234.1448, 147.1128], 'Y': {'Y0': 1485.7406, 'Y1': 1688.82, 'Y2': 1891.8994}}"
sp|P0C6U8|R1A_SARS,3303.0,G62765YT,HexNAc(2)Hex(8),SNHSFLVQAGNVQLR,3302.0,3316.0,15.0,NHS,3371.450918,1668.869585,1702.581333,-0.20667,11.04,,,,1686.732735,"{'b': [88.0393, 202.0822, 339.1411, 426.1732, 573.2416, 686.3256, 785.3941, 913.4526, 984.4897, 1041.5112, 1155.5541, 1254.6225, 1382.6811, 1495.7652], 'y': [1582.8448, 1468.8019, 1331.743, 1244.711, 1097.6426, 984.5585, 885.4901, 757.4315, 686.3944, 629.3729, 515.33, 416.2616, 288.203, 175.119], 'Y': {'Y0': 1669.8769, 'Y1': 1872.9563, 'Y2': 2076.0357}}"
sp|P0C6U8|R1A_SARS,3359.0,G62765YT,HexNAc(2)Hex(8),IQPGQTFSVLACYNGSPSGVYQCAMRPNHTIK,3346.0,3377.0,32.0,NGS,5169.239748000001,3466.658415000001,1702.581333,-0.21875,8.9,,,,2585.6271500000003,"{'b': [114.0913, 242.1499, 339.2027, 396.2241, 524.2827, 625.3304, 772.3988, 859.4308, 958.4992, 1071.5833, 1142.6204, 1245.6296, 1408.6929, 1522.7359, 1579.7573, 1666.7894, 1763.8421, 1850.8741, 1907.8956, 2006.964, 2170.0273, 2298.0859, 2401.0951, 2472.1322, 2603.1727, 2759.2738, 2856.3266, 2970.3695, 3107.4284, 3208.4761, 3321.5602], 'y': [3354.5816, 3226.5231, 3129.4703, 3072.4488, 2944.3903, 2843.3426, 2696.2742, 2609.2421, 2510.1737, 2397.0897, 2326.0526, 2223.0434, 2059.98, 1945.9371, 1888.9156, 1801.8836, 1704.8309, 1617.7988, 1560.7774, 1461.709, 1298.6456, 1170.587, 1067.5779, 996.5407, 865.5003, 709.3991, 612.3464, 498.3035, 361.2445, 260.1969, 147.1128], 'Y': {'Y0': 3467.6657, 'Y1': 3670.7451, 'Y2': 3873.8245}}"
sp|P0C6U8|R1A_SARS,3373.0,G62765YT,HexNAc(2)Hex(8),IQPGQTFSVLACYNGSPSGVYQCAMRPNHTIK,3346.0,3377.0,32.0,NHT,5169.239748000001,3466.658415000001,1702.581333,-0.21875,8.9,,,,2585.6271500000003,"{'b': [114.0913, 242.1499, 339.2027, 396.2241, 524.2827, 625.3304, 772.3988, 859.4308, 958.4992, 1071.5833, 1142.6204, 1245.6296, 1408.6929, 1522.7359, 1579.7573, 1666.7894, 1763.8421, 1850.8741, 1907.8956, 2006.964, 2170.0273, 2298.0859, 2401.0951, 2472.1322, 2603.1727, 2759.2738, 2856.3266, 2970.3695, 3107.4284, 3208.4761, 3321.5602], 'y': [3354.5816, 3226.5231, 3129.4703, 3072.4488, 2944.3903, 2843.3426, 2696.2742, 2609.2421, 2510.1737, 2397.0897, 2326.0526, 2223.0434, 2059.98, 1945.9371, 1888.9156, 1801.8836, 1704.8309, 1617.7988, 1560.7774, 1461.709, 1298.6456, 1170.587, 1067.5779, 996.5407, 865.5003, 709.3991, 612.3464, 498.3035, 361.2445, 260.1969, 147.1128], 'Y': {'Y0': 3467.6657, 'Y1': 3670.7451, 'Y2': 3873.8245}}"
sp|P0C6U8|R1A_SARS,3382.0,G62765YT,HexNAc(2)Hex(8),GSFLNGSCGSVGFNIDYDCVSFCYMHHMELPTGVHAGTDLEGK,3378.0,3420.0,43.0,NGS,6296.560928000001,4593.979595000001,1702.581333,0.0093,4.5,,,,3149.28774,"{'b': [58.0287, 145.0608, 292.1292, 405.2132, 519.2562, 576.2776, 663.3097, 766.3188, 823.3403, 910.3723, 1009.4407, 1066.4622, 1213.5306, 1327.5735, 1440.6576, 1555.6845, 1718.7479, 1833.7748, 1936.784, 2035.8524, 2122.8844, 2269.9529, 2372.962, 2536.0254, 2667.0659, 2804.1248, 2941.1837, 3072.2242, 3201.2668, 3314.3508, 3411.4036, 3512.4513, 3569.4727, 3668.5411, 3805.6, 3876.6372, 3933.6586, 4034.7063, 4149.7332, 4262.8173, 4391.8599, 4448.8813], 'y': [4537.9654, 4450.9334, 4303.865, 4190.7809, 4076.738, 4019.7165, 3932.6845, 3829.6753, 3772.6538, 3685.6218, 3586.5534, 3529.5319, 3382.4635, 3268.4206, 3155.3365, 3040.3096, 2877.2463, 2762.2193, 2659.2101, 2560.1417, 2473.1097, 2326.0413, 2223.0321, 2059.9688, 1928.9283, 1791.8694, 1654.8105, 1523.77, 1394.7274, 1281.6433, 1184.5906, 1083.5429, 1026.5214, 927.453, 790.3941, 719.357, 662.3355, 561.2879, 446.2609, 333.1769, 204.1343, 147.1128], 'Y': {'Y0': 4594.9869, 'Y1': 4798.0663, 'Y2': 5001.1457}}"
sp|P0C6U8|R1A_SARS,3720.0,G62765YT,HexNAc(2)Hex(8),VYYGNALDQAISMWALVISVTSNYSGVVTTIMFLAR,3698.0,3733.0,36.0,NYS,5655.592008,3953.010675,1702.581333,0.84167,6.48,,,,2828.8032799999996,"{'b': [100.0757, 263.139, 426.2023, 483.2238, 597.2667, 668.3038, 781.3879, 896.4148, 1024.4734, 1095.5105, 1208.5946, 1295.6266, 1426.6671, 1612.7464, 1683.7835, 1796.8676, 1895.936, 2009.0201, 2096.0521, 2195.1205, 2296.1682, 2383.2002, 2497.2431, 2660.3065, 2747.3385, 2804.36, 2903.4284, 3002.4968, 3103.5445, 3204.5921, 3317.6762, 3448.7167, 3595.7851, 3708.8692, 3779.9063], 'y': [3854.9495, 3691.8862, 3528.8229, 3471.8014, 3357.7585, 3286.7214, 3173.6373, 3058.6104, 2930.5518, 2859.5147, 2746.4306, 2659.3986, 2528.3581, 2342.2788, 2271.2417, 2158.1576, 2059.0892, 1946.0052, 1858.9731, 1759.9047, 1658.857, 1571.825, 1457.7821, 1294.7188, 1207.6867, 1150.6653, 1051.5969, 952.5284, 851.4808, 750.4331, 637.349, 506.3085, 359.2401, 246.1561, 175.119], 'Y': {'Y0': 3954.018, 'Y1': 4157.0974, 'Y2': 4360.1768}}"
sp|P0C6U8|R1A_SARS,4059.0,G62765YT,HexNAc(2)Hex(8),NTCDGNTFTYASALWEIQQVVDADSK,4059.0,4084.0,26.0,NTC,4577.878358,2875.297025,1702.581333,-0.41538,3.33,,,,2289.946455,"{'b': [115.0502, 216.0979, 319.1071, 434.134, 491.1555, 605.1984, 706.2461, 853.3145, 954.3622, 1117.4255, 1188.4626, 1275.4946, 1346.5318, 1459.6158, 1645.6951, 1774.7377, 1887.8218, 2015.8804, 2143.9389, 2243.0073, 2342.0758, 2457.1027, 2528.1398, 2643.1667, 2730.1988], 'y': [2762.2614, 2661.2137, 2558.2045, 2443.1776, 2386.1561, 2272.1132, 2171.0655, 2023.9971, 1922.9494, 1759.8861, 1688.849, 1601.8169, 1530.7798, 1417.6958, 1231.6165, 1102.5739, 989.4898, 861.4312, 733.3726, 634.3042, 535.2358, 420.2089, 349.1718, 234.1448, 147.1128], 'Y': {'Y0': 2876.3043, 'Y1': 3079.3837, 'Y2': 3282.4631}}"
sp|P0C6U8|R1A_SARS,4150.0,G62765YT,HexNAc(2)Hex(8),QMSCAAGTTQTACTDDNALAYYNNSK,4128.0,4153.0,26.0,NNS,4443.718068,2741.1367349999996,1702.581333,-0.61923,3.68,,,,2222.86631,"{'b': [129.0659, 260.1063, 347.1384, 450.1476, 521.1847, 592.2218, 649.2432, 750.2909, 851.3386, 979.3972, 1080.4449, 1151.482, 1254.4912, 1355.5388, 1470.5658, 1585.5927, 1699.6357, 1770.6728, 1883.7568, 1954.7939, 2117.8573, 2280.9206, 2394.9635, 2509.0065, 2596.0385], 'y': [2614.0854, 2483.0449, 2396.0129, 2293.0037, 2221.9666, 2150.9295, 2093.908, 1992.8604, 1891.8127, 1763.7541, 1662.7064, 1591.6693, 1488.6601, 1387.6124, 1272.5855, 1157.5586, 1043.5156, 972.4785, 859.3945, 788.3574, 625.294, 462.2307, 348.1878, 234.1448, 147.1128], 'Y': {'Y0': 2742.144, 'Y1': 2945.2234, 'Y2': 3148.3028}}"
sp|P0C6U8|R1A_SARS,4233.0,G62765YT,HexNAc(2)Hex(8),LQAGNATEVPANSTVLSFCAFAVDPAK,4229.0,4255.0,27.0,NAT,4422.929248,2720.3479150000007,1702.581333,0.41111,3.97,,,,2212.4719,"{'b': [114.0913, 242.1499, 313.187, 370.2085, 484.2514, 555.2885, 656.3362, 785.3788, 884.4472, 981.5, 1052.5371, 1166.58, 1253.612, 1354.6597, 1453.7281, 1566.8122, 1653.8442, 1800.9126, 1903.9218, 1974.9589, 2122.0273, 2193.0644, 2292.1329, 2407.1598, 2504.2126, 2575.2497], 'y': [2608.2711, 2480.2126, 2409.1754, 2352.154, 2238.1111, 2167.0739, 2066.0263, 1936.9837, 1837.9153, 1740.8625, 1669.8254, 1555.7825, 1468.7504, 1367.7028, 1268.6343, 1155.5503, 1068.5183, 921.4498, 818.4407, 747.4035, 600.3351, 529.298, 430.2296, 315.2027, 218.1499, 147.1128], 'Y': {'Y0': 2721.3552, 'Y1': 2924.4346, 'Y2': 3127.514}}"
sp|P0C6U8|R1A_SARS,4240.0,G62765YT,HexNAc(2)Hex(8),LQAGNATEVPANSTVLSFCAFAVDPAK,4229.0,4255.0,27.0,NST,4422.929248,2720.3479150000007,1702.581333,0.41111,3.97,,,,2212.4719,"{'b': [114.0913, 242.1499, 313.187, 370.2085, 484.2514, 555.2885, 656.3362, 785.3788, 884.4472, 981.5, 1052.5371, 1166.58, 1253.612, 1354.6597, 1453.7281, 1566.8122, 1653.8442, 1800.9126, 1903.9218, 1974.9589, 2122.0273, 2193.0644, 2292.1329, 2407.1598, 2504.2126, 2575.2497], 'y': [2608.2711, 2480.2126, 2409.1754, 2352.154, 2238.1111, 2167.0739, 2066.0263, 1936.9837, 1837.9153, 1740.8625, 1669.8254, 1555.7825, 1468.7504, 1367.7028, 1268.6343, 1155.5503, 1068.5183, 921.4498, 818.4407, 747.4035, 600.3351, 529.298, 430.2296, 315.2027, 218.1499, 147.1128], 'Y': {'Y0': 2721.3552, 'Y1': 2924.4346, 'Y2': 3127.514}}"
sp|P0C6X7|R1AB_SARS,48.0,G62765YT,HexNAc(2)Hex(8),NGTCGLVELEK,48.0,58.0,11.0,NGT,2864.151288,1161.569955,1702.581333,-0.14545,4.26,,,,1433.08292,"{'b': [115.0502, 172.0717, 273.1193, 376.1285, 433.15, 546.2341, 645.3025, 774.3451, 887.4291, 1016.4717], 'y': [1048.5343, 991.5128, 890.4652, 787.456, 730.4345, 617.3505, 518.282, 389.2395, 276.1554, 147.1128], 'Y': {'Y0': 1162.5772, 'Y1': 1365.6566, 'Y2': 1568.736}}"
sp|P0C6X7|R1AB_SARS,189.0,G62765YT,HexNAc(2)Hex(8),YVDNNFCGPDGYPLDCIK,185.0,202.0,18.0,NFC,3734.451958,2031.870625,1702.581333,-0.42778,3.39,,,,1868.233255,"{'b': [164.0706, 263.139, 378.166, 492.2089, 606.2518, 753.3202, 856.3294, 913.3509, 1010.4036, 1125.4306, 1182.452, 1345.5154, 1442.5681, 1555.6522, 1670.6791, 1773.6883, 1886.7724], 'y': [1869.8146, 1770.7462, 1655.7192, 1541.6763, 1427.6334, 1280.565, 1177.5558, 1120.5343, 1023.4815, 908.4546, 851.4331, 688.3698, 591.3171, 478.233, 363.2061, 260.1969, 147.1128], 'Y': {'Y0': 2032.8779, 'Y1': 2235.9573, 'Y2': 2439.0367}}"
sp|P0C6X7|R1AB_SARS,324.0,G62765YT,HexNAc(2)Hex(8),CNHCDEVSWQTCDFLK,323.0,338.0,16.0,NHC,3629.351218,1926.769885,1702.581333,-0.54375,4.17,,,,1815.682885,"{'b': [104.0165, 218.0594, 355.1183, 458.1275, 573.1544, 702.197, 801.2654, 888.2975, 1074.3768, 1202.4354, 1303.483, 1406.4922, 1521.5192, 1668.5876, 1781.6716], 'y': [1824.768, 1710.725, 1573.6661, 1470.6569, 1355.63, 1226.5874, 1127.519, 1040.487, 854.4077, 726.3491, 625.3014, 522.2922, 407.2653, 260.1969, 147.1128], 'Y': {'Y0': 1927.7772, 'Y1': 2130.8566, 'Y2': 2333.936}}"
sp|P0C6X7|R1AB_SARS,389.0,G62765YT,HexNAc(2)Hex(8),MPCPACQDPEIGPEHSVADYHNHSNIETR,368.0,396.0,29.0,NHS,4948.973018000001,3246.391685000001,1702.581333,-0.9931,4.61,,,,2475.493785,"{'b': [132.0478, 229.1005, 332.1097, 429.1625, 500.1996, 603.2088, 731.2674, 846.2943, 943.3471, 1072.3896, 1185.4737, 1242.4952, 1339.5479, 1468.5905, 1605.6494, 1692.6815, 1791.7499, 1862.787, 1977.8139, 2140.8772, 2277.9362, 2391.9791, 2529.038, 2616.07, 2730.113, 2843.197, 2972.2396, 3073.2873], 'y': [3116.3585, 3019.3057, 2916.2965, 2819.2438, 2748.2067, 2645.1975, 2517.1389, 2402.1119, 2305.0592, 2176.0166, 2062.9325, 2005.9111, 1908.8583, 1779.8157, 1642.7568, 1555.7248, 1456.6564, 1385.6193, 1270.5923, 1107.529, 970.4701, 856.4272, 719.3682, 632.3362, 518.2933, 405.2092, 276.1666, 175.119], 'Y': {'Y0': 3247.399, 'Y1': 3450.4784, 'Y2': 3653.5578}}"
sp|P0C6X7|R1AB_SARS,556.0,G62765YT,HexNAc(2)Hex(8),TLDAANHSIPDLQR,551.0,564.0,14.0,NHS,3252.366178,1549.784845,1702.581333,-0.65,4.99,,,,1627.1903650000002,"{'b': [102.055, 215.139, 330.166, 401.2031, 472.2402, 586.2831, 723.342, 810.374, 923.4581, 1020.5109, 1135.5378, 1248.6219, 1376.6804], 'y': [1449.7444, 1336.6604, 1221.6334, 1150.5963, 1079.5592, 965.5163, 828.4574, 741.4254, 628.3413, 531.2885, 416.2616, 303.1775, 175.119], 'Y': {'Y0': 1550.7921, 'Y1': 1753.8715, 'Y2': 1956.9509}}"
sp|P0C6X7|R1AB_SARS,916.0,G62765YT,HexNAc(2)Hex(8),TLQPVSDLLTNMGIDLDEWSVATFYLFDDAGEENFSSR,883.0,920.0,38.0,NFS,5997.5705179999995,4294.989184999999,1702.581333,-0.18684,3.04,,,,2999.7925349999996,"{'b': [102.055, 215.139, 343.1976, 440.2504, 539.3188, 626.3508, 741.3777, 854.4618, 967.5459, 1068.5935, 1182.6365, 1313.677, 1370.6984, 1483.7825, 1598.8094, 1711.8935, 1826.9204, 1955.963, 2142.0423, 2229.0743, 2328.1428, 2399.1799, 2500.2275, 2647.296, 2810.3593, 2923.4433, 3070.5118, 3185.5387, 3300.5656, 3371.6027, 3428.6242, 3557.6668, 3686.7094, 3800.7523, 3947.8207, 4034.8528, 4121.8848], 'y': [4194.9488, 4081.8647, 3953.8061, 3856.7534, 3757.685, 3670.6529, 3555.626, 3442.5419, 3329.4579, 3228.4102, 3114.3673, 2983.3268, 2926.3053, 2813.2213, 2698.1943, 2585.1103, 2470.0833, 2341.0407, 2154.9614, 2067.9294, 1968.861, 1897.8239, 1796.7762, 1649.7078, 1486.6445, 1373.5604, 1226.492, 1111.465, 996.4381, 925.401, 868.3795, 739.3369, 610.2944, 496.2514, 349.183, 262.151, 175.119], 'Y': {'Y0': 4295.9965, 'Y1': 4499.0759, 'Y2': 4702.1553}}"
sp|P0C6X7|R1AB_SARS,1628.0,G62765YT,HexNAc(2)Hex(8),YMSALNHTK,1623.0,1631.0,9.0,NHT,2766.093398,1063.512065,1702.581333,-0.65556,9.71,,,,1384.053975,"{'b': [164.0706, 295.1111, 382.1431, 453.1802, 566.2643, 680.3072, 817.3661, 918.4138], 'y': [901.456, 770.4155, 683.3835, 612.3464, 499.2623, 385.2194, 248.1605, 147.1128], 'Y': {'Y0': 1064.5193, 'Y1': 1267.5987, 'Y2': 1470.6781}}"
sp|P0C6X7|R1AB_SARS,1649.0,G62765YT,HexNAc(2)Hex(8),WADNNCYLSSVLLALQQLEVK,1646.0,1666.0,21.0,NNC,4108.806638,2406.2253049999995,1702.581333,0.22857,3.97,,,,2055.410595,"{'b': [187.0866, 258.1237, 373.1506, 487.1936, 601.2365, 704.2457, 867.309, 980.3931, 1067.4251, 1154.4571, 1253.5255, 1366.6096, 1479.6937, 1550.7308, 1663.8148, 1791.8734, 1919.932, 2033.0161, 2162.0586, 2261.1271], 'y': [2221.1533, 2150.1162, 2035.0892, 1921.0463, 1807.0034, 1703.9942, 1540.9308, 1427.8468, 1340.8148, 1253.7827, 1154.7143, 1041.6303, 928.5462, 857.5091, 744.425, 616.3664, 488.3079, 375.2238, 246.1812, 147.1128], 'Y': {'Y0': 2407.2326, 'Y1': 2610.312, 'Y2': 2813.3914}}"
sp|P0C6X7|R1AB_SARS,1686.0,G62765YT,HexNAc(2)Hex(8),AGDAANFCALILAYSNK,1681.0,1697.0,17.0,NFC,3443.4318080000003,1740.850475,1702.581333,0.55882,5.91,,,,1722.7231800000002,"{'b': [72.0444, 129.0658, 244.0928, 315.1299, 386.167, 500.2099, 647.2783, 750.2875, 821.3246, 934.4087, 1047.4928, 1160.5768, 1231.6139, 1394.6773, 1481.7093, 1595.7522], 'y': [1670.8206, 1613.7992, 1498.7722, 1427.7351, 1356.698, 1242.6551, 1095.5867, 992.5775, 921.5404, 808.4563, 695.3723, 582.2882, 511.2511, 348.1878, 261.1557, 147.1128], 'Y': {'Y0': 1741.8578, 'Y1': 1944.9372, 'Y2': 2148.0166}}"
sp|P0C6X7|R1AB_SARS,1899.0,G62765YT,HexNAc(2)Hex(8),DNAYYTEQPIDLVPTQPLPNASFDNFK,1880.0,1906.0,27.0,NAS,4799.052938000001,3096.471605,1702.581333,-0.78148,3.33,,,,2400.533745,"{'b': [116.0342, 230.0771, 301.1143, 464.1776, 627.2409, 728.2886, 857.3312, 985.3898, 1082.4425, 1195.5266, 1310.5535, 1423.6376, 1522.706, 1619.7588, 1720.8064, 1848.865, 1945.9178, 2059.0018, 2156.0546, 2270.0975, 2341.1346, 2428.1667, 2575.2351, 2690.262, 2804.3049, 2951.3734], 'y': [2982.4519, 2868.409, 2797.3719, 2634.3086, 2471.2452, 2370.1976, 2241.155, 2113.0964, 2016.0436, 1902.9596, 1787.9326, 1674.8486, 1575.7802, 1478.7274, 1377.6797, 1249.6211, 1152.5684, 1039.4843, 942.4316, 828.3886, 757.3515, 670.3195, 523.2511, 408.2241, 294.1812, 147.1128], 'Y': {'Y0': 3097.4789, 'Y1': 3300.5583, 'Y2': 3503.6377}}"
sp|P0C6X7|R1AB_SARS,2079.0,G62765YT,HexNAc(2)Hex(8),VTQELGHEDLMAAYVENTSITIK,2063.0,2085.0,23.0,NTS,4263.849618000001,2561.268285000001,1702.581333,-0.09565,4.11,,,,2132.9320850000004,"{'b': [100.0757, 201.1234, 329.1819, 458.2245, 571.3086, 628.3301, 765.389, 894.4316, 1009.4585, 1122.5426, 1253.583, 1324.6202, 1395.6573, 1558.7206, 1657.789, 1786.8316, 1900.8745, 2001.9222, 2088.9542, 2202.0383, 2303.086, 2416.17], 'y': [2463.2072, 2362.1595, 2234.1009, 2105.0583, 1991.9742, 1934.9528, 1797.8939, 1668.8513, 1553.8243, 1440.7403, 1309.6998, 1238.6627, 1167.6256, 1004.5622, 905.4938, 776.4512, 662.4083, 561.3606, 474.3286, 361.2445, 260.1969, 147.1128], 'Y': {'Y0': 2562.2756, 'Y1': 2765.355, 'Y2': 2968.4344}}"
sp|P0C6X7|R1AB_SARS,2249.0,G62765YT,HexNAc(2)Hex(8),ELYLNSSNVTTMDFCEGSFPCSICLSGLDSLDSYPALETIQVTISSYK,2245.0,2292.0,48.0,NSS,6942.992658000001,5240.411325000001,1702.581333,0.17083,3.24,,,,3472.5036050000003,"{'b': [130.0499, 243.1339, 406.1973, 519.2813, 633.3242, 720.3563, 807.3883, 921.4312, 1020.4996, 1121.5473, 1222.595, 1353.6355, 1468.6624, 1615.7308, 1718.74, 1847.7826, 1904.8041, 1991.8361, 2138.9045, 2235.9573, 2338.9665, 2425.9985, 2539.0826, 2642.0918, 2755.1758, 2842.2078, 2899.2293, 3012.3134, 3127.3403, 3214.3723, 3327.4564, 3442.4833, 3529.5154, 3692.5787, 3789.6315, 3860.6686, 3973.7526, 4102.7952, 4203.8429, 4316.927, 4444.9855, 4544.0539, 4645.1016, 4758.1857, 4845.2177, 4932.2497, 5095.3131], 'y': [5112.376, 4999.292, 4836.2286, 4723.1446, 4609.1016, 4522.0696, 4435.0376, 4320.9946, 4221.9262, 4120.8786, 4019.8309, 3888.7904, 3773.7634, 3626.695, 3523.6858, 3394.6433, 3337.6218, 3250.5898, 3103.5214, 3006.4686, 2903.4594, 2816.4274, 2703.3433, 2600.3341, 2487.2501, 2400.218, 2343.1966, 2230.1125, 2115.0856, 2028.0535, 1914.9695, 1799.9425, 1712.9105, 1549.8472, 1452.7944, 1381.7573, 1268.6733, 1139.6307, 1038.583, 925.4989, 797.4403, 698.3719, 597.3243, 484.2402, 397.2082, 310.1761, 147.1128], 'Y': {'Y0': 5241.4186, 'Y1': 5444.498, 'Y2': 5647.5774}}"
sp|P0C6X7|R1AB_SARS,2252.0,G62765YT,HexNAc(2)Hex(8),ELYLNSSNVTTMDFCEGSFPCSICLSGLDSLDSYPALETIQVTISSYK,2245.0,2292.0,48.0,NVT,6942.992658000001,5240.411325000001,1702.581333,0.17083,3.24,,,,3472.5036050000003,"{'b': [130.0499, 243.1339, 406.1973, 519.2813, 633.3242, 720.3563, 807.3883, 921.4312, 1020.4996, 1121.5473, 1222.595, 1353.6355, 1468.6624, 1615.7308, 1718.74, 1847.7826, 1904.8041, 1991.8361, 2138.9045, 2235.9573, 2338.9665, 2425.9985, 2539.0826, 2642.0918, 2755.1758, 2842.2078, 2899.2293, 3012.3134, 3127.3403, 3214.3723, 3327.4564, 3442.4833, 3529.5154, 3692.5787, 3789.6315, 3860.6686, 3973.7526, 4102.7952, 4203.8429, 4316.927, 4444.9855, 4544.0539, 4645.1016, 4758.1857, 4845.2177, 4932.2497, 5095.3131], 'y': [5112.376, 4999.292, 4836.2286, 4723.1446, 4609.1016, 4522.0696, 4435.0376, 4320.9946, 4221.9262, 4120.8786, 4019.8309, 3888.7904, 3773.7634, 3626.695, 3523.6858, 3394.6433, 3337.6218, 3250.5898, 3103.5214, 3006.4686, 2903.4594, 2816.4274, 2703.3433, 2600.3341, 2487.2501, 2400.218, 2343.1966, 2230.1125, 2115.0856, 2028.0535, 1914.9695, 1799.9425, 1712.9105, 1549.8472, 1452.7944, 1381.7573, 1268.6733, 1139.6307, 1038.583, 925.4989, 797.4403, 698.3719, 597.3243, 484.2402, 397.2082, 310.1761, 147.1128], 'Y': {'Y0': 5241.4186, 'Y1': 5444.498, 'Y2': 5647.5774}}"
sp|P0C6X7|R1AB_SARS,2507.0,G62765YT,HexNAc(2)Hex(8),ANNTK,2506.0,2510.0,5.0,NNT,2248.857508,546.2761750000001,1702.581333,-1.96,10.07,,,,1125.43603,"{'b': [72.0444, 186.0873, 300.1302, 401.1779], 'y': [476.2463, 362.2034, 248.1605, 147.1128], 'Y': {'Y0': 547.2835, 'Y1': 750.3629, 'Y2': 953.4423}}"
sp|P0C6X7|R1AB_SARS,2659.0,G62765YT,HexNAc(2)Hex(8),VENMTPR,2657.0,2663.0,7.0,NMT,2547.987868,845.4065350000001,1702.581333,-1.1,6.93,,,,1275.0012100000001,"{'b': [100.0757, 229.1183, 343.1612, 474.2017, 575.2494, 672.3021], 'y': [747.3454, 618.3028, 504.2599, 373.2194, 272.1717, 175.119], 'Y': {'Y0': 846.4138, 'Y1': 1049.4932, 'Y2': 1252.5726}}"
sp|P0C6X7|R1AB_SARS,2685.0,G62765YT,HexNAc(2)Hex(8),SHNVSLIWNVK,2683.0,2693.0,11.0,NVS,2998.279938,1295.698605,1702.581333,0.00909,10.07,,,,1500.147245,"{'b': [88.0393, 225.0982, 339.1411, 438.2096, 525.2416, 638.3256, 751.4097, 937.489, 1051.5319, 1150.6004], 'y': [1209.6739, 1072.6149, 958.572, 859.5036, 772.4716, 659.3875, 546.3035, 360.2241, 246.1812, 147.1128], 'Y': {'Y0': 1296.7059, 'Y1': 1499.7853, 'Y2': 1702.8647}}"
sp|P0C6X7|R1AB_SARS,2871.0,G62765YT,HexNAc(2)Hex(8),VFSAVGNICYTPSK,2865.0,2878.0,14.0,NIC,3187.314668,1484.733335,1702.581333,0.5,8.78,,,,1594.66461,"{'b': [100.0757, 247.1441, 334.1761, 405.2132, 504.2816, 561.3031, 675.346, 788.4301, 891.4393, 1054.5026, 1155.5503, 1252.6031, 1339.6351], 'y': [1386.6722, 1239.6038, 1152.5718, 1081.5347, 982.4662, 925.4448, 811.4019, 698.3178, 595.3086, 432.2453, 331.1976, 234.1448, 147.1128], 'Y': {'Y0': 1485.7406, 'Y1': 1688.82, 'Y2': 1891.8994}}"
sp|P0C6X7|R1AB_SARS,3303.0,G62765YT,HexNAc(2)Hex(8),SNHSFLVQAGNVQLR,3302.0,3316.0,15.0,NHS,3371.450918,1668.869585,1702.581333,-0.20667,11.04,,,,1686.732735,"{'b': [88.0393, 202.0822, 339.1411, 426.1732, 573.2416, 686.3256, 785.3941, 913.4526, 984.4897, 1041.5112, 1155.5541, 1254.6225, 1382.6811, 1495.7652], 'y': [1582.8448, 1468.8019, 1331.743, 1244.711, 1097.6426, 984.5585, 885.4901, 757.4315, 686.3944, 629.3729, 515.33, 416.2616, 288.203, 175.119], 'Y': {'Y0': 1669.8769, 'Y1': 1872.9563, 'Y2': 2076.0357}}"
sp|P0C6X7|R1AB_SARS,3359.0,G62765YT,HexNAc(2)Hex(8),IQPGQTFSVLACYNGSPSGVYQCAMRPNHTIK,3346.0,3377.0,32.0,NGS,5169.239748000001,3466.658415000001,1702.581333,-0.21875,8.9,,,,2585.6271500000003,"{'b': [114.0913, 242.1499, 339.2027, 396.2241, 524.2827, 625.3304, 772.3988, 859.4308, 958.4992, 1071.5833, 1142.6204, 1245.6296, 1408.6929, 1522.7359, 1579.7573, 1666.7894, 1763.8421, 1850.8741, 1907.8956, 2006.964, 2170.0273, 2298.0859, 2401.0951, 2472.1322, 2603.1727, 2759.2738, 2856.3266, 2970.3695, 3107.4284, 3208.4761, 3321.5602], 'y': [3354.5816, 3226.5231, 3129.4703, 3072.4488, 2944.3903, 2843.3426, 2696.2742, 2609.2421, 2510.1737, 2397.0897, 2326.0526, 2223.0434, 2059.98, 1945.9371, 1888.9156, 1801.8836, 1704.8309, 1617.7988, 1560.7774, 1461.709, 1298.6456, 1170.587, 1067.5779, 996.5407, 865.5003, 709.3991, 612.3464, 498.3035, 361.2445, 260.1969, 147.1128], 'Y': {'Y0': 3467.6657, 'Y1': 3670.7451, 'Y2': 3873.8245}}"
sp|P0C6X7|R1AB_SARS,3373.0,G62765YT,HexNAc(2)Hex(8),IQPGQTFSVLACYNGSPSGVYQCAMRPNHTIK,3346.0,3377.0,32.0,NHT,5169.239748000001,3466.658415000001,1702.581333,-0.21875,8.9,,,,2585.6271500000003,"{'b': [114.0913, 242.1499, 339.2027, 396.2241, 524.2827, 625.3304, 772.3988, 859.4308, 958.4992, 1071.5833, 1142.6204, 1245.6296, 1408.6929, 1522.7359, 1579.7573, 1666.7894, 1763.8421, 1850.8741, 1907.8956, 2006.964, 2170.0273, 2298.0859, 2401.0951, 2472.1322, 2603.1727, 2759.2738, 2856.3266, 2970.3695, 3107.4284, 3208.4761, 3321.5602], 'y': [3354.5816, 3226.5231, 3129.4703, 3072.4488, 2944.3903, 2843.3426, 2696.2742, 2609.2421, 2510.1737, 2397.0897, 2326.0526, 2223.0434, 2059.98, 1945.9371, 1888.9156, 1801.8836, 1704.8309, 1617.7988, 1560.7774, 1461.709, 1298.6456, 1170.587, 1067.5779, 996.5407, 865.5003, 709.3991, 612.3464, 498.3035, 361.2445, 260.1969, 147.1128], 'Y': {'Y0': 3467.6657, 'Y1': 3670.7451, 'Y2': 3873.8245}}"
sp|P0C6X7|R1AB_SARS,3382.0,G62765YT,HexNAc(2)Hex(8),GSFLNGSCGSVGFNIDYDCVSFCYMHHMELPTGVHAGTDLEGK,3378.0,3420.0,43.0,NGS,6296.560928000001,4593.979595000001,1702.581333,0.0093,4.5,,,,3149.28774,"{'b': [58.0287, 145.0608, 292.1292, 405.2132, 519.2562, 576.2776, 663.3097, 766.3188, 823.3403, 910.3723, 1009.4407, 1066.4622, 1213.5306, 1327.5735, 1440.6576, 1555.6845, 1718.7479, 1833.7748, 1936.784, 2035.8524, 2122.8844, 2269.9529, 2372.962, 2536.0254, 2667.0659, 2804.1248, 2941.1837, 3072.2242, 3201.2668, 3314.3508, 3411.4036, 3512.4513, 3569.4727, 3668.5411, 3805.6, 3876.6372, 3933.6586, 4034.7063, 4149.7332, 4262.8173, 4391.8599, 4448.8813], 'y': [4537.9654, 4450.9334, 4303.865, 4190.7809, 4076.738, 4019.7165, 3932.6845, 3829.6753, 3772.6538, 3685.6218, 3586.5534, 3529.5319, 3382.4635, 3268.4206, 3155.3365, 3040.3096, 2877.2463, 2762.2193, 2659.2101, 2560.1417, 2473.1097, 2326.0413, 2223.0321, 2059.9688, 1928.9283, 1791.8694, 1654.8105, 1523.77, 1394.7274, 1281.6433, 1184.5906, 1083.5429, 1026.5214, 927.453, 790.3941, 719.357, 662.3355, 561.2879, 446.2609, 333.1769, 204.1343, 147.1128], 'Y': {'Y0': 4594.9869, 'Y1': 4798.0663, 'Y2': 5001.1457}}"
sp|P0C6X7|R1AB_SARS,3720.0,G62765YT,HexNAc(2)Hex(8),VYYGNALDQAISMWALVISVTSNYSGVVTTIMFLAR,3698.0,3733.0,36.0,NYS,5655.592008,3953.010675,1702.581333,0.84167,6.48,,,,2828.8032799999996,"{'b': [100.0757, 263.139, 426.2023, 483.2238, 597.2667, 668.3038, 781.3879, 896.4148, 1024.4734, 1095.5105, 1208.5946, 1295.6266, 1426.6671, 1612.7464, 1683.7835, 1796.8676, 1895.936, 2009.0201, 2096.0521, 2195.1205, 2296.1682, 2383.2002, 2497.2431, 2660.3065, 2747.3385, 2804.36, 2903.4284, 3002.4968, 3103.5445, 3204.5921, 3317.6762, 3448.7167, 3595.7851, 3708.8692, 3779.9063], 'y': [3854.9495, 3691.8862, 3528.8229, 3471.8014, 3357.7585, 3286.7214, 3173.6373, 3058.6104, 2930.5518, 2859.5147, 2746.4306, 2659.3986, 2528.3581, 2342.2788, 2271.2417, 2158.1576, 2059.0892, 1946.0052, 1858.9731, 1759.9047, 1658.857, 1571.825, 1457.7821, 1294.7188, 1207.6867, 1150.6653, 1051.5969, 952.5284, 851.4808, 750.4331, 637.349, 506.3085, 359.2401, 246.1561, 175.119], 'Y': {'Y0': 3954.018, 'Y1': 4157.0974, 'Y2': 4360.1768}}"
sp|P0C6X7|R1AB_SARS,4059.0,G62765YT,HexNAc(2)Hex(8),NTCDGNTFTYASALWEIQQVVDADSK,4059.0,4084.0,26.0,NTC,4577.878358,2875.297025,1702.581333,-0.41538,3.33,,,,2289.946455,"{'b': [115.0502, 216.0979, 319.1071, 434.134, 491.1555, 605.1984, 706.2461, 853.3145, 954.3622, 1117.4255, 1188.4626, 1275.4946, 1346.5318, 1459.6158, 1645.6951, 1774.7377, 1887.8218, 2015.8804, 2143.9389, 2243.0073, 2342.0758, 2457.1027, 2528.1398, 2643.1667, 2730.1988], 'y': [2762.2614, 2661.2137, 2558.2045, 2443.1776, 2386.1561, 2272.1132, 2171.0655, 2023.9971, 1922.9494, 1759.8861, 1688.849, 1601.8169, 1530.7798, 1417.6958, 1231.6165, 1102.5739, 989.4898, 861.4312, 733.3726, 634.3042, 535.2358, 420.2089, 349.1718, 234.1448, 147.1128], 'Y': {'Y0': 2876.3043, 'Y1': 3079.3837, 'Y2': 3282.4631}}"
sp|P0C6X7|R1AB_SARS,4150.0,G62765YT,HexNAc(2)Hex(8),QMSCAAGTTQTACTDDNALAYYNNSK,4128.0,4153.0,26.0,NNS,4443.718068,2741.1367349999996,1702.581333,-0.61923,3.68,,,,2222.86631,"{'b': [129.0659, 260.1063, 347.1384, 450.1476, 521.1847, 592.2218, 649.2432, 750.2909, 851.3386, 979.3972, 1080.4449, 1151.482, 1254.4912, 1355.5388, 1470.5658, 1585.5927, 1699.6357, 1770.6728, 1883.7568, 1954.7939, 2117.8573, 2280.9206, 2394.9635, 2509.0065, 2596.0385], 'y': [2614.0854, 2483.0449, 2396.0129, 2293.0037, 2221.9666, 2150.9295, 2093.908, 1992.8604, 1891.8127, 1763.7541, 1662.7064, 1591.6693, 1488.6601, 1387.6124, 1272.5855, 1157.5586, 1043.5156, 972.4785, 859.3945, 788.3574, 625.294, 462.2307, 348.1878, 234.1448, 147.1128], 'Y': {'Y0': 2742.144, 'Y1': 2945.2234, 'Y2': 3148.3028}}"
sp|P0C6X7|R1AB_SARS,4233.0,G62765YT,HexNAc(2)Hex(8),LQAGNATEVPANSTVLSFCAFAVDPAK,4229.0,4255.0,27.0,NAT,4422.929248,2720.3479150000007,1702.581333,0.41111,3.97,,,,2212.4719,"{'b': [114.0913, 242.1499, 313.187, 370.2085, 484.2514, 555.2885, 656.3362, 785.3788, 884.4472, 981.5, 1052.5371, 1166.58, 1253.612, 1354.6597, 1453.7281, 1566.8122, 1653.8442, 1800.9126, 1903.9218, 1974.9589, 2122.0273, 2193.0644, 2292.1329, 2407.1598, 2504.2126, 2575.2497], 'y': [2608.2711, 2480.2126, 2409.1754, 2352.154, 2238.1111, 2167.0739, 2066.0263, 1936.9837, 1837.9153, 1740.8625, 1669.8254, 1555.7825, 1468.7504, 1367.7028, 1268.6343, 1155.5503, 1068.5183, 921.4498, 818.4407, 747.4035, 600.3351, 529.298, 430.2296, 315.2027, 218.1499, 147.1128], 'Y': {'Y0': 2721.3552, 'Y1': 2924.4346, 'Y2': 3127.514}}"
sp|P0C6X7|R1AB_SARS,4240.0,G62765YT,HexNAc(2)Hex(8),LQAGNATEVPANSTVLSFCAFAVDPAK,4229.0,4255.0,27.0,NST,4422.929248,2720.3479150000007,1702.581333,0.41111,3.97,,,,2212.4719,"{'b': [114.0913, 242.1499, 313.187, 370.2085, 484.2514, 555.2885, 656.3362, 785.3788, 884.4472, 981.5, 1052.5371, 1166.58, 1253.612, 1354.6597, 1453.7281, 1566.8122, 1653.8442, 1800.9126, 1903.9218, 1974.9589, 2122.0273, 2193.0644, 2292.1329, 2407.1598, 2504.2126, 2575.2497], 'y': [2608.2711, 2480.2126, 2409.1754, 2352.154, 2238.1111, 2167.0739, 2066.0263, 1936.9837, 1837.9153, 1740.8625, 1669.8254, 1555.7825, 1468.7504, 1367.7028, 1268.6343, 1155.5503, 1068.5183, 921.4498, 818.4407, 747.4035, 600.3351, 529.298, 430.2296, 315.2027, 218.1499, 147.1128], 'Y': {'Y0': 2721.3552, 'Y1': 2924.4346, 'Y2': 3127.514}}"
sp|P0C6X7|R1AB_SARS,4421.0,G62765YT,HexNAc(2)Hex(8),TNCCR,4420.0,4424.0,5.0,NCC,2297.801998,595.220665,1702.581333,-0.74,8.15,,,,1149.908275,"{'b': [102.055, 216.0979, 319.1071, 422.1163], 'y': [495.1803, 381.1373, 278.1281, 175.119], 'Y': {'Y0': 596.2279, 'Y1': 799.3073, 'Y2': 1002.3867}}"
sp|P0C6X7|R1AB_SARS,4519.0,G62765YT,HexNAc(2)Hex(8),EILVTYNCCDDDYFNK,4513.0,4528.0,16.0,NCC,3656.3937880000003,1953.812455,1702.581333,-0.49375,3.33,,,,1829.2041700000002,"{'b': [130.0499, 243.1339, 356.218, 455.2864, 556.3341, 719.3974, 833.4403, 936.4495, 1039.4587, 1154.4857, 1269.5126, 1384.5395, 1547.6029, 1694.6713, 1808.7142], 'y': [1825.7771, 1712.6931, 1599.609, 1500.5406, 1399.4929, 1236.4296, 1122.3867, 1019.3775, 916.3683, 801.3414, 686.3144, 571.2875, 408.2241, 261.1557, 147.1128], 'Y': {'Y0': 1954.8197, 'Y1': 2157.8991, 'Y2': 2360.9785}}"
sp|P0C6X7|R1AB_SARS,5012.0,G62765YT,HexNAc(2)Hex(8),HNTCCNLSHR,5011.0,5020.0,10.0,NTC,2886.0788380000004,1183.497505,1702.581333,-1.06,8.16,,,,1444.0466950000002,"{'b': [138.0662, 252.1091, 353.1568, 456.166, 559.1752, 673.2181, 786.3022, 873.3342, 1010.3931], 'y': [1047.4459, 933.4029, 832.3553, 729.3461, 626.3369, 512.294, 399.2099, 312.1779, 175.119], 'Y': {'Y0': 1184.5048, 'Y1': 1387.5842, 'Y2': 1590.6636}}"
sp|P0C6X7|R1AB_SARS,5016.0,G62765YT,HexNAc(2)Hex(8),HNTCCNLSHR,5011.0,5020.0,10.0,NLS,2886.0788380000004,1183.497505,1702.581333,-1.06,8.16,,,,1444.0466950000002,"{'b': [138.0662, 252.1091, 353.1568, 456.166, 559.1752, 673.2181, 786.3022, 873.3342, 1010.3931], 'y': [1047.4459, 933.4029, 832.3553, 729.3461, 626.3369, 512.294, 399.2099, 312.1779, 175.119], 'Y': {'Y0': 1184.5048, 'Y1': 1387.5842, 'Y2': 1590.6636}}"
sp|P0C6X7|R1AB_SARS,5026.0,G62765YT,HexNAc(2)Hex(8),LANECAQVLSEMVMCGGSLYVKPGGTSSGDATTAYANSVFNICQAVTANVNALLSTDGNK,5024.0,5083.0,60.0,NEC,7757.423037999999,6054.841704999999,1702.581333,0.20833,3.96,,,,3879.7187949999993,"{'b': [114.0913, 185.1284, 299.1714, 428.214, 531.2232, 602.2603, 730.3188, 829.3873, 942.4713, 1029.5033, 1158.5459, 1289.5864, 1388.6548, 1519.6953, 1622.7045, 1679.726, 1736.7474, 1823.7795, 1936.8635, 2099.9269, 2198.9953, 2327.0902, 2424.143, 2481.1644, 2538.1859, 2639.2336, 2726.2656, 2813.2976, 2870.3191, 2985.346, 3056.3832, 3157.4308, 3258.4785, 3329.5156, 3492.579, 3563.6161, 3677.659, 3764.691, 3863.7594, 4010.8278, 4124.8708, 4237.9548, 4340.964, 4469.0226, 4540.0597, 4639.1281, 4740.1758, 4811.2129, 4925.2558, 5024.3243, 5138.3672, 5209.4043, 5322.4884, 5435.5724, 5522.6044, 5623.6521, 5738.6791, 5795.7005, 5909.7435], 'y': [5942.7649, 5871.7278, 5757.6849, 5628.6423, 5525.6331, 5454.596, 5326.5374, 5227.469, 5114.3849, 5027.3529, 4898.3103, 4767.2698, 4668.2014, 4537.1609, 4434.1517, 4377.1303, 4320.1088, 4233.0768, 4119.9927, 3956.9294, 3857.861, 3729.766, 3632.7133, 3575.6918, 3518.6704, 3417.6227, 3330.5906, 3243.5586, 3186.5372, 3071.5102, 3000.4731, 2899.4254, 2798.3777, 2727.3406, 2564.2773, 2493.2402, 2379.1973, 2292.1652, 2193.0968, 2046.0284, 1931.9855, 1818.9014, 1715.8922, 1587.8337, 1516.7965, 1417.7281, 1316.6805, 1245.6433, 1131.6004, 1032.532, 918.4891, 847.452, 734.3679, 621.2838, 534.2518, 433.2041, 318.1772, 261.1557, 147.1128], 'Y': {'Y0': 6055.849, 'Y1': 6258.9284, 'Y2': 6462.0078}}"
sp|P0C6X7|R1AB_SARS,5064.0,G62765YT,HexNAc(2)Hex(8),LANECAQVLSEMVMCGGSLYVKPGGTSSGDATTAYANSVFNICQAVTANVNALLSTDGNK,5024.0,5083.0,60.0,NIC,7757.423037999999,6054.841704999999,1702.581333,0.20833,3.96,,,,3879.7187949999993,"{'b': [114.0913, 185.1284, 299.1714, 428.214, 531.2232, 602.2603, 730.3188, 829.3873, 942.4713, 1029.5033, 1158.5459, 1289.5864, 1388.6548, 1519.6953, 1622.7045, 1679.726, 1736.7474, 1823.7795, 1936.8635, 2099.9269, 2198.9953, 2327.0902, 2424.143, 2481.1644, 2538.1859, 2639.2336, 2726.2656, 2813.2976, 2870.3191, 2985.346, 3056.3832, 3157.4308, 3258.4785, 3329.5156, 3492.579, 3563.6161, 3677.659, 3764.691, 3863.7594, 4010.8278, 4124.8708, 4237.9548, 4340.964, 4469.0226, 4540.0597, 4639.1281, 4740.1758, 4811.2129, 4925.2558, 5024.3243, 5138.3672, 5209.4043, 5322.4884, 5435.5724, 5522.6044, 5623.6521, 5738.6791, 5795.7005, 5909.7435], 'y': [5942.7649, 5871.7278, 5757.6849, 5628.6423, 5525.6331, 5454.596, 5326.5374, 5227.469, 5114.3849, 5027.3529, 4898.3103, 4767.2698, 4668.2014, 4537.1609, 4434.1517, 4377.1303, 4320.1088, 4233.0768, 4119.9927, 3956.9294, 3857.861, 3729.766, 3632.7133, 3575.6918, 3518.6704, 3417.6227, 3330.5906, 3243.5586, 3186.5372, 3071.5102, 3000.4731, 2899.4254, 2798.3777, 2727.3406, 2564.2773, 2493.2402, 2379.1973, 2292.1652, 2193.0968, 2046.0284, 1931.9855, 1818.9014, 1715.8922, 1587.8337, 1516.7965, 1417.7281, 1316.6805, 1245.6433, 1131.6004, 1032.532, 918.4891, 847.452, 734.3679, 621.2838, 534.2518, 433.2041, 318.1772, 261.1557, 147.1128], 'Y': {'Y0': 6055.849, 'Y1': 6258.9284, 'Y2': 6462.0078}}"
sp|P0C6X7|R1AB_SARS,5280.0,G62765YT,HexNAc(2)Hex(8),LHDELTGHMLDMYSVMLTNDNTSR,5260.0,5283.0,24.0,NTS,4494.838108000001,2792.2567750000007,1702.581333,-0.50833,4.3,,,,2248.4263300000002,"{'b': [114.0913, 251.1502, 366.1772, 495.2198, 608.3038, 709.3515, 766.373, 903.4319, 1034.4724, 1147.5564, 1262.5834, 1393.6239, 1556.6872, 1643.7192, 1742.7876, 1873.8281, 1986.9122, 2087.9599, 2202.0028, 2317.0297, 2431.0727, 2532.1203, 2619.1524], 'y': [2680.18, 2543.1211, 2428.0941, 2299.0516, 2185.9675, 2084.9198, 2027.8984, 1890.8394, 1759.799, 1646.7149, 1531.688, 1400.6475, 1237.5841, 1150.5521, 1051.4837, 920.4432, 807.3591, 706.3115, 592.2685, 477.2416, 363.1987, 262.151, 175.119], 'Y': {'Y0': 2793.2641, 'Y1': 2996.3435, 'Y2': 3199.4229}}"
sp|P0C6X7|R1AB_SARS,5396.0,G62765YT,HexNAc(2)Hex(8),NTCVGSDNVTDFNAIATCDWTNAGDYILANTCTER,5396.0,5430.0,35.0,NTC,5470.195098000002,3767.6137650000014,1702.581333,-0.25143,3.19,,,,2736.104825000001,"{'b': [115.0502, 216.0979, 319.1071, 418.1755, 475.1969, 562.229, 677.2559, 791.2988, 890.3673, 991.4149, 1106.4419, 1253.5103, 1367.5532, 1438.5903, 1551.6744, 1622.7115, 1723.7592, 1826.7684, 1941.7953, 2127.8746, 2228.9223, 2342.9652, 2414.0023, 2471.0238, 2586.0507, 2749.1141, 2862.1981, 2975.2822, 3046.3193, 3160.3622, 3261.4099, 3364.4191, 3465.4668, 3594.5094], 'y': [3654.5781, 3553.5304, 3450.5212, 3351.4528, 3294.4314, 3207.3993, 3092.3724, 2978.3295, 2879.2611, 2778.2134, 2663.1864, 2516.118, 2402.0751, 2331.038, 2217.9539, 2146.9168, 2045.8691, 1942.86, 1827.833, 1641.7537, 1540.706, 1426.6631, 1355.626, 1298.6045, 1183.5776, 1020.5143, 907.4302, 794.3461, 723.309, 609.2661, 508.2184, 405.2092, 304.1615, 175.119], 'Y': {'Y0': 3768.621, 'Y1': 3971.7004, 'Y2': 4174.7798}}"
sp|P0C6X7|R1AB_SARS,5403.0,G62765YT,HexNAc(2)Hex(8),NTCVGSDNVTDFNAIATCDWTNAGDYILANTCTER,5396.0,5430.0,35.0,NVT,5470.195098000002,3767.6137650000014,1702.581333,-0.25143,3.19,,,,2736.104825000001,"{'b': [115.0502, 216.0979, 319.1071, 418.1755, 475.1969, 562.229, 677.2559, 791.2988, 890.3673, 991.4149, 1106.4419, 1253.5103, 1367.5532, 1438.5903, 1551.6744, 1622.7115, 1723.7592, 1826.7684, 1941.7953, 2127.8746, 2228.9223, 2342.9652, 2414.0023, 2471.0238, 2586.0507, 2749.1141, 2862.1981, 2975.2822, 3046.3193, 3160.3622, 3261.4099, 3364.4191, 3465.4668, 3594.5094], 'y': [3654.5781, 3553.5304, 3450.5212, 3351.4528, 3294.4314, 3207.3993, 3092.3724, 2978.3295, 2879.2611, 2778.2134, 2663.1864, 2516.118, 2402.0751, 2331.038, 2217.9539, 2146.9168, 2045.8691, 1942.86, 1827.833, 1641.7537, 1540.706, 1426.6631, 1355.626, 1298.6045, 1183.5776, 1020.5143, 907.4302, 794.3461, 723.309, 609.2661, 508.2184, 405.2092, 304.1615, 175.119], 'Y': {'Y0': 3768.621, 'Y1': 3971.7004, 'Y2': 4174.7798}}"
sp|P0C6X7|R1AB_SARS,5425.0,G62765YT,HexNAc(2)Hex(8),NTCVGSDNVTDFNAIATCDWTNAGDYILANTCTER,5396.0,5430.0,35.0,NTC,5470.195098000002,3767.6137650000014,1702.581333,-0.25143,3.19,,,,2736.104825000001,"{'b': [115.0502, 216.0979, 319.1071, 418.1755, 475.1969, 562.229, 677.2559, 791.2988, 890.3673, 991.4149, 1106.4419, 1253.5103, 1367.5532, 1438.5903, 1551.6744, 1622.7115, 1723.7592, 1826.7684, 1941.7953, 2127.8746, 2228.9223, 2342.9652, 2414.0023, 2471.0238, 2586.0507, 2749.1141, 2862.1981, 2975.2822, 3046.3193, 3160.3622, 3261.4099, 3364.4191, 3465.4668, 3594.5094], 'y': [3654.5781, 3553.5304, 3450.5212, 3351.4528, 3294.4314, 3207.3993, 3092.3724, 2978.3295, 2879.2611, 2778.2134, 2663.1864, 2516.118, 2402.0751, 2331.038, 2217.9539, 2146.9168, 2045.8691, 1942.86, 1827.833, 1641.7537, 1540.706, 1426.6631, 1355.626, 1298.6045, 1183.5776, 1020.5143, 907.4302, 794.3461, 723.309, 609.2661, 508.2184, 405.2092, 304.1615, 175.119], 'Y': {'Y0': 3768.621, 'Y1': 3971.7004, 'Y2': 4174.7798}}"
sp|P0C6X7|R1AB_SARS,5558.0,G62765YT,HexNAc(2)Hex(8),ITGLYPTLNISDEFSSNVANYQK,5550.0,5572.0,23.0,NIS,4275.8462580000005,2573.2649250000004,1702.581333,-0.34348,3.97,,,,2138.930405,"{'b': [114.0913, 215.139, 272.1605, 385.2445, 548.3079, 645.3606, 746.4083, 859.4924, 973.5353, 1086.6194, 1173.6514, 1288.6783, 1417.7209, 1564.7893, 1651.8214, 1738.8534, 1852.8963, 1951.9647, 2023.0018, 2137.0448, 2300.1081, 2428.1667], 'y': [2461.1881, 2360.1405, 2303.119, 2190.0349, 2026.9716, 1929.9189, 1828.8712, 1715.7871, 1601.7442, 1488.6601, 1401.6281, 1286.6012, 1157.5586, 1010.4902, 923.4581, 836.4261, 722.3832, 623.3148, 552.2776, 438.2347, 275.1714, 147.1128], 'Y': {'Y0': 2574.2722, 'Y1': 2777.3516, 'Y2': 2980.431}}"
sp|P0C6X7|R1AB_SARS,5650.0,G62765YT,HexNAc(2)Hex(8),VNSTLEQYVFCTVNALPETTADIVVFDEISMATNYDLSVVNAR,5649.0,5691.0,43.0,NST,6453.8799180000005,4751.2985850000005,1702.581333,0.32326,3.24,,,,3227.947235,"{'b': [100.0757, 214.1186, 301.1506, 402.1983, 515.2824, 644.325, 772.3836, 935.4469, 1034.5153, 1181.5837, 1284.5929, 1385.6406, 1484.709, 1598.7519, 1669.789, 1782.8731, 1879.9258, 2008.9684, 2110.0161, 2211.0638, 2282.1009, 2397.1278, 2510.2119, 2609.2803, 2708.3487, 2855.4171, 2970.4441, 3099.4867, 3212.5707, 3299.6028, 3430.6432, 3501.6804, 3602.728, 3716.771, 3879.8343, 3994.8612, 4107.9453, 4194.9773, 4294.0457, 4393.1141, 4507.1571, 4578.1942], 'y': [4653.2375, 4539.1945, 4452.1625, 4351.1148, 4238.0308, 4108.9882, 3980.9296, 3817.8663, 3718.7978, 3571.7294, 3468.7202, 3367.6726, 3268.6042, 3154.5612, 3083.5241, 2970.4401, 2873.3873, 2744.3447, 2643.297, 2542.2493, 2471.2122, 2356.1853, 2243.1012, 2144.0328, 2044.9644, 1897.896, 1782.8691, 1653.8265, 1540.7424, 1453.7104, 1322.6699, 1251.6328, 1150.5851, 1036.5422, 873.4788, 758.4519, 645.3678, 558.3358, 459.2674, 360.199, 246.1561, 175.119], 'Y': {'Y0': 4752.3059, 'Y1': 4955.3853, 'Y2': 5158.4647}}"
sp|P0C6X7|R1AB_SARS,5905.0,G62765YT,HexNAc(2)Hex(8),NVATLQAENVTGLFK,5897.0,5911.0,15.0,NVT,3306.4382779999996,1603.8569449999998,1702.581333,0.18,6.9,,,,1654.2264149999999,"{'b': [115.0502, 214.1186, 285.1557, 386.2034, 499.2875, 627.346, 698.3832, 827.4257, 941.4687, 1040.5371, 1141.5848, 1198.6062, 1311.6903, 1458.7587], 'y': [1490.8213, 1391.7529, 1320.7158, 1219.6681, 1106.584, 978.5255, 907.4883, 778.4458, 664.4028, 565.3344, 464.2867, 407.2653, 294.1812, 147.1128], 'Y': {'Y0': 1604.8642, 'Y1': 1807.9436, 'Y2': 2011.023}}"
sp|P0C6X7|R1AB_SARS,6031.0,G62765YT,HexNAc(2)Hex(8),DAVGTNLPLQLGFSTGVNLVAVPTGYVDTENNTEFTR,6001.0,6037.0,37.0,NNT,5611.524498000001,3908.9431650000006,1702.581333,-0.04595,3.46,,,,2806.769525,"{'b': [116.0342, 187.0713, 286.1397, 343.1612, 444.2089, 558.2518, 671.3359, 768.3886, 881.4727, 1009.5313, 1122.6153, 1179.6368, 1326.7052, 1413.7372, 1514.7849, 1571.8064, 1670.8748, 1784.9177, 1898.0018, 1997.0702, 2068.1073, 2167.1757, 2264.2285, 2365.2761, 2422.2976, 2585.3609, 2684.4293, 2799.4563, 2900.504, 3029.5465, 3143.5895, 3257.6324, 3358.6801, 3487.7227, 3634.7911, 3735.8388], 'y': [3794.9235, 3723.8864, 3624.818, 3567.7965, 3466.7488, 3352.7059, 3239.6219, 3142.5691, 3029.485, 2901.4265, 2788.3424, 2731.3209, 2584.2525, 2497.2205, 2396.1728, 2339.1514, 2240.0829, 2126.04, 2012.956, 1913.8875, 1842.8504, 1743.782, 1646.7293, 1545.6816, 1488.6601, 1325.5968, 1226.5284, 1111.5014, 1010.4538, 881.4112, 767.3682, 653.3253, 552.2776, 423.235, 276.1666, 175.119], 'Y': {'Y0': 3909.9504, 'Y1': 4113.0298, 'Y2': 4316.1092}}"
sp|P0C6X7|R1AB_SARS,6130.0,G62765YT,HexNAc(2)Hex(8),ATCFSTSSDTYACWNHSVGFDYVYNPFMIDVQQWGFTGNLQSNHDQHCQVHGNAHVASCDAIMTR,6116.0,6180.0,65.0,NHS,9013.718757999995,7311.137424999996,1702.581333,-0.34462,5.44,,,,4507.866654999998,"{'b': [72.0444, 173.0921, 276.1013, 423.1697, 510.2017, 611.2494, 698.2814, 785.3134, 900.3404, 1001.3881, 1164.4514, 1235.4885, 1338.4977, 1524.577, 1638.6199, 1775.6788, 1862.7109, 1961.7793, 2018.8007, 2165.8691, 2280.8961, 2443.9594, 2543.0278, 2706.0912, 2820.1341, 2917.1868, 3064.2553, 3195.2957, 3308.3798, 3423.4067, 3522.4752, 3650.5337, 3778.5923, 3964.6716, 4021.6931, 4168.7615, 4269.8092, 4326.8306, 4440.8736, 4553.9576, 4682.0162, 4769.0482, 4883.0912, 5020.1501, 5135.177, 5263.2356, 5400.2945, 5503.3037, 5631.3623, 5730.4307, 5867.4896, 5924.5111, 6038.554, 6109.5911, 6246.65, 6345.7184, 6416.7555, 6503.7876, 6606.7967, 6721.8237, 6792.8608, 6905.9449, 7036.9853, 7138.033], 'y': [7241.1076, 7140.0599, 7037.0507, 6889.9823, 6802.9503, 6701.9026, 6614.8706, 6527.8385, 6412.8116, 6311.7639, 6148.7006, 6077.6635, 5974.6543, 5788.575, 5674.5321, 5537.4731, 5450.4411, 5351.3727, 5294.3512, 5147.2828, 5032.2559, 4869.1926, 4770.1242, 4607.0608, 4493.0179, 4395.9651, 4248.8967, 4117.8562, 4004.7722, 3889.7452, 3790.6768, 3662.6182, 3534.5597, 3348.4804, 3291.4589, 3144.3905, 3043.3428, 2986.3213, 2872.2784, 2759.1944, 2631.1358, 2544.1037, 2430.0608, 2293.0019, 2177.975, 2049.9164, 1912.8575, 1809.8483, 1681.7897, 1582.7213, 1445.6624, 1388.6409, 1274.598, 1203.5609, 1066.502, 967.4336, 896.3965, 809.3644, 706.3552, 591.3283, 520.2912, 407.2071, 276.1666, 175.119], 'Y': {'Y0': 7312.1447, 'Y1': 7515.2241, 'Y2': 7718.3035}}"
sp|P0C6X7|R1AB_SARS,6918.0,G62765YT,HexNAc(2)Hex(8),ENDSK,6917.0,6921.0,5.0,NDS,2293.831348,591.250015,1702.581333,-3.04,3.97,,,,1147.9229500000001,"{'b': [130.0499, 244.0928, 359.1197, 446.1518], 'y': [463.2147, 349.1718, 234.1448, 147.1128], 'Y': {'Y0': 592.2573, 'Y1': 795.3367, 'Y2': 998.4161}}"
sp|P0C6X7|R1AB_SARS,6973.0,G62765YT,HexNAc(2)Hex(8),LMGHFSWWTAFVTNVNASSSEAFLIGANYLGKPK,6958.0,6991.0,34.0,NAS,5445.441898,3742.860565,1702.581333,0.18529,9.63,,,,2723.728225,"{'b': [114.0913, 245.1318, 302.1533, 439.2122, 586.2806, 673.3126, 859.3919, 1045.4713, 1146.5189, 1217.556, 1364.6245, 1463.6929, 1564.7405, 1678.7835, 1777.8519, 1891.8948, 1962.9319, 2049.964, 2136.996, 2224.028, 2353.0706, 2424.1077, 2571.1761, 2684.2602, 2797.3442, 2854.3657, 2925.4028, 3039.4457, 3202.5091, 3315.5931, 3372.6146, 3500.7096, 3597.7623], 'y': [3630.7838, 3499.7433, 3442.7218, 3305.6629, 3158.5945, 3071.5625, 2885.4832, 2699.4039, 2598.3562, 2527.3191, 2380.2507, 2281.1823, 2180.1346, 2066.0916, 1967.0232, 1852.9803, 1781.9432, 1694.9112, 1607.8791, 1520.8471, 1391.8045, 1320.7674, 1173.699, 1060.6149, 947.5309, 890.5094, 819.4723, 705.4294, 542.366, 429.282, 372.2605, 244.1656, 147.1128], 'Y': {'Y0': 3743.8678, 'Y1': 3946.9472, 'Y2': 4150.0266}}"
sp|P59594|SPIKE_SARS,29.0,G62765YT,HexNAc(2)Hex(8),CTTFDDVQAPNYTQHTSSMR,19.0,38.0,20.0,NYT,4003.560368,2300.979035,1702.581333,-0.965,4.99,,,,2002.78746,"{'b': [104.0165, 205.0641, 306.1118, 453.1802, 568.2072, 683.2341, 782.3025, 910.3611, 981.3982, 1078.451, 1192.4939, 1355.5572, 1456.6049, 1584.6635, 1721.7224, 1822.7701, 1909.8021, 1996.8341, 2127.8746], 'y': [2198.9771, 2097.9294, 1996.8818, 1849.8134, 1734.7864, 1619.7595, 1520.6911, 1392.6325, 1321.5954, 1224.5426, 1110.4997, 947.4364, 846.3887, 718.3301, 581.2712, 480.2235, 393.1915, 306.1594, 175.119], 'Y': {'Y0': 2301.9863, 'Y1': 2505.0657, 'Y2': 2708.1451}}"
sp|P59594|SPIKE_SARS,65.0,G62765YT,HexNAc(2)Hex(8),SDTLYLTQDLFLPFYSNVTGFHTINHTFGNPVIPFK,49.0,84.0,36.0,NVT,5845.6594780000005,4143.078145,1702.581333,0.05556,6.01,,,,2923.837015,"{'b': [88.0393, 203.0662, 304.1139, 417.198, 580.2613, 693.3454, 794.3931, 922.4516, 1037.4786, 1150.5626, 1297.631, 1410.7151, 1507.7679, 1654.8363, 1817.8996, 1904.9316, 2018.9746, 2118.043, 2219.0907, 2276.1121, 2423.1805, 2560.2394, 2661.2871, 2774.3712, 2888.4141, 3025.473, 3126.5207, 3273.5891, 3330.6106, 3444.6535, 3541.7063, 3640.7747, 3753.8587, 3850.9115, 3997.9799], 'y': [4057.0534, 3942.0265, 3840.9788, 3727.8947, 3564.8314, 3451.7473, 3350.6996, 3222.6411, 3107.6141, 2994.5301, 2847.4617, 2734.3776, 2637.3248, 2490.2564, 2327.1931, 2240.1611, 2126.1181, 2027.0497, 1926.002, 1868.9806, 1721.9122, 1584.8533, 1483.8056, 1370.7215, 1256.6786, 1119.6197, 1018.572, 871.5036, 814.4821, 700.4392, 603.3864, 504.318, 391.234, 294.1812, 147.1128], 'Y': {'Y0': 4144.0854, 'Y1': 4347.1648, 'Y2': 4550.2442}}"
sp|P59594|SPIKE_SARS,73.0,G62765YT,HexNAc(2)Hex(8),SDTLYLTQDLFLPFYSNVTGFHTINHTFGNPVIPFK,49.0,84.0,36.0,NHT,5845.6594780000005,4143.078145,1702.581333,0.05556,6.01,,,,2923.837015,"{'b': [88.0393, 203.0662, 304.1139, 417.198, 580.2613, 693.3454, 794.3931, 922.4516, 1037.4786, 1150.5626, 1297.631, 1410.7151, 1507.7679, 1654.8363, 1817.8996, 1904.9316, 2018.9746, 2118.043, 2219.0907, 2276.1121, 2423.1805, 2560.2394, 2661.2871, 2774.3712, 2888.4141, 3025.473, 3126.5207, 3273.5891, 3330.6106, 3444.6535, 3541.7063, 3640.7747, 3753.8587, 3850.9115, 3997.9799], 'y': [4057.0534, 3942.0265, 3840.9788, 3727.8947, 3564.8314, 3451.7473, 3350.6996, 3222.6411, 3107.6141, 2994.5301, 2847.4617, 2734.3776, 2637.3248, 2490.2564, 2327.1931, 2240.1611, 2126.1181, 2027.0497, 1926.002, 1868.9806, 1721.9122, 1584.8533, 1483.8056, 1370.7215, 1256.6786, 1119.6197, 1018.572, 871.5036, 814.4821, 700.4392, 603.3864, 504.318, 391.234, 294.1812, 147.1128], 'Y': {'Y0': 4144.0854, 'Y1': 4347.1648, 'Y2': 4550.2442}}"
sp|P59594|SPIKE_SARS,118.0,G62765YT,HexNAc(2)Hex(8),SQSVIIINNSTNVVIR,111.0,126.0,16.0,NNS,3458.5656180000005,1755.9842850000002,1702.581333,0.5625,11.04,,,,1730.2900850000003,"{'b': [88.0393, 216.0979, 303.1299, 402.1983, 515.2824, 628.3664, 741.4505, 855.4934, 969.5364, 1056.5684, 1157.6161, 1271.659, 1370.7274, 1469.7958, 1582.8799], 'y': [1669.9595, 1541.901, 1454.8689, 1355.8005, 1242.7165, 1129.6324, 1016.5483, 902.5054, 788.4625, 701.4304, 600.3828, 486.3398, 387.2714, 288.203, 175.119], 'Y': {'Y0': 1756.9916, 'Y1': 1960.071, 'Y2': 2163.1504}}"
sp|P59594|SPIKE_SARS,158.0,G62765YT,HexNAc(2)Hex(8),ACNFELCDNPFFAVSKPMGTQTHTMIFDNAFNCTFEYISDAFSLDVSEK,127.0,175.0,49.0,NCT,7247.024628000002,5544.443295000002,1702.581333,-0.01633,3.77,,,,3624.519590000001,"{'b': [72.0444, 175.0536, 289.0965, 436.1649, 565.2075, 678.2916, 781.3008, 896.3277, 1010.3706, 1107.4234, 1254.4918, 1401.5602, 1472.5973, 1571.6657, 1658.6978, 1786.7927, 1883.8455, 2014.886, 2071.9074, 2172.9551, 2301.0137, 2402.0614, 2539.1203, 2640.168, 2771.2084, 2884.2925, 3031.3609, 3146.3879, 3260.4308, 3331.4679, 3478.5363, 3592.5792, 3695.5884, 3796.6361, 3943.7045, 4072.7471, 4235.8104, 4348.8945, 4435.9265, 4550.9535, 4621.9906, 4769.059, 4856.091, 4969.1751, 5084.202, 5183.2704, 5270.3025, 5399.345], 'y': [5474.4135, 5371.4043, 5257.3613, 5110.2929, 4981.2503, 4868.1663, 4765.1571, 4650.1302, 4536.0872, 4439.0345, 4291.9661, 4144.8976, 4073.8605, 3974.7921, 3887.7601, 3759.6651, 3662.6124, 3531.5719, 3474.5504, 3373.5027, 3245.4442, 3144.3965, 3007.3376, 2906.2899, 2775.2494, 2662.1653, 2515.0969, 2400.07, 2286.0271, 2214.99, 2067.9215, 1953.8786, 1850.8694, 1749.8217, 1602.7533, 1473.7107, 1310.6474, 1197.5634, 1110.5313, 995.5044, 924.4673, 777.3989, 690.3668, 577.2828, 462.2558, 363.1874, 276.1554, 147.1128], 'Y': {'Y0': 5545.4506, 'Y1': 5748.53, 'Y2': 5951.6094}}"
sp|P59594|SPIKE_SARS,227.0,G62765YT,HexNAc(2)Hex(8),LPLGINITNFR,222.0,232.0,11.0,NIT,2959.305418,1256.724085,1702.581333,0.47273,11.04,,,,1480.659985,"{'b': [114.0913, 211.1441, 324.2282, 381.2496, 494.3337, 608.3766, 721.4607, 822.5083, 936.5513, 1083.6197], 'y': [1144.6473, 1047.5945, 934.5105, 877.489, 764.405, 650.362, 537.278, 436.2303, 322.1874, 175.119], 'Y': {'Y0': 1257.7314, 'Y1': 1460.8108, 'Y2': 1663.8902}}"
sp|P59594|SPIKE_SARS,269.0,G62765YT,HexNAc(2)Hex(8),YDENGTITDAVDCSQNPLAELK,266.0,287.0,22.0,NGT,4097.666238,2395.084905,1702.581333,-0.68182,3.28,,,,2049.8403949999997,"{'b': [164.0706, 279.0975, 408.1401, 522.1831, 579.2045, 680.2522, 793.3363, 894.3839, 1009.4109, 1080.448, 1179.5164, 1294.5433, 1397.5525, 1484.5846, 1612.6431, 1726.6861, 1823.7388, 1936.8229, 2007.86, 2136.9026, 2249.9867], 'y': [2233.0289, 2118.0019, 1988.9593, 1874.9164, 1817.8949, 1716.8473, 1603.7632, 1502.7155, 1387.6886, 1316.6515, 1217.5831, 1102.5561, 999.5469, 912.5149, 784.4563, 670.4134, 573.3606, 460.2766, 389.2395, 260.1969, 147.1128], 'Y': {'Y0': 2396.0922, 'Y1': 2599.1716, 'Y2': 2802.251}}"
sp|P59594|SPIKE_SARS,318.0,G62765YT,HexNAc(2)Hex(8),FPNITNLCPFGEVFNATK,316.0,333.0,18.0,NIT,3713.568638,2010.987305,1702.581333,0.12778,6.21,,,,1857.7915950000001,"{'b': [148.0757, 245.1284, 359.1714, 472.2554, 573.3031, 687.346, 800.4301, 903.4393, 1000.4921, 1147.5605, 1204.5819, 1333.6245, 1432.6929, 1579.7613, 1693.8043, 1764.8414, 1865.8891], 'y': [1864.9262, 1767.8734, 1653.8305, 1540.7464, 1439.6987, 1325.6558, 1212.5718, 1109.5626, 1012.5098, 865.4414, 808.4199, 679.3773, 580.3089, 433.2405, 319.1976, 248.1605, 147.1128], 'Y': {'Y0': 2011.9946, 'Y1': 2215.074, 'Y2': 2418.1534}}"
sp|P59594|SPIKE_SARS,321.0,G62765YT,HexNAc(2)Hex(8),FPNITNLCPFGEVFNATK,316.0,333.0,18.0,NLC,3713.568638,2010.987305,1702.581333,0.12778,6.21,,,,1857.7915950000001,"{'b': [148.0757, 245.1284, 359.1714, 472.2554, 573.3031, 687.346, 800.4301, 903.4393, 1000.4921, 1147.5605, 1204.5819, 1333.6245, 1432.6929, 1579.7613, 1693.8043, 1764.8414, 1865.8891], 'y': [1864.9262, 1767.8734, 1653.8305, 1540.7464, 1439.6987, 1325.6558, 1212.5718, 1109.5626, 1012.5098, 865.4414, 808.4199, 679.3773, 580.3089, 433.2405, 319.1976, 248.1605, 147.1128], 'Y': {'Y0': 2011.9946, 'Y1': 2215.074, 'Y2': 2418.1534}}"
sp|P59594|SPIKE_SARS,330.0,G62765YT,HexNAc(2)Hex(8),FPNITNLCPFGEVFNATK,316.0,333.0,18.0,NAT,3713.568638,2010.987305,1702.581333,0.12778,6.21,,,,1857.7915950000001,"{'b': [148.0757, 245.1284, 359.1714, 472.2554, 573.3031, 687.346, 800.4301, 903.4393, 1000.4921, 1147.5605, 1204.5819, 1333.6245, 1432.6929, 1579.7613, 1693.8043, 1764.8414, 1865.8891], 'y': [1864.9262, 1767.8734, 1653.8305, 1540.7464, 1439.6987, 1325.6558, 1212.5718, 1109.5626, 1012.5098, 865.4414, 808.4199, 679.3773, 580.3089, 433.2405, 319.1976, 248.1605, 147.1128], 'Y': {'Y0': 2011.9946, 'Y1': 2215.074, 'Y2': 2418.1534}}"
sp|P59594|SPIKE_SARS,357.0,G62765YT,HexNAc(2)Hex(8),ISNCVADYSVLYNSTFFSTFK,345.0,365.0,21.0,NST,4107.706268,2405.124935,1702.581333,0.37143,5.91,,,,2054.86041,"{'b': [114.0913, 201.1234, 315.1663, 418.1755, 517.2439, 588.281, 703.3079, 866.3713, 953.4033, 1052.4717, 1165.5558, 1328.6191, 1442.662, 1529.6941, 1630.7417, 1777.8102, 1924.8786, 2011.9106, 2112.9583, 2260.0267], 'y': [2293.0482, 2206.0161, 2091.9732, 1988.964, 1889.8956, 1818.8585, 1703.8315, 1540.7682, 1453.7362, 1354.6678, 1241.5837, 1078.5204, 964.4775, 877.4454, 776.3977, 629.3293, 482.2609, 395.2289, 294.1812, 147.1128], 'Y': {'Y0': 2406.1322, 'Y1': 2609.2116, 'Y2': 2812.291}}"
sp|P59594|SPIKE_SARS,522.0,G62765YT,HexNAc(2)Hex(8),NQCVNFNFNGLTGTGVLTPSSK,522.0,543.0,22.0,NQC,3999.692347999999,2297.111014999999,1702.581333,-0.17273,8.86,,,,2000.8534499999996,"{'b': [115.0502, 243.1088, 346.118, 445.1864, 559.2293, 706.2977, 820.3407, 967.4091, 1081.452, 1138.4735, 1251.5575, 1352.6052, 1409.6267, 1510.6743, 1567.6958, 1666.7642, 1779.8483, 1880.8959, 1977.9487, 2064.9807, 2152.0128], 'y': [2184.0754, 2056.0168, 1953.0076, 1853.9392, 1739.8963, 1592.8278, 1478.7849, 1331.7165, 1217.6736, 1160.6521, 1047.5681, 946.5204, 889.4989, 788.4512, 731.4298, 632.3614, 519.2773, 418.2296, 321.1769, 234.1448, 147.1128], 'Y': {'Y0': 2298.1183, 'Y1': 2501.1977, 'Y2': 2704.2771}}"
sp|P59594|SPIKE_SARS,589.0,G62765YT,HexNAc(2)Hex(8),TSEILDISPCSFGGVSVITPGTNASSEVAVLYQDVNCTDVSTAIHADQLTPAWR,567.0,620.0,54.0,NAS,7337.294687999999,5634.713354999999,1702.581333,0.19815,3.53,,,,3669.6546199999993,"{'b': [102.055, 189.087, 318.1296, 431.2136, 544.2977, 659.3246, 772.4087, 859.4407, 956.4935, 1059.5027, 1146.5347, 1293.6031, 1350.6246, 1407.646, 1506.7144, 1593.7465, 1692.8149, 1805.8989, 1906.9466, 2003.9994, 2061.0208, 2162.0685, 2276.1115, 2347.1486, 2434.1806, 2521.2126, 2650.2552, 2749.3236, 2820.3607, 2919.4291, 3032.5132, 3195.5765, 3323.6351, 3438.6621, 3537.7305, 3651.7734, 3754.7826, 3855.8303, 3970.8572, 4069.9256, 4156.9576, 4258.0053, 4329.0424, 4442.1265, 4579.1854, 4650.2225, 4765.2495, 4893.308, 5006.3921, 5107.4398, 5204.4925, 5275.5296, 5461.609], 'y': [5534.673, 5447.6409, 5318.5983, 5205.5143, 5092.4302, 4977.4033, 4864.3192, 4777.2872, 4680.2344, 4577.2252, 4490.1932, 4343.1248, 4286.1033, 4229.0819, 4130.0135, 4042.9814, 3943.913, 3830.829, 3729.7813, 3632.7285, 3575.7071, 3474.6594, 3360.6165, 3289.5793, 3202.5473, 3115.5153, 2986.4727, 2887.4043, 2816.3672, 2717.2988, 2604.2147, 2441.1514, 2313.0928, 2198.0659, 2098.9974, 1984.9545, 1881.9453, 1780.8976, 1665.8707, 1566.8023, 1479.7703, 1378.7226, 1307.6855, 1194.6014, 1057.5425, 986.5054, 871.4785, 743.4199, 630.3358, 529.2881, 432.2354, 361.1983, 175.119], 'Y': {'Y0': 5635.7206, 'Y1': 5838.8, 'Y2': 6041.8794}}"
sp|P59594|SPIKE_SARS,602.0,G62765YT,HexNAc(2)Hex(8),TSEILDISPCSFGGVSVITPGTNASSEVAVLYQDVNCTDVSTAIHADQLTPAWR,567.0,620.0,54.0,NCT,7337.294687999999,5634.713354999999,1702.581333,0.19815,3.53,,,,3669.6546199999993,"{'b': [102.055, 189.087, 318.1296, 431.2136, 544.2977, 659.3246, 772.4087, 859.4407, 956.4935, 1059.5027, 1146.5347, 1293.6031, 1350.6246, 1407.646, 1506.7144, 1593.7465, 1692.8149, 1805.8989, 1906.9466, 2003.9994, 2061.0208, 2162.0685, 2276.1115, 2347.1486, 2434.1806, 2521.2126, 2650.2552, 2749.3236, 2820.3607, 2919.4291, 3032.5132, 3195.5765, 3323.6351, 3438.6621, 3537.7305, 3651.7734, 3754.7826, 3855.8303, 3970.8572, 4069.9256, 4156.9576, 4258.0053, 4329.0424, 4442.1265, 4579.1854, 4650.2225, 4765.2495, 4893.308, 5006.3921, 5107.4398, 5204.4925, 5275.5296, 5461.609], 'y': [5534.673, 5447.6409, 5318.5983, 5205.5143, 5092.4302, 4977.4033, 4864.3192, 4777.2872, 4680.2344, 4577.2252, 4490.1932, 4343.1248, 4286.1033, 4229.0819, 4130.0135, 4042.9814, 3943.913, 3830.829, 3729.7813, 3632.7285, 3575.7071, 3474.6594, 3360.6165, 3289.5793, 3202.5473, 3115.5153, 2986.4727, 2887.4043, 2816.3672, 2717.2988, 2604.2147, 2441.1514, 2313.0928, 2198.0659, 2098.9974, 1984.9545, 1881.9453, 1780.8976, 1665.8707, 1566.8023, 1479.7703, 1378.7226, 1307.6855, 1194.6014, 1057.5425, 986.5054, 871.4785, 743.4199, 630.3358, 529.2881, 432.2354, 361.1983, 175.119], 'Y': {'Y0': 5635.7206, 'Y1': 5838.8, 'Y2': 6041.8794}}"
sp|P59594|SPIKE_SARS,691.0,G62765YT,HexNAc(2)Hex(8),SIVAYTMSLGADSSIAYSNNTIAIPTNFSISITTEVMPVSMAK,673.0,715.0,43.0,NNT,6197.802538000002,4495.221205000002,1702.581333,0.54419,3.97,,,,3099.9085450000007,"{'b': [88.0393, 201.1234, 300.1918, 371.2289, 534.2922, 635.3399, 766.3804, 853.4124, 966.4965, 1023.5179, 1094.555, 1209.582, 1296.614, 1383.646, 1496.7301, 1567.7672, 1730.8305, 1817.8626, 1931.9055, 2045.9484, 2146.9961, 2260.0802, 2331.1173, 2444.2013, 2541.2541, 2642.3018, 2756.3447, 2903.4131, 2990.4452, 3103.5292, 3190.5612, 3303.6453, 3404.693, 3505.7407, 3634.7833, 3733.8517, 3864.8922, 3961.9449, 4061.0133, 4148.0454, 4279.0858, 4350.123], 'y': [4409.1965, 4296.1124, 4197.044, 4126.0069, 3962.9435, 3861.8959, 3730.8554, 3643.8233, 3530.7393, 3473.7178, 3402.6807, 3287.6538, 3200.6217, 3113.5897, 3000.5057, 2929.4685, 2766.4052, 2679.3732, 2565.3303, 2451.2873, 2350.2396, 2237.1556, 2166.1185, 2053.0344, 1955.9817, 1854.934, 1740.891, 1593.8226, 1506.7906, 1393.7065, 1306.6745, 1193.5905, 1092.5428, 991.4951, 862.4525, 763.3841, 632.3436, 535.2908, 436.2224, 349.1904, 218.1499, 147.1128], 'Y': {'Y0': 4496.2285, 'Y1': 4699.3079, 'Y2': 4902.3873}}"
sp|P59594|SPIKE_SARS,699.0,G62765YT,HexNAc(2)Hex(8),SIVAYTMSLGADSSIAYSNNTIAIPTNFSISITTEVMPVSMAK,673.0,715.0,43.0,NFS,6197.802538000002,4495.221205000002,1702.581333,0.54419,3.97,,,,3099.9085450000007,"{'b': [88.0393, 201.1234, 300.1918, 371.2289, 534.2922, 635.3399, 766.3804, 853.4124, 966.4965, 1023.5179, 1094.555, 1209.582, 1296.614, 1383.646, 1496.7301, 1567.7672, 1730.8305, 1817.8626, 1931.9055, 2045.9484, 2146.9961, 2260.0802, 2331.1173, 2444.2013, 2541.2541, 2642.3018, 2756.3447, 2903.4131, 2990.4452, 3103.5292, 3190.5612, 3303.6453, 3404.693, 3505.7407, 3634.7833, 3733.8517, 3864.8922, 3961.9449, 4061.0133, 4148.0454, 4279.0858, 4350.123], 'y': [4409.1965, 4296.1124, 4197.044, 4126.0069, 3962.9435, 3861.8959, 3730.8554, 3643.8233, 3530.7393, 3473.7178, 3402.6807, 3287.6538, 3200.6217, 3113.5897, 3000.5057, 2929.4685, 2766.4052, 2679.3732, 2565.3303, 2451.2873, 2350.2396, 2237.1556, 2166.1185, 2053.0344, 1955.9817, 1854.934, 1740.891, 1593.8226, 1506.7906, 1393.7065, 1306.6745, 1193.5905, 1092.5428, 991.4951, 862.4525, 763.3841, 632.3436, 535.2908, 436.2224, 349.1904, 218.1499, 147.1128], 'Y': {'Y0': 4496.2285, 'Y1': 4699.3079, 'Y2': 4902.3873}}"
sp|P59594|SPIKE_SARS,783.0,G62765YT,HexNAc(2)Hex(8),YFGGFNFSQILPDPLKPTK,778.0,796.0,19.0,NFS,3870.711917999999,2168.130584999999,1702.581333,-0.32632,9.63,,,,1936.3632349999996,"{'b': [164.0706, 311.139, 368.1605, 425.1819, 572.2503, 686.2933, 833.3617, 920.3937, 1048.4523, 1161.5364, 1274.6204, 1371.6732, 1486.7001, 1583.7529, 1696.8369, 1824.9319, 1921.9847, 2023.0323], 'y': [2006.0745, 1859.0061, 1801.9847, 1744.9632, 1597.8948, 1483.8519, 1336.7835, 1249.7514, 1121.6928, 1008.6088, 895.5247, 798.472, 683.445, 586.3923, 473.3082, 345.2132, 248.1605, 147.1128], 'Y': {'Y0': 2169.1379, 'Y1': 2372.2173, 'Y2': 2575.2967}}"
sp|P59594|SPIKE_SARS,1056.0,G62765YT,HexNAc(2)Hex(8),NFTTAPAICHEGK,1056.0,1068.0,13.0,NFT,3090.2367480000003,1387.655415,1702.581333,-0.31538,7.09,,,,1546.1256500000002,"{'b': [115.0502, 262.1186, 363.1663, 464.214, 535.2511, 632.3038, 703.341, 816.425, 919.4342, 1056.4931, 1185.5357, 1242.5572], 'y': [1274.6198, 1127.5514, 1026.5037, 925.456, 854.4189, 757.3661, 686.329, 573.245, 470.2358, 333.1769, 204.1343, 147.1128], 'Y': {'Y0': 1388.6627, 'Y1': 1591.7421, 'Y2': 1794.8215}}"
sp|P59594|SPIKE_SARS,1080.0,G62765YT,HexNAc(2)Hex(8),EGVFVFNGTSWFITQR,1074.0,1089.0,16.0,NGT,3589.512838,1886.931505,1702.581333,0.15,6.93,,,,1795.763695,"{'b': [130.0499, 187.0713, 286.1397, 433.2081, 532.2766, 679.345, 793.3879, 850.4094, 951.457, 1038.4891, 1224.5684, 1371.6368, 1484.7208, 1585.7685, 1713.8271], 'y': [1758.8962, 1701.8747, 1602.8063, 1455.7379, 1356.6695, 1209.6011, 1095.5582, 1038.5367, 937.489, 850.457, 664.3777, 517.3093, 404.2252, 303.1775, 175.119], 'Y': {'Y0': 1887.9388, 'Y1': 2091.0182, 'Y2': 2294.0976}}"
sp|P59594|SPIKE_SARS,1116.0,G62765YT,HexNAc(2)Hex(8),NFFSPQIITTDNTFVSGNCDVVIGIINNTVYDPLQPELDSFK,1090.0,1131.0,42.0,NNT,6376.865248000001,4674.283915000001,1702.581333,0.0619,3.19,,,,3189.4399000000003,"{'b': [115.0502, 262.1186, 409.187, 496.2191, 593.2718, 721.3304, 834.4145, 947.4985, 1048.5462, 1149.5939, 1264.6208, 1378.6637, 1479.7114, 1626.7798, 1725.8482, 1812.8803, 1869.9017, 1983.9447, 2086.9539, 2201.9808, 2301.0492, 2400.1176, 2513.2017, 2570.2231, 2683.3072, 2796.3913, 2910.4342, 3024.4771, 3125.5248, 3224.5932, 3387.6565, 3502.6835, 3599.7362, 3712.8203, 3840.8789, 3937.9316, 4066.9742, 4180.0583, 4295.0852, 4382.1173, 4529.1857], 'y': [4561.2483, 4414.1799, 4267.1114, 4180.0794, 4083.0267, 3954.9681, 3841.884, 3728.8, 3627.7523, 3526.7046, 3411.6777, 3297.6347, 3196.587, 3049.5186, 2950.4502, 2863.4182, 2806.3967, 2692.3538, 2589.3446, 2474.3177, 2375.2493, 2276.1809, 2163.0968, 2106.0753, 1992.9913, 1879.9072, 1765.8643, 1651.8214, 1550.7737, 1451.7053, 1288.6419, 1173.615, 1076.5622, 963.4782, 835.4196, 738.3668, 609.3242, 496.2402, 381.2132, 294.1812, 147.1128], 'Y': {'Y0': 4675.2912, 'Y1': 4878.3706, 'Y2': 5081.45}}"
sp|P59594|SPIKE_SARS,1140.0,G62765YT,HexNAc(2)Hex(8),NHTSPDVDLGDISGINASVVNIQK,1140.0,1163.0,24.0,NHT,4194.831988,2492.250655,1702.581333,-0.225,3.96,,,,2098.42327,"{'b': [115.0502, 252.1091, 353.1568, 440.1888, 537.2416, 652.2685, 751.3369, 866.3639, 979.4479, 1036.4694, 1151.4963, 1264.5804, 1351.6124, 1408.6339, 1521.7179, 1635.7609, 1706.798, 1793.83, 1892.8984, 1991.9668, 2106.0098, 2219.0938, 2347.1524], 'y': [2379.215, 2242.1561, 2141.1084, 2054.0764, 1957.0236, 1841.9967, 1742.9283, 1627.9013, 1514.8173, 1457.7958, 1342.7689, 1229.6848, 1142.6528, 1085.6313, 972.5473, 858.5043, 787.4672, 700.4352, 601.3668, 502.2984, 388.2554, 275.1714, 147.1128], 'Y': {'Y0': 2493.2579, 'Y1': 2696.3373, 'Y2': 2899.4167}}"
sp|P59594|SPIKE_SARS,1155.0,G62765YT,HexNAc(2)Hex(8),NHTSPDVDLGDISGINASVVNIQK,1140.0,1163.0,24.0,NAS,4194.831988,2492.250655,1702.581333,-0.225,3.96,,,,2098.42327,"{'b': [115.0502, 252.1091, 353.1568, 440.1888, 537.2416, 652.2685, 751.3369, 866.3639, 979.4479, 1036.4694, 1151.4963, 1264.5804, 1351.6124, 1408.6339, 1521.7179, 1635.7609, 1706.798, 1793.83, 1892.8984, 1991.9668, 2106.0098, 2219.0938, 2347.1524], 'y': [2379.215, 2242.1561, 2141.1084, 2054.0764, 1957.0236, 1841.9967, 1742.9283, 1627.9013, 1514.8173, 1457.7958, 1342.7689, 1229.6848, 1142.6528, 1085.6313, 972.5473, 858.5043, 787.4672, 700.4352, 601.3668, 502.2984, 388.2554, 275.1714, 147.1128], 'Y': {'Y0': 2493.2579, 'Y1': 2696.3373, 'Y2': 2899.4167}}"
sp|P59594|SPIKE_SARS,1176.0,G62765YT,HexNAc(2)Hex(8),NLNESLIDLQELGK,1174.0,1187.0,14.0,NES,3287.417208,1584.8358749999998,1702.581333,-0.45714,3.75,,,,1644.71588,"{'b': [115.0502, 228.1343, 342.1772, 471.2198, 558.2518, 671.3359, 784.4199, 899.4469, 1012.5309, 1140.5895, 1269.6321, 1382.7162, 1439.7376], 'y': [1471.8002, 1358.7162, 1244.6732, 1115.6306, 1028.5986, 915.5146, 802.4305, 687.4036, 574.3195, 446.2609, 317.2183, 204.1343, 147.1128], 'Y': {'Y0': 1585.8432, 'Y1': 1788.9226, 'Y2': 1992.002}}"
sp|P59595|NCAP_SARS,48.0,G62765YT,HexNAc(2)Hex(8),RPQGLPNNTASWFTALTQHGK,42.0,62.0,21.0,NNT,4025.763468,2323.182135,1702.581333,-0.92381,11.54,,,,2013.88901,"{'b': [157.1084, 254.1611, 382.2197, 439.2412, 552.3252, 649.378, 763.4209, 877.4639, 978.5115, 1049.5487, 1136.5807, 1322.66, 1469.7284, 1570.7761, 1641.8132, 1754.8973, 1855.9449, 1984.0035, 2121.0624, 2178.0839], 'y': [2168.0883, 2071.0355, 1942.977, 1885.9555, 1772.8714, 1675.8187, 1561.7758, 1447.7328, 1346.6851, 1275.648, 1188.616, 1002.5367, 855.4683, 754.4206, 683.3835, 570.2994, 469.2518, 341.1932, 204.1343, 147.1128], 'Y': {'Y0': 2324.1894, 'Y1': 2527.2688, 'Y2': 2730.3482}}"
sp|P59595|NCAP_SARS,197.0,G62765YT,HexNAc(2)Hex(8),NSTPGSSR,197.0,204.0,8.0,NST,2506.953928,804.372595,1702.581333,-1.6375,11.04,,,,1254.48424,"{'b': [115.0502, 202.0822, 303.1299, 400.1827, 457.2041, 544.2362, 631.2682], 'y': [691.3369, 604.3049, 503.2572, 406.2045, 349.183, 262.151, 175.119], 'Y': {'Y0': 805.3799, 'Y1': 1008.4593, 'Y2': 1211.5387}}"
sp|P59595|NCAP_SARS,270.0,G62765YT,HexNAc(2)Hex(8),QYNVTQAFGR,268.0,277.0,10.0,NVT,2885.159498,1182.578165,1702.581333,-0.86,9.83,,,,1443.587025,"{'b': [129.0659, 292.1292, 406.1721, 505.2405, 606.2882, 734.3468, 805.3839, 952.4523, 1009.4738], 'y': [1055.5269, 892.4635, 778.4206, 679.3522, 578.3045, 450.2459, 379.2088, 232.1404, 175.119], 'Y': {'Y0': 1183.5854, 'Y1': 1386.6648, 'Y2': 1589.7442}}"
sp|P59596|VME1_SARS,4.0,G62765YT,HexNAc(2)Hex(8),MADNGTITVEELK,1.0,13.0,13.0,NGT,3122.2728580000003,1419.691525,1702.581333,-0.26923,3.75,,,,1562.1437050000002,"{'b': [132.0478, 203.0849, 318.1118, 432.1547, 489.1762, 590.2239, 703.3079, 804.3556, 903.424, 1032.4666, 1161.5092, 1274.5933], 'y': [1289.6583, 1218.6212, 1103.5943, 989.5513, 932.5299, 831.4822, 718.3981, 617.3505, 518.282, 389.2395, 260.1969, 147.1128], 'Y': {'Y0': 1420.6988, 'Y1': 1623.7782, 'Y2': 1826.8576}}"
sp|P59632|AP3A_SARS,22.0,G62765YT,HexNAc(2)Hex(8),IDNASPASTVHATATIPLQASLPFGWLVIGVAFLAVFQSATK,20.0,61.0,42.0,NAS,6011.896318,4309.314985,1702.581333,0.82619,7.78,,,,3006.955435,"{'b': [114.0913, 229.1183, 343.1612, 414.1983, 501.2303, 598.2831, 669.3202, 756.3522, 857.3999, 956.4683, 1093.5272, 1164.5644, 1265.612, 1336.6491, 1437.6968, 1550.7809, 1647.8336, 1760.9177, 1888.9763, 1960.0134, 2047.0454, 2160.1295, 2257.1822, 2404.2507, 2461.2721, 2647.3514, 2760.4355, 2859.5039, 2972.588, 3029.6094, 3128.6778, 3199.7149, 3346.7833, 3459.8674, 3530.9045, 3629.9729, 3777.0413, 3905.0999, 3992.1319, 4063.1691, 4164.2167], 'y': [4197.2382, 4082.2113, 3968.1683, 3897.1312, 3810.0992, 3713.0464, 3642.0093, 3554.9773, 3453.9296, 3354.8612, 3217.8023, 3146.7652, 3045.7175, 2974.6804, 2873.6327, 2760.5487, 2663.4959, 2550.4118, 2422.3533, 2351.3161, 2264.2841, 2151.2001, 2054.1473, 1907.0789, 1850.0574, 1663.9781, 1550.8941, 1451.8256, 1338.7416, 1281.7201, 1182.6517, 1111.6146, 964.5462, 851.4621, 780.425, 681.3566, 534.2882, 406.2296, 319.1976, 248.1605, 147.1128], 'Y': {'Y0': 4310.3223, 'Y1': 4513.4017, 'Y2': 4716.4811}}"
sp|P59632|AP3A_SARS,119.0,G62765YT,HexNAc(2)Hex(8),GFQFICNLLLLFVTIYSHLLLVAAGMEAQFLYLYALIYFLQCINACR,76.0,122.0,47.0,NAC,7134.425437999999,5431.844104999999,1702.581333,1.37021,6.83,,,,3568.2199949999995,"{'b': [58.0287, 205.0971, 333.1557, 480.2241, 593.3082, 696.3174, 810.3603, 923.4444, 1036.5284, 1149.6125, 1262.6966, 1409.765, 1508.8334, 1609.8811, 1722.9651, 1886.0284, 1973.0605, 2110.1194, 2223.2034, 2336.2875, 2449.3716, 2548.44, 2619.4771, 2690.5142, 2747.5357, 2878.5761, 3007.6187, 3078.6558, 3206.7144, 3353.7828, 3466.8669, 3629.9302, 3743.0143, 3906.0776, 3977.1147, 4090.1988, 4203.2828, 4366.3462, 4513.4146, 4626.4986, 4754.5572, 4857.5664, 4970.6505, 5084.6934, 5155.7305, 5258.7397], 'y': [5375.8299, 5228.7615, 5100.7029, 4953.6345, 4840.5505, 4737.5413, 4623.4983, 4510.4143, 4397.3302, 4284.2462, 4171.1621, 4024.0937, 3925.0253, 3823.9776, 3710.8935, 3547.8302, 3460.7982, 3323.7393, 3210.6552, 3097.5712, 2984.4871, 2885.4187, 2814.3816, 2743.3445, 2686.323, 2555.2825, 2426.2399, 2355.2028, 2227.1442, 2080.0758, 1966.9918, 1803.9284, 1690.8444, 1527.781, 1456.7439, 1343.6599, 1230.5758, 1067.5125, 920.4441, 807.36, 679.3014, 576.2922, 463.2082, 349.1653, 278.1281, 175.119], 'Y': {'Y0': 5432.8514, 'Y1': 5635.9308, 'Y2': 5839.0102}}"
sp|P59632|AP3A_SARS,227.0,G62765YT,HexNAc(2)Hex(8),DYVVVHGYFTEVYYQLESTQITTDTGIENATFFIFNK,199.0,235.0,37.0,NAT,6054.6654180000005,4352.084085,1702.581333,-0.06757,3.82,,,,3028.339985,"{'b': [116.0342, 279.0975, 378.166, 477.2344, 576.3028, 713.3617, 770.3831, 933.4465, 1080.5149, 1181.5626, 1310.6052, 1409.6736, 1572.7369, 1735.8002, 1863.8588, 1976.9429, 2105.9855, 2193.0175, 2294.0652, 2422.1237, 2535.2078, 2636.2555, 2737.3032, 2852.3301, 2953.3778, 3010.3992, 3123.4833, 3252.5259, 3366.5688, 3437.6059, 3538.6536, 3685.722, 3832.7904, 3945.8745, 4092.9429, 4206.9858], 'y': [4238.0644, 4075.0011, 3975.9327, 3876.8643, 3777.7959, 3640.737, 3583.7155, 3420.6522, 3273.5838, 3172.5361, 3043.4935, 2944.4251, 2781.3617, 2618.2984, 2490.2398, 2377.1558, 2248.1132, 2161.0812, 2060.0335, 1931.9749, 1818.8908, 1717.8432, 1616.7955, 1501.7685, 1400.7209, 1343.6994, 1230.6153, 1101.5727, 987.5298, 916.4927, 815.445, 668.3766, 521.3082, 408.2241, 261.1557, 147.1128], 'Y': {'Y0': 4353.0914, 'Y1': 4556.1708, 'Y2': 4759.2502}}"
sp|P59634|NS6_SARS,48.0,G62765YT,HexNAc(2)Hex(8),NYSELDDEEPMELDYP,48.0,63.0,16.0,NYS,3660.3588280000004,1957.777495,1702.581333,-1.56875,2.6,,,,1831.1866900000002,"{'b': [115.0502, 278.1135, 365.1456, 494.1882, 607.2722, 722.2992, 837.3261, 966.3687, 1095.4113, 1192.464, 1323.5045, 1452.5471, 1565.6312, 1680.6581, 1843.7214], 'y': [1844.7418, 1681.6785, 1594.6465, 1465.6039, 1352.5198, 1237.4929, 1122.466, 993.4234, 864.3808, 767.328, 636.2875, 507.2449, 394.1609, 279.1339, 116.0706], 'Y': {'Y0': 1958.7848, 'Y1': 2161.8642, 'Y2': 2364.9436}}"
sp|P59636|ORF9B_SARS,4.0,G62765YT,HexNAc(2)Hex(8),MDPNQTNVVPPALHLVDPQIQLTITR,1.0,26.0,26.0,NQT,4612.124608,2909.5432750000004,1702.581333,-0.15385,4.99,,,,2307.06958,"{'b': [132.0478, 247.0747, 344.1275, 458.1704, 586.229, 687.2767, 801.3196, 900.388, 999.4564, 1096.5092, 1193.5619, 1264.599, 1377.6831, 1514.742, 1627.8261, 1726.8945, 1841.9214, 1938.9742, 2067.0328, 2180.1168, 2308.1754, 2421.2595, 2522.3071, 2635.3912, 2736.4389], 'y': [2779.5101, 2664.4831, 2567.4304, 2453.3874, 2325.3289, 2224.2812, 2110.2382, 2011.1698, 1912.1014, 1815.0487, 1717.9959, 1646.9588, 1533.8747, 1396.8158, 1283.7318, 1184.6634, 1069.6364, 972.5837, 844.5251, 731.441, 603.3824, 490.2984, 389.2507, 276.1666, 175.119], 'Y': {'Y0': 2910.5506, 'Y1': 3113.63, 'Y2': 3316.7094}}"
sp|P59637|VEMP_SARS,48.0,G62765YT,HexNAc(2)Hex(8),LCAYCCNIVNVSLVKPTVYVYSR,39.0,61.0,23.0,NVS,4308.887228,2606.305895,1702.581333,0.83478,8.4,,,,2155.4508899999996,"{'b': [114.0913, 217.1005, 288.1376, 451.201, 554.2102, 657.2193, 771.2623, 884.3463, 983.4147, 1097.4577, 1196.5261, 1283.5581, 1396.6422, 1495.7106, 1623.8055, 1720.8583, 1821.906, 1920.9744, 2084.0377, 2183.1061, 2346.1695, 2433.2015], 'y': [2494.2291, 2391.2199, 2320.1828, 2157.1195, 2054.1103, 1951.1011, 1837.0582, 1723.9741, 1624.9057, 1510.8628, 1411.7944, 1324.7623, 1211.6783, 1112.6099, 984.5149, 887.4621, 786.4145, 687.3461, 524.2827, 425.2143, 262.151, 175.119], 'Y': {'Y0': 2607.3132, 'Y1': 2810.3926, 'Y2': 3013.472}}"
sp|P59637|VEMP_SARS,66.0,G62765YT,HexNAc(2)Hex(8),NLNSSEGVPDLLV,64.0,76.0,13.0,NSS,3058.274568,1355.693235,1702.581333,0.16923,2.91,,,,1530.14456,"{'b': [115.0502, 228.1343, 342.1772, 429.2092, 516.2413, 645.2838, 702.3053, 801.3737, 898.4265, 1013.4534, 1126.5375, 1239.6215], 'y': [1242.6576, 1129.5735, 1015.5306, 928.4986, 841.4665, 712.4239, 655.4025, 556.3341, 459.2813, 344.2544, 231.1703, 118.0863], 'Y': {'Y0': 1356.7005, 'Y1': 1559.7799, 'Y2': 1762.8593}}"
sp|P59633|NS3B_SARS,142.0,G62765YT,HexNAc(2)Hex(8),VSTNLCTHSFR,139.0,149.0,11.0,NLC,2966.184338,1263.6030050000002,1702.581333,-0.08182,8.89,,,,1484.099445,"{'b': [100.0757, 187.1077, 288.1554, 402.1983, 515.2824, 618.2916, 719.3393, 856.3982, 943.4302, 1090.4986], 'y': [1165.5419, 1078.5098, 977.4622, 863.4192, 750.3352, 647.326, 546.2783, 409.2194, 322.1874, 175.119], 'Y': {'Y0': 1264.6103, 'Y1': 1467.6897, 'Y2': 1670.7691}}"
sp|Q80H93|NS8B_SARS,43.0,G62765YT,HexNAc(2)Hex(8),WHTMVQTCTPNVTINCQDPAGGALIAR,33.0,59.0,27.0,NVT,4598.959548000001,2896.378215000001,1702.581333,0.02222,6.92,,,,2300.48705,"{'b': [187.0866, 324.1455, 425.1932, 556.2337, 655.3021, 783.3607, 884.4083, 987.4175, 1088.4652, 1185.518, 1299.5609, 1398.6293, 1499.677, 1612.761, 1726.804, 1829.8132, 1957.8717, 2072.8987, 2169.9514, 2240.9886, 2298.01, 2355.0315, 2426.0686, 2539.1526, 2652.2367, 2723.2738], 'y': [2711.3062, 2574.2473, 2473.1996, 2342.1591, 2243.0907, 2115.0321, 2013.9844, 1910.9752, 1809.9276, 1712.8748, 1598.8319, 1499.7635, 1398.7158, 1285.6317, 1171.5888, 1068.5796, 940.521, 825.4941, 728.4413, 657.4042, 600.3828, 543.3613, 472.3242, 359.2401, 246.1561, 175.119], 'Y': {'Y0': 2897.3855, 'Y1': 3100.4649, 'Y2': 3303.5443}}"
