ProteinID,Site,GlyToucan_AC,Composition,Peptide,Start,End,Length,Sequon,GlycopeptideMass,PeptideMass,GlycanMass,Hydrophobicity,pI,Protease,GlycosylationType,MissedCleavages,z2
sp|O88354|LIPP_ICTTR,105.0,G62765YT,HexNAc(2)Hex(8),GEESWLANMCK,98.0,108.0,11.0,NMC,2951.108053,1248.5267199999998,1702.581333,-0.59091,4.26,,,,1476.5613025
sp|O88354|LIPP_ICTTR,351.0,G62765YT,HexNAc(2)Hex(8),SNFSR,350.0,354.0,5.0,NFS,2293.8578430000002,591.27651,1702.581333,-1.36,11.04,,,,1147.9361975000002
sp|O88354|LIPP_ICTTR,463.0,G62765YT,HexNAc(2)Hex(8),EDVLLTLNAC,456.0,465.0,10.0,NAC,2774.1083630000003,1071.52703,1702.581333,0.87,2.91,,,,1388.0614575000002
sp|Q2EF74|SUMO1_ICTTR,74.0,G62765YT,HexNAc(2)Hex(8),IADNHTPK,71.0,78.0,8.0,NHT,2579.026683,876.4453500000001,1702.581333,-1.2625,7.78,,,,1290.5206175
sp|Q810W5|FOXO1_ICTTR,73.0,G62765YT,HexNAc(2)Hex(8),SCTWPLPRPEFSQSNSATSSPAPSGGATANPDASAGLPPASAAAVSADFMSNLSLLEESEDFPQAPGSVAAAVAAAAAAATGGLCGDFQGLEAGCLHPAPPQPPPPGPLSQHPPVPPAAGPLAGQPR,22.0,148.0,127.0,NLS,13887.434503000006,12184.853170000006,1702.581333,-0.10472,3.88,,,,6944.724527500003
sp|Q810W5|FOXO1_ICTTR,160.0,G62765YT,HexNAc(2)Hex(8),NAWGNLSYADLITK,156.0,169.0,14.0,NLS,3249.3593029999997,1546.7779699999996,1702.581333,-0.2,6.55,,,,1625.6869275
sp|Q810W5|FOXO1_ICTTR,202.0,G62765YT,HexNAc(2)Hex(8),GDSNSSAGWK,199.0,208.0,10.0,NSS,2692.001593,989.42026,1702.581333,-1.32,6.61,,,,1347.0080725
sp|Q810W5|FOXO1_ICTTR,214.0,G62765YT,HexNAc(2)Hex(8),HNLSLHSK,213.0,220.0,8.0,NLS,2619.069223,916.48789,1702.581333,-0.975,10.07,,,,1310.5418875
sp|Q810W5|FOXO1_ICTTR,257.0,G62765YT,HexNAc(2)Hex(8),AASMDNNSK,252.0,260.0,9.0,NNS,2620.967863,918.38653,1702.581333,-1.16667,6.61,,,,1311.4912075
sp|Q810W5|FOXO1_ICTTR,307.0,G62765YT,HexNAc(2)Hex(8),WPASPGSHSNDDFDNWSTFRPR,293.0,314.0,22.0,NWS,4259.697233,2557.1159,1702.581333,-1.50909,5.08,,,,2130.8558924999998
sp|Q810W5|FOXO1_ICTTR,318.0,G62765YT,HexNAc(2)Hex(8),TSSNASTISGR,315.0,325.0,11.0,NAS,2764.091483,1061.51015,1702.581333,-0.60909,11.04,,,,1383.0530175000001
sp|Q810W5|FOXO1_ICTTR,636.0,G62765YT,HexNAc(2)Hex(8),NDLMDGDALDFNFDNVLPNQSFPHGVK,618.0,644.0,27.0,NQS,4702.952503,3000.37117,1702.581333,-0.55556,3.5,,,,2352.4835275
sp|Q91XI3|INS_ICTTR,107.0,G62765YT,HexNAc(2)Hex(8),GIVEQCCTSICSLYQLENYCN,90.0,110.0,21.0,NYC,4066.5708030000005,2363.9894700000004,1702.581333,0.21429,3.11,,,,2034.2926775000003
sp|Q9R101|LIPS_ICTTR,198.0,G62765YT,HexNAc(2)Hex(8),NESGLGVTASSLFTSGR,198.0,214.0,17.0,NES,3366.397873,1663.81654,1702.581333,-0.05294,6.93,,,,1684.2062125
sp|Q9R101|LIPS_ICTTR,243.0,G62765YT,HexNAc(2)Hex(8),AFWNITEIEVLSSLANMASATVR,240.0,262.0,23.0,NIT,4206.854643000001,2504.2733100000005,1702.581333,0.59565,4.26,,,,2104.4345975
sp|Q9R101|LIPS_ICTTR,428.0,G62765YT,HexNAc(2)Hex(8),ICLAGDSAGGNLCFTVALR,418.0,436.0,19.0,NLC,3564.499173,1861.91784,1702.581333,1.00526,5.77,,,,1783.2568625000001
sp|O88345|PDK4_ICTTR,47.0,G62765YT,HexNAc(2)Hex(8),QLLDFGSDNACER,39.0,51.0,13.0,NAC,3151.216743,1448.63541,1702.581333,-0.65385,3.55,,,,1576.6156475
sp|O88345|PDK4_ICTTR,81.0,G62765YT,HexNAc(2)Hex(8),LTNTSSVQLVK,79.0,89.0,11.0,NTS,2873.242163,1170.6608299999998,1702.581333,0.19091,10.07,,,,1437.6283575
sp|O88345|PDK4_ICTTR,112.0,G62765YT,HexNAc(2)Hex(8),NLSDFVDTLIK,112.0,122.0,11.0,NLS,2948.2418129999996,1245.6604799999998,1702.581333,0.29091,3.68,,,,1475.1281824999999
sp|O88345|PDK4_ICTTR,152.0,G62765YT,HexNAc(2)Hex(8),DTCTVDPVTNQSLQYFLDR,143.0,161.0,19.0,NQS,3898.5970529999995,2196.0157199999994,1702.581333,-0.52632,3.39,,,,1950.3058024999998
sp|O88345|PDK4_ICTTR,404.0,G62765YT,HexNAc(2)Hex(8),NLSK,404.0,407.0,4.0,NLS,2144.835313,442.25398,1702.581333,-1.1,10.07,,,,1073.4249325
sp|P62335|PRS10_ICTTR,121.0,G62765YT,HexNAc(2)Hex(8),EVDPLVYNMSHEDPGNVSYSEIGGLSEQIR,114.0,143.0,30.0,NMS,5018.116673,3315.5353400000004,1702.581333,-0.61,3.74,,,,2510.0656125
sp|P62335|PRS10_ICTTR,129.0,G62765YT,HexNAc(2)Hex(8),EVDPLVYNMSHEDPGNVSYSEIGGLSEQIR,114.0,143.0,30.0,NVS,5018.116673,3315.5353400000004,1702.581333,-0.61,3.74,,,,2510.0656125
sp|P62335|PRS10_ICTTR,345.0,G62765YT,HexNAc(2)Hex(8),NVCTEAGMFAIR,345.0,356.0,12.0,NVC,2995.181883,1292.60055,1702.581333,0.575,6.21,,,,1498.5982175000001
sp|Q9Z2G7|GRK7_ICTTR,413.0,G62765YT,HexNAc(2)Hex(8),DEVAFHHENFTEETK,405.0,419.0,15.0,NFT,3516.3720430000003,1813.79071,1702.581333,-1.40667,4.32,,,,1759.1932975000002
sp|O55175|CNCG_ICTTR,4.0,G62765YT,HexNAc(2)Hex(8),MSDNTTLAPPAASQAPATPR,1.0,20.0,20.0,NTT,3680.539133,1977.9578,1702.581333,-0.52,6.63,,,,1841.2768425000002
sp|Q94UY0|ATP6_ICTTR,163.0,G62765YT,HexNAc(2)Hex(8),LTANITAGHLLMHLIGGATLVLTSISPPTAILTFIILVLLTMLEFAVALIQAYVFTLLVSLYLHDNT,160.0,226.0,67.0,NIT,8872.615213000001,7170.03388,1702.581333,1.42239,5.73,,,,4437.314882500001
sp|O54761|ALMS_ICTTR,65.0,G62765YT,HexNAc(2)Hex(8),VLAHESNTTNIFFSPVSIAMALASLSLGTK,59.0,88.0,30.0,NTT,4803.207993000001,3100.626660000001,1702.581333,0.72,7.78,,,,2402.6112725000003
sp|O54761|ALMS_ICTTR,102.0,G62765YT,HexNAc(2)Hex(8),ADTHTQIMEGLGFNLTETAESDIHQGFQHLLQTLNKPNSQLQLTTGNGLFIDHNLK,89.0,144.0,56.0,NLT,7912.668152999999,6210.086819999999,1702.581333,-0.51071,5.12,,,,3957.341352499999
sp|O54761|ALMS_ICTTR,266.0,G62765YT,HexNAc(2)Hex(8),MGMFEVHYCSTLASWVLQMDYLGNATAIFLLPDEGK,243.0,278.0,36.0,NAT,5734.478293000001,4031.896960000001,1702.581333,0.38056,3.95,,,,2868.2464225000003
sp|O54761|ALMS_ICTTR,311.0,G62765YT,HexNAc(2)Hex(8),LNISGTMDLKPVLTR,310.0,324.0,15.0,NIS,3341.494023,1638.91269,1702.581333,0.16,10.06,,,,1671.7542875000001
sp|O54762|ALLT_ICTTR,65.0,G62765YT,HexNAc(2)Hex(8),VLAHESNTTNIFFSPVSIATALGSLSLGTK,59.0,88.0,30.0,NTT,4759.199533000001,3056.6182000000003,1702.581333,0.56,7.78,,,,2380.6070425000003
sp|O54762|ALLT_ICTTR,102.0,G62765YT,HexNAc(2)Hex(8),ADTHTQIMEGVGFNLTEISEAEIHQGFQHLLQNLNK,89.0,124.0,36.0,NLT,5746.561243000001,4043.979910000001,1702.581333,-0.43333,4.69,,,,2874.2878975000003
sp|Q5DRQ4|ARRC_ICTTR,217.0,G62765YT,HexNAc(2)Hex(8),EVHYHGEPISVNVSINNSTSK,206.0,226.0,21.0,NVS,3994.6947830000004,2292.1134500000003,1702.581333,-0.6381,6.03,,,,1998.3546675000002
sp|Q5DRQ4|ARRC_ICTTR,221.0,G62765YT,HexNAc(2)Hex(8),EVHYHGEPISVNVSINNSTSK,206.0,226.0,21.0,NNS,3994.6947830000004,2292.1134500000003,1702.581333,-0.6381,6.03,,,,1998.3546675000002
sp|Q5DRQ4|ARRC_ICTTR,265.0,G62765YT,HexNAc(2)Hex(8),TVFIQEFTETIAANSSFTQSFSVTPLLSANCR,252.0,283.0,32.0,NSS,5193.289173,3490.70784,1702.581333,0.29688,4.26,,,,2597.6518625
sp|Q5DRQ5|RTBDN_ICTTR,208.0,G62765YT,HexNAc(2)Hex(8),HCLNISISLLPRPRPGR,205.0,221.0,17.0,NIS,3612.659793,1910.07846,1702.581333,-0.24118,12.18,,,,1807.3371725
