shorthand_glycan,longhand_glycan,Adjusted_HF,Z_Adjusted_HF,Weighted_Adjusted_HF,Scaled_HF,Count,matrix
H4N3S1,Hex(4)HexNAc(3)NeuAc(1),0.266124082,9.69E-02,11.9212531,0.009469926,123,csf
H4N3S1F1,Hex(4)HexNAc(3)NeuAc(1)Fuc(1),-0.799535296,-0.291185846,-14.55929231,-0.011565514,50,csf
H4N4F1,Hex(4)HexNAc(4)Fuc(1),-1.253556448,-0.456537562,-12.78305175,-0.010154516,28,csf
H4N4F2,Hex(4)HexNAc(4)Fuc(2),-0.71649195,-0.26094197,-0.782825909,-0.000621856,3,csf
H4N4S1,Hex(4)HexNAc(4)NeuAc(1),0.468924151,1.71E-01,1.878572266,0.001492288,11,csf
H4N4S1F1,Hex(4)HexNAc(4)NeuAc(1)Fuc(1),0.870999035,3.17E-01,7.295887528,0.005795659,23,csf
H4N5F1,Hex(4)HexNAc(5)Fuc(1),0.836013263,3.04E-01,2.740238079,0.002176772,9,csf
H4N5F2,Hex(4)HexNAc(5)Fuc(2),-0.658386787,-0.239780426,-0.239780426,-0.000190475,1,csf
H4N5S1F1,Hex(4)HexNAc(5)NeuAc(1)Fuc(1),1.15259458,4.20E-01,3.358142959,0.002667619,8,csf
H4N5S2,Hex(4)HexNAc(5)NeuAc(2),-1.25125573,-0.455699655,-0.455699655,-0.000361996,1,csf
H4N5S2F1,Hex(4)HexNAc(5)NeuAc(2)Fuc(1),1.959261735,7.14E-01,2.854204381,0.002267304,4,csf
H5N3F1,Hex(5)HexNAc(3)Fuc(1),0.464513852,0.169173093,0.338346186,0.000268773,2,csf
H5N4F1,Hex(5)HexNAc(4)Fuc(1),-0.60874102,-0.221699742,-4.212295101,-0.003346135,19,csf
H5N4F2,Hex(5)HexNAc(4)Fuc(2),-0.144883531,-0.052765693,-0.791485389,-0.000628735,15,csf
H5N4S1,Hex(5)HexNAc(4)NeuAc(1),-0.67788683,-0.246882222,-43.45127105,-0.034516532,176,csf
H5N4S1F1,Hex(5)HexNAc(4)NeuAc(1)Fuc(1),-0.082965987,-0.030215703,-1.87337359,-0.001488158,62,csf
H5N4S1F2,Hex(5)HexNAc(4)NeuAc(1)Fuc(2),1.08593972,3.95E-01,3.163940632,0.00251335,8,csf
H5N4S1F3,Hex(5)HexNAc(4)NeuAc(1)Fuc(3),0,-1.19E-16,-1.19E-16,-9.43E-20,1,csf
H5N4S2,Hex(5)HexNAc(4)NeuAc(2),0.047797069,1.74E-02,4.560738538,0.003622929,262,csf
H5N4S2F1,Hex(5)HexNAc(4)NeuAc(2)Fuc(1),0.769737093,0.280333524,26.35135123,0.020932811,94,csf
H5N4S2F2,Hex(5)HexNAc(4)NeuAc(2)Fuc(2),1.435349932,5.23E-01,2.613728166,0.002076276,5,csf
H5N5F1,Hex(5)HexNAc(5)Fuc(1),0.591283221,0.215341719,0.861366877,0.000684247,4,csf
H5N5F2,Hex(5)HexNAc(5)Fuc(2),-0.599893737,-0.218477616,-0.218477616,-0.000173553,1,csf
H5N5S1,Hex(5)HexNAc(5)NeuAc(1),-1.118125466,-0.40721443,-6.515430882,-0.005175685,16,csf
H5N5S1F1,Hex(5)HexNAc(5)NeuAc(1)Fuc(1),0.408582037,0.14880307,1.041621487,0.000827436,7,csf
H5N5S1F2,Hex(5)HexNAc(5)NeuAc(1)Fuc(2),1.261499854,0.459430502,1.378291506,0.001094878,3,csf
H5N5S2,Hex(5)HexNAc(5)NeuAc(2),0.795740481,2.90E-01,5.506272163,0.004374036,19,csf
H5N5S2F1,Hex(5)HexNAc(5)NeuAc(2)Fuc(1),0.162772913,0.059280896,0.82993254,0.000659276,14,csf
H5N6S2F1,Hex(5)HexNAc(6)NeuAc(2)Fuc(1),0.164008198,0.059730779,0.059730779,4.74E-05,1,csf
H6N2P1,Hex(6)HexNAc(2)Phospho(1),4.84E-16,5.93E-17,6.51E-16,5.22E-19,11,csf
H6N5F1,Hex(6)HexNAc(5)Fuc(1),0.692098802,0.252058135,0.252058135,0.000200228,1,csf
H6N5F3,Hex(6)HexNAc(5)Fuc(3),-0.512531913,-0.186660976,-0.373321952,-0.000296557,2,csf
H6N5S1,Hex(6)HexNAc(5)NeuAc(1),-0.399723151,-0.145576717,-1.892497327,-0.001503349,13,csf
H6N5S1F1,Hex(6)HexNAc(5)NeuAc(1)Fuc(1),-0.322769218,-0.117550568,-0.352651703,-0.000280137,3,csf
H6N5S1F3,Hex(6)HexNAc(5)NeuAc(1)Fuc(3),0.562008344,0.204679989,0.204679989,0.000162592,1,csf
H6N5S2,Hex(6)HexNAc(5)NeuAc(2),1.72E+00,6.27E-01,21.32155697,0.016937277,34,csf
H6N5S2F1,Hex(6)HexNAc(5)NeuAc(2)Fuc(1),1.209414432,4.40E-01,5.725997043,0.004548579,13,csf
H6N5S3,Hex(6)HexNAc(5)NeuAc(3),2.282647647,0.831326259,30.75907158,0.024434187,37,csf
H6N5S3F1,Hex(6)HexNAc(5)NeuAc(3)Fuc(1),1.821605893,0.663417683,21.89278354,0.017391044,33,csf
H6N5S3F3,Hex(6)HexNAc(5)NeuAc(3)Fuc(3),1.014268457,0.369390345,0.369390345,0.000293434,1,csf
H6N6F1,Hex(6)HexNAc(6)Fuc(1),-0.098481137,-0.035866226,-0.071732451,-5.70E-05,2,csf
H6N6S1,Hex(6)HexNAc(6)NeuAc(1),-0.804121348,-0.292856058,-0.585712116,-0.000465274,2,csf
H6N6S1F1,Hex(6)HexNAc(6)NeuAc(1)Fuc(1),-0.578951628,-0.210850628,-0.421701257,-0.000334988,2,csf
H6N6S2,Hex(6)HexNAc(6)NeuAc(2),2.782216195,1.01E+00,6.079596344,0.004829469,6,csf
H6N6S2F1,Hex(6)HexNAc(6)NeuAc(2)Fuc(1),0.252408103,0.091925481,0.183850963,0.000146046,2,csf
H7N6S1F3,Hex(7)HexNAc(6)NeuAc(1)Fuc(3),-0.387356537,-0.141072873,-0.141072873,-0.000112065,1,csf
H7N6S2,Hex(7)HexNAc(6)NeuAc(2),-0.36777232,-0.133940421,-0.535761685,-0.000425595,4,csf
H7N6S3,Hex(7)HexNAc(6)NeuAc(3),0.319993614,0.116539709,0.466158838,0.000370304,4,csf
H7N6S4,Hex(7)HexNAc(6)NeuAc(4),2.248473822,8.19E-01,4.094401809,0.003252484,5,csf
H7N7F1,Hex(7)HexNAc(7)Fuc(1),2.073511962,0.755160326,0.755160326,0.000599879,1,csf
H7N7S3F1,Hex(7)HexNAc(7)NeuAc(3)Fuc(1),0.857872554,0.312431917,0.312431917,0.000248188,1,csf
H8N7S1,Hex(8)HexNAc(7)NeuAc(1),0,-1.19E-16,-1.19E-16,-9.43E-20,1,csf
H9,Hex(9),12.22730792,0.083799102,0.41899551,4.09E-06,5,mouse-brain
N1,HexNAc(1),-47.82742376,-0.327782304,-36.38383573,-0.000355255,111,mouse-brain
N1H1,HexNAc(1)dHex(1),3.595204545,0.024639513,0.049279026,4.81E-07,2,mouse-brain
N1H1,HexNAc(1)dHex(1),55.25927407,0.305602001,0.305602001,3.57E-05,1,milk
N1H2,HexNAc(1)dHex(2),-28.71426931,-0.196791477,-16.13690109,-0.000157562,82,mouse-brain
N2,HexNAc(2),-20.85385438,-0.142920607,-5.716824277,-5.58E-05,40,mouse-brain
N2F1,HexNAc(2)dHex(1),1.658409091,0.011365805,0.011365805,1.11E-07,1,mouse-brain
N2H10,HexNAc(2)Hex(10),-4.202833357,-0.214602185,-340.7882705,-0.001554309,1588,mouse-tissues
N2H11,HexNAc(2)Hex(11),-14.50231517,-0.74050724,-11.1076086,-5.07E-05,15,mouse-tissues
N2H11,HexNAc(2)Hex(11),0,-1.19E-16,-1.19E-16,-9.43E-20,1,csf
N2H12,HexNAc(2)Hex(12),0.922074714,0.047082345,1.177058617,5.37E-06,25,mouse-tissues
N2H1F1,Hex(1)HexNAc(2)dHex(1),-5.40851718,-0.037066939,-0.111200818,-1.09E-06,3,mouse-brain
N2H2,Hex(2)HexNAc(2),-46.51039755,-0.318756146,-68.53257134,-0.000669159,215,mouse-brain
N2H2,Hex(2)HexNAc(2),-100.3173759,-0.554788157,-1.109576313,-0.000129634,2,milk
N2H2F1,Hex(2)HexNAc(2)dHex(1),11.35406927,0.077814415,2.723504512,2.66E-05,35,mouse-brain
N2H2F1,Hex(2)HexNAc(2)dHex(1),-54.59803333,-0.301945122,-0.301945122,-3.53E-05,1,milk
N2H3,HexNAc(2)Hex(3),-18.36667012,-0.125874843,-94.28025725,-0.000920562,749,mouse-brain
N2H3,HexNAc(2)Hex(3),-0.15375,-0.184748054,-0.738992215,-0.019696808,4,serum
N2H3,HexNAc(2)Hex(3),0.307808446,0.112101946,0.336305839,0.000267152,3,csf
N2H3F1,HexNAc(2)Hex(3)Fuc(1),-1.480567811,-0.539213707,-8.627419313,-0.006853392,16,csf
N2H3F1,HexNAc(2)Hex(3)Fuc(1),0,-2.83E-16,-2.83E-16,-7.54E-18,1,serum
N2H4,Hex(4)HexNAc(2),-20.60926369,-0.14124432,-231.49944,-0.002260384,1639,mouse-brain
N2H4,Hex(4)HexNAc(2),-2.485162503,-0.126895658,-57.35683742,-0.0002616,452,mouse-tissues
N2H4,Hex(4)HexNAc(2),-13.39365494,-0.074071327,-0.148142654,-1.73E-05,2,milk
N2H4,Hex(4)HexNAc(2),0,-1.19E-16,-1.19E-16,-9.43E-20,1,csf
N2H4F1,Hex(4)HexNAc(2)Fuc(1),-4.38291508,-0.223797394,-9.399490569,-4.29E-05,42,mouse-tissues
N2H4F1,Hex(4)HexNAc(2)Fuc(1),-2.742177931,-0.998684367,-3.994737469,-0.003173313,4,csf
N2H5,HexNAc(2)Hex(5),3.446822321,0.023622585,191.2011993,0.001866908,8094,mouse-brain
N2H5,HexNAc(2)Hex(5),-1.204605191,-0.061508722,-410.6937338,-0.001873142,6677,mouse-tissues
N2H5,HexNAc(2)Hex(5),-13.1336603,-0.072633471,-1.089502061,-0.000127289,15,milk
N2H5,HexNAc(2)Hex(5),0.025,0.030040334,0.090121002,0.00240205,3,serum
N2H5,HexNAc(2)Hex(5),0,-1.19E-16,-1.19E-16,-9.43E-20,1,csf
N2H5F1,HexNAc(2)Hex(5)Fuc(1),-23.194514,-0.158962174,-31.7924347,-0.000310425,200,mouse-brain
N2H5F1,HexNAc(2)Hex(5)Fuc(1),-5.852856941,-0.298854555,-22.11523703,-0.000100866,74,mouse-tissues
N2H5F1,HexNAc(2)Hex(5)Fuc(1),0,-2.83E-16,-2.83E-16,-7.54E-18,1,serum
N2H6,HexNAc(2)Hex(6),1.484975456,0.075824795,592.2674745,0.002701286,7811,mouse-tissues
N2H6,HexNAc(2)Hex(6),-9.550073465,-0.06545084,-229.0124908,-0.002236101,3499,mouse-brain
N2H6,HexNAc(2)Hex(6),20.22826619,0.11186898,3.244200417,0.000379027,29,milk
N2H6,HexNAc(2)Hex(6),-0.189761905,-0.22802044,-0.684061319,-0.018232701,3,serum
N2H6F1,HexNAc(2)Hex(6)Fuc(1),-51.30681394,-0.35162809,-2.109768541,-2.06E-05,6,mouse-brain
N2H6F1,HexNAc(2)Hex(6)Fuc(1),-66.77717083,-0.369299767,-1.1078993,-0.000129438,3,milk
N2H6F1,HexNAc(2)Hex(6)Fuc(1),-8.745999492,-0.446582209,-1.339746627,-6.11E-06,3,mouse-tissues
N2H6Ph1,Hex(6)HexNAc(2)Phos(1),98.83054388,0.677329047,176.7828813,0.001726126,261,mouse-brain
N2H6Ph1,Hex(6)HexNAc(2)Phos(1),42.63443084,0.235782456,0.235782456,2.75E-05,1,milk
N2H7,HexNAc(2)Hex(7),-0.41099332,-0.020985858,-132.9454113,-0.000606354,6335,mouse-tissues
N2H7,HexNAc(2)Hex(7),-26.42174971,-0.181079835,-380.6298126,-0.003716508,2102,mouse-brain
N2H7,HexNAc(2)Hex(7),-25.62457244,-0.141712332,-4.251369967,-0.000496697,30,milk
N2H7,HexNAc(2)Hex(7),-0.282142857,-0.339026626,-0.678053252,-0.018072565,2,serum
N2H8,HexNAc(2)Hex(8),-1.182568336,-0.060383491,-746.0984125,-0.003402897,12356,mouse-tissues
N2H8,HexNAc(2)Hex(8),-24.6057479,-0.168633978,-360.2021774,-0.003517051,2136,mouse-brain
N2H8,HexNAc(2)Hex(8),-14.36664825,-0.079452301,-1.430141409,-0.000167087,18,milk
N2H8,HexNAc(2)Hex(8),-0.282142857,-0.339026626,-0.678053252,-0.018072565,2,serum
N2H9,HexNAc(2)Hex(9),-1.71004396,-0.087317088,-1238.680213,-0.005649524,14186,mouse-tissues
N2H9,HexNAc(2)Hex(9),-32.35670445,-0.221754682,-220.6459082,-0.002154409,995,mouse-brain
N2H9,HexNAc(2)Hex(9),-48.08954583,-0.26595104,-1.063804161,-0.000124287,4,milk
N2H9,HexNAc(2)Hex(9),0,-1.19E-16,-1.19E-16,-9.43E-20,1,csf
N2H9F1,HexNAc(2)Hex(9)Fuc(1),-9.024793284,-0.460817786,-0.460817786,-2.10E-06,1,mouse
N3H10,,0,-1.33E-17,-1.33E-17,-6.06E-23,1,mouse
N3H11,,0.084671429,0.004323434,0.025940605,1.18E-07,6,mouse-tissues
N3H12,,-0.508028571,-0.025940605,-0.025940605,-1.18E-07,1,mouse
N3H2F1,dHex(1)Hex(3)HexNAc(2),6.320732386,0.04331875,43.92521272,0.00042889,1014,mouse-brain
N3H2F1S2,dHex(1)Hex(3)HexNAc(3),2.363789498,0.016200086,4.779025304,4.67E-05,295,mouse-brain
N3H2F1S2,dHex(1)Hex(3)HexNAc(3),-35.87298593,-0.198389437,-0.991947185,-0.000115891,5,milk
N3H3,Hex(3)HexNAc(3),1.058083523,0.054027133,11.18361651,5.10E-05,207,mouse-tissues
N3H3,Hex(3)HexNAc(3),-6.369647202,-0.043653985,-2.095391275,-2.05E-05,48,mouse-brain
N3H3,HexNAc(3)Hex(3),-0.073650794,-0.088499778,-0.530998665,-0.01415303,6,serum
N3H3,Hex(3)HexNAc(3),-129.4123259,-0.715692821,-0.715692821,-8.36E-05,1,milk
N3H3F1,HexNAc(3)Hex(3)Fuc(1),-2.51484483,-0.128411277,-17.72075617,-8.08E-05,138,mouse-tissues
N3H3F1,HexNAc(3)Hex(3)Fuc(1),0.194776236,7.09E-02,1.631535112,0.001296048,23,csf
N3H3F1,HexNAc(3)Hex(3)Fuc(1),0.075607143,0.090850553,0.363402211,0.00968598,4,serum
N3H3F1S2,HexNAc(3)Hex(3)Fuc(1)NeuAc(2),1.703333333,2.046748087,2.046748087,0.054553219,1,serum
N3H3F2,HexNAc(3)Hex(3)Fuc(2),0.365,0.438588876,0.877177752,0.023379951,2,serum
N3H3F2S2,HexNAc(3)Hex(3)Fuc(2)NeuAc(2),0,-2.83E-16,-5.66E-16,-1.51E-17,2,serum
N3H3S1,HexNAc(3)Hex(3)NeuAc(1),0.62375,0.749506332,2.99802533,0.079908188,4,serum
N3H4,Hex(4)HexNAc(3),-1.266353972,-0.064661695,-11.70376685,-5.34E-05,181,mouse-tissues
N3H4,Hex(4)HexNAc(3),-125.8432095,-0.862458687,-41.398017,-0.000404214,48,mouse-brain
N3H4,Hex(4)HexNAc(3),-0.726533654,-0.264599096,-8.99636927,-0.007146476,34,csf
N3H4,Hex(4)HexNAc(3),-32.39199424,-0.179138406,-1.61224565,-0.000188362,9,milk
N3H4,HexNAc(3)Hex(4),0.036666667,0.044059156,0.044059156,0.001174335,1,serum
N3H4F1,,-0.095646283,-0.004883825,-0.542104544,-2.47E-06,111,mouse-tissues
N3H4F1,Hex(4)HexNAc(3)Fuc(1),-0.896768258,-0.326597494,-20.90223962,-0.016604182,64,csf
N3H4F1,dHex(1)Hex(4)HexNAc(3),-21.25438913,-0.145665647,-5.243963298,-5.12E-05,36,mouse-brain
N3H4F1,dHex(1)Hex(4)HexNAc(3),-63.87045355,-0.353224662,-7.064493237,-0.000825361,20,milk
N3H4F1,dHex(1)Hex(4)HexNAc(3)NeuAc(1),52.27027966,0.358231143,3.940542575,3.85E-05,11,mouse-brain
N3H4F1,HexNAc(3)Hex(4)Fuc(1),-0.274847619,-0.330260571,-1.651302853,-0.044013177,5,serum
N3H4F1G1,dHex(1)Hex(4)HexNAc(3)NeuGc(1),67.63742972,0.374057282,10.47360389,0.001223655,28,milk
N3H4F1G1,,12.0847825,0.61706485,11.72423215,5.35E-05,19,mouse-tissues
N3H4F1G1,dHex(1)Hex(4)HexNAc(3)NeuGc(1),-399.9795116,-2.741234954,-8.223704863,-8.03E-05,3,mouse-brain
N3H4F1S1,dHex(1)Hex(4)HexNAc(3)NeuAc(1),107.7213353,0.595734493,24.4251142,0.002853642,41,milk
N3H4F1S1,,3.417079544,0.174480565,3.315130732,1.51E-05,19,mouse-tissues
N3H4F1S1,HexNAc(3)Hex(4)Fuc(1)NeuAc(1),0,-2.83E-16,-2.83E-16,-7.54E-18,1,serum
N3H4F1S2,,22.87193788,1.167871157,1.167871157,5.33E-06,1,mouse
N3H4F2,dHex(2)Hex(4)HexNAc(3),-4.087760001,-0.208726389,-13.35848889,-6.09E-05,64,mouse-tissues
N3H4F2,dHex(2)Hex(4)HexNAc(3),-22.37740908,-0.153362195,-2.913881711,-2.85E-05,19,mouse-brain
N3H4F2,Hex(4)HexNAc(3)Fuc(2),-0.234655408,-0.085460059,-1.538281059,-0.001221969,18,csf
N3H4F2,dHex(2)Hex(4)HexNAc(3),-100.4394406,-0.555463215,-1.666389644,-0.000194688,3,milk
N3H4G1,,13.1229688,0.670076004,102.5216287,0.000467593,153,mouse-tissues
N3H4S1,HexNAc(3)Hex(4)NeuAc(1),19.71978258,1.006917971,54.37357045,0.000247994,54,mouse-tissues
N3H4S1,Hex(4)HexNAc(3)NeuAc(1),81.99328801,0.45344991,8.162098385,0.000953597,18,milk
N3H4S1,HexNAc(3)Hex(4)NeuAc(1),-0.0675,-0.081108902,-0.243326705,-0.006485534,3,serum
N3H4S1,Hex(4)HexNAc(3)NeuAc(1),89.56697959,0.61384178,0.61384178,5.99E-06,1,mouse-brain
N3H5,Hex(5)HexNAc(3),1.597893908,0.081590559,39.24505909,0.000178994,481,mouse-tissues
N3H5,Hex(5)HexNAc(3),-30.50600908,-0.209071055,-45.15934785,-0.00044094,216,mouse-brain
N3H5,Hex(5)HexNAc(3),-0.076666667,-0.092123691,-0.184247382,-0.004910857,2,serum
N3H5F1,dHex(1)Hex(5)HexNAc(3),-6.243310099,-0.318791605,-104.2448549,-0.000475453,327,mouse-tissues
N3H5F1,dHex(1)Hex(5)HexNAc(3),-25.72950467,-0.176335576,-35.2671152,-0.000344352,200,mouse-brain
N3H5F1,dHex(1)Hex(5)HexNAc(3),-52.04644342,-0.287833988,-0.575667977,-6.73E-05,2,milk
N3H5F1,HexNAc(3)Hex(5)Fuc(1),0,-2.83E-16,-5.66E-16,-1.51E-17,2,serum
N3H5F1G1,dHex(1)Hex(5)HexNAc(3)NeuGc(1),37.67279687,0.258188194,19.62230272,0.000191594,76,mouse-brain
N3H5F1G1,dHex(1)Hex(5)HexNAc(3)NeuGc(1),80.42518233,0.444777769,18.23588853,0.002130541,41,milk
N3H5F1G1,,12.43036759,0.634710878,18.40661546,8.40E-05,29,mouse-tissues
N3H5F1S1,,7.872055581,0.401957486,43.00945104,0.000196163,107,mouse-tissues
N3H5F1S1,dHex(1)Hex(5)HexNAc(3)NeuAc(1),81.86162359,0.452721763,5.432661151,0.00063471,12,milk
N3H5F1S2,,4.979665532,0.254268256,5.08536511,2.32E-05,20,mouse-tissues
N3H5F1S3,,-2.22422,-0.113571591,-0.79500114,-3.63E-06,7,mouse-tissues
N3H5F2,,-13.30280792,-0.679258826,-87.62438857,-0.000399648,129,mouse-tissues
N3H5F2S1,,-1.749182035,-0.08931553,-0.267946589,-1.22E-06,3,mouse-tissues
N3H5F3,,0,-1.33E-17,-1.33E-17,-6.06E-23,1,mouse
N3H5G1,,17.89828091,0.913909706,126.1195395,0.000575221,138,mouse-tissues
N3H5S1,HexNAc(3)Hex(5)NeuAc(1),21.58127673,1.101968305,99.17714748,0.000452339,90,mouse-tissues
N3H5S1,HexNAc(3)Hex(5)NeuAc(1),-0.320833333,-0.385517619,-1.156552858,-0.030826305,3,serum
N3H5S2,HexNAc(3)Hex(5)NeuAc(2),36.55413883,1.866502289,1.866502289,8.51E-06,1,mouse
N3H6,Hex(6)HexNAc(3),2.300147922,0.117448571,82.09655098,0.000374436,699,mouse-tissues
N3H6,Hex(6)HexNAc(3),-68.28919024,-0.46801576,-25.74086683,-0.000251336,55,mouse-brain
N3H6,Hex(6)HexNAc(3),61.86880663,0.342154895,6.500942997,0.00075952,19,milk
N3H6,Hex(6)HexNAc(3),-0.584285714,-0.702085519,-0.702085519,-0.018713111,1,serum
N3H6F1,,-8.25643916,-0.421584616,-149.6625387,-0.000682599,355,mouse-tissues
N3H6F1,dHex(1)Hex(6)HexNAc(3),-53.88393895,-0.369290258,-56.87069969,-0.000555291,154,mouse-brain
N3H6F1,dHex(1)Hex(6)HexNAc(3),22.41460691,0.123960165,0.991681318,0.00011586,8,milk
N3H6F1,HexNAc(3)Hex(6)Fuc(1),-1.536666667,-1.846479194,-1.846479194,-0.04921533,1,serum
N3H6F1G1,,11.44303236,0.584296246,16.94459112,7.73E-05,29,mouse-tissues
N3H6F1S1,,4.304433421,0.219790018,34.94661287,0.000159389,159,mouse-tissues
N3H6F1S2,,2.517909789,0.128567777,1.671381106,7.62E-06,13,mouse-tissues
N3H6F1S3,,-2.36952,-0.1209908,-0.967926401,-4.41E-06,8,mouse-tissues
N3H6F2,,-11.61091402,-0.592868504,-84.18732751,-0.000383972,142,mouse-tissues
N3H6G1,,16.58383314,0.846792279,244.7229685,0.001116162,289,mouse-tissues
N3H6G2,,38.08383287,1.944610474,1.944610474,8.87E-06,1,mouse
N3H6S1,,18.29410991,0.934121254,245.6738899,0.001120499,263,mouse-tissues
N3H6S2,,21.04197941,1.074431076,1.074431076,4.90E-06,1,mouse
N3H7,,4.575367026,0.233624243,36.91263045,0.000168356,158,mouse-tissues
N3H7F1,,-1.786622786,-0.091227304,-2.736819106,-1.25E-05,30,mouse-tissues
N3H7F2,,-0.91937911,-0.046944704,-0.187778814,-8.56E-07,4,mouse-tissues
N3H7G1,,11.9602812,0.61070765,7.939199455,3.62E-05,13,mouse-tissues
N3H7S1,,10.05501034,0.51342202,2.053688082,9.37E-06,4,mouse-tissues
N3H8,,2.591446213,0.132322644,3.57271138,1.63E-05,27,mouse-tissues
N3H8F1,,-7.801802004,-0.398370246,-1.195110739,-5.45E-06,3,mouse-tissues
N3H8G1,,11.77892895,0.601447566,1.202895133,5.49E-06,2,mouse-tissues
N3H9,,-19.43326667,-0.992288093,-0.992288093,-4.53E-06,1,mouse
N4H1F1Su1,Hex(1)HexNAc(4)dHex(1)Sulf(1),-20.27185,-0.138931876,-0.277863752,-2.71E-06,2,mouse-brain
N4H2,Hex(3)HexNAc(4),-18.58017828,-0.102754511,-0.308263532,-3.60E-05,3,milk
N4H2F1,dHex(1)Hex(4)HexNAc(2),12.22376875,0.083774846,3.76986809,3.68E-05,45,mouse-brain
N4H2F1S2,dHex(1)Hex(3)HexNAc(4),7.594460188,0.052048165,4.319997718,4.22E-05,83,mouse-brain
N4H2F1S2,dHex(1)Hex(3)HexNAc(4),-19.29396957,-0.106702012,-2.027338221,-0.000236859,19,milk
N4H2F1S2,dHex(1)Hex(2)HexNAc(4)NeuAc(2),-9.408568182,-0.064481043,-0.257924171,-2.52E-06,4,mouse-brain
N4H3,,0.157161959,0.008024896,5.7699001,2.63E-05,719,mouse-tissues
N4H3,Hex(3)HexNAc(4),-6.037865291,-0.041380138,-0.537941794,-5.25E-06,13,mouse-brain
N4H3,HexNAc(4)Hex(3),-0.024392857,-0.029310783,-0.117243132,-0.003124952,4,serum
N4H3F1,,-1.355936495,-0.069235896,-81.90606553,-0.000373567,1183,mouse-tissues
N4H3F1,Hex(3)HexNAc(4)Fuc(1),-0.265650927,-0.096748437,-1.257729675,-0.000999107,13,csf
N4H3F1,HexNAc(4)Hex(3)Fuc(1),-0.203785714,-0.244871637,-0.489743273,-0.013053425,2,serum
N4H3F1S1,dHex(1)Hex(4)HexNAc(4)NeuAc(1),78.98923355,0.541347848,40.60108863,0.000396433,75,mouse-brain
N4H3F1Su1,dHex(1)Hex(3)HexNAc(4)Sulf(1),102.0912286,0.699675949,0.699675949,6.83E-06,1,mouse-brain
N4H3F2,,-6.802995048,-0.347369853,-2.43158897,-1.11E-05,7,mouse-tissues
N4H3S1,Hex(3)HexNAc(4)NeuAc(1),-858.6871,-5.884959167,-5.884959167,-5.75E-05,1,mouse-brain
N4H3Su1,Hex(3)HexNAc(4)Sulf(1),0.149491865,0.001024533,0.0030736,3.00E-08,3,mouse-brain
N4H4,,-1.668148439,-0.085177848,-32.70829361,-0.00014918,384,mouse-tissues
N4H4,Hex(4)HexNAc(4),-17.25010997,-0.095398794,-0.66779156,-7.80E-05,7,milk
N4H4,Hex(4)HexNAc(4),-168.22387,-1.152911935,-5.764559673,-5.63E-05,5,mouse-brain
N4H4,Hex(4)HexNAc(4),-3.892056953,-1.417463248,-5.66985299,-0.00450398,4,csf
N4H4,HexNAc(4)Hex(4),-0.041190476,-0.049495026,-0.148485079,-0.003957663,3,serum
N4H4F1,,-0.292183301,-0.014919263,-9.354377723,-4.27E-05,627,mouse-tissues
N4H4F1,dHex(1)Hex(4)HexNAc(4),-26.32329285,-0.145576486,-8.297859729,-0.000969458,57,milk
N4H4F1,dHex(1)Hex(4)HexNAc(4),-6.871699214,-0.047094767,-1.318653488,-1.29E-05,28,mouse-brain
N4H4F1,HexNAc(4)Hex(4)Fuc(1),-0.328785714,-0.395073306,-0.790146613,-0.021060257,2,serum
N4H4F1G1,,6.666347191,0.340392434,17.36001413,7.92E-05,51,mouse-tissues
N4H4F1S1,dHex(1)Hex(4)HexNAc(4)NeuAc(1),101.9600673,0.563872782,29.32138465,0.003425684,52,milk
N4H4F1S1,,6.825702263,0.348529313,12.54705527,5.72E-05,36,mouse-tissues
N4H4F1S1,HexNAc(4)Hex(4)Fuc(1)NeuAc(1),0.574142857,0.689897727,2.069693181,0.055164788,3,serum
N4H4F1S2,,14.29142574,0.729738949,9.486606341,4.33E-05,13,mouse-tissues
N4H4F1Su1,dHex(1)Hex(4)HexNAc(4)Sulf(1),246.4098,1.688754392,1.688754392,1.65E-05,1,mouse-brain
N4H4F2,,-5.914904425,-0.30202278,-88.19065189,-0.000402231,292,mouse-tissues
N4H4F2,dHex(2)Hex(4)HexNAc(4),-25.60979648,-0.175515163,-8.600242999,-8.40E-05,49,mouse-brain
N4H4F2,dHex(2)Hex(4)HexNAc(4),25.05489327,0.138561819,1.524180006,0.000178073,11,milk
N4H4F2G1,,-4.839129656,-0.247092309,-1.482553856,-6.76E-06,6,mouse-tissues
N4H4F2S1,HexNAc(4)Hex(4)Fuc(2)NeuAc(1),0.63,0.757016416,1.514032832,0.040354436,2,serum
N4H4F3,dHex(3)Hex(4)HexNAc(4),51.41024252,0.352336932,8.103749426,7.91E-05,23,mouse-brain
N4H4F3,,-0.460122222,-0.023494444,-0.070483333,-3.21E-07,3,mouse-tissues
N4H4F3S1,HexNAc(4)Hex(4)Fuc(3)NeuAc(1),-0.125,-0.15020167,-0.15020167,-0.004003416,1,serum
N4H4G1,,5.439060725,0.277725577,23.05122288,0.000105135,83,mouse-tissues
N4H4G2,,31.81431943,1.624480892,4.873442675,2.22E-05,3,mouse-tissues
N4H4S1,,13.86712928,0.708073815,23.3664359,0.000106572,33,mouse-tissues
N4H4S1,Hex(4)HexNAc(4)NeuAc(1),48.68617749,0.33366772,3.670344916,3.58E-05,11,mouse-brain
N4H4S1,Hex(4)HexNAc(4)NeuAc(1),93.72888365,0.518351623,4.665164603,0.000545042,9,milk
N4H4S1,HexNAc(4)Hex(4)NeuAc(1),0.435,0.522701811,0.522701811,0.013931889,1,serum
N4H4Su1,Hex(4)HexNAc(4)Sulf(1),3.432875,0.023526997,0.023526997,2.30E-07,1,mouse-brain
N4H5,,-5.982873006,-0.305493345,-510.4793802,-0.002328257,1671,mouse-tissues
N4H5,Hex(5)HexNAc(4),-30.05792846,-0.206000162,-43.05403385,-0.000420384,209,mouse-brain
N4H5,Hex(5)HexNAc(4),-10.5769052,-0.058493772,-4.562514235,-0.000533049,78,milk
N4H5,Hex(5)HexNAc(4),-1.79520366,-0.653802151,-28.11349251,-0.022332609,43,csf
N4H5,HexNAc(4)Hex(5),-0.46686946,-0.56099658,-7.853952116,-0.209336152,14,serum
N4H56Me3,Hex(6)HexNAc(4)Me(3),0,7.34E-18,7.34E-18,8.57E-22,1,milk
N4H5F1,,-3.771432437,-0.192574288,-444.0763092,-0.002025397,2306,mouse-tissues
N4H5F1,dHex(1)Hex(5)HexNAc(4),-14.64686403,-0.100381381,-28.40793075,-0.000277378,283,mouse-brain
N4H5F1,dHex(1)Hex(5)HexNAc(4),-33.44275612,-0.184949465,-44.38787163,-0.005185937,240,milk
N4H5F1,HexNAc(4)Hex(5)Fuc(1),-0.679667491,-0.816697537,-5.716882758,-0.152375545,7,serum
N4H5F1G1,,3.540704353,0.18079301,158.7362626,0.000723984,878,mouse-tissues
N4H5F1G2,,15.97196047,0.815549257,717.6833463,0.003273298,880,mouse-tissues
N4H5F1G3,,29.9668703,1.530147715,4.590443145,2.09E-05,3,mouse-tissues
N4H5F1S1,,1.199825972,0.061264688,51.76866164,0.000236113,845,mouse-tissues
N4H5F1S1,HexNAc(4)Hex(5)Fuc(1)NeuAc(1),0.251124278,0.301754288,2.414034302,0.064342721,8,serum
N4H5F1S1,dHex(1)Hex(5)HexNAc(4)NeuAc(1),62.7577815,0.430106591,2.580639548,2.52E-05,6,mouse-brain
N4H5F1S1G1,,16.17193014,0.825759971,464.9028636,0.002120386,563,mouse-tissues
N4H5F1S2,,13.62680027,0.695802301,200.3910625,0.000913968,288,mouse-tissues
N4H5F1S2,dHex(1)Hex(5)HexNAc(4)NeuAc(2),106.517672,0.589077838,166.1199503,0.019408174,282,milk
N4H5F1S2,dHex(1)Hex(5)HexNAc(4)NeuAc(2),98.40160364,0.674389332,3.371946658,3.29E-05,5,mouse-brain
N4H5F1S2,HexNAc(4)Hex(5)Fuc(1)NeuAc(2),0.878308081,1.055386723,4.221546891,0.112519451,4,serum
N4H5F1S3,,14.69159353,0.750172042,21.00481716,9.58E-05,28,mouse-tissues
N4H5F1S4,,34.14295722,1.743384192,20.92061031,9.54E-05,12,mouse-tissues
N4H5F1S5,,37.39985333,1.909685581,5.729056743,2.61E-05,3,mouse-tissues
N4H5F2,,-6.686769045,-0.341435201,-127.0138946,-0.0005793,372,mouse-tissues
N4H5F2,dHex(2)Hex(5)HexNAc(4),-62.81145869,-0.347368071,-61.13678053,-0.00714275,176,milk
N4H5F2,dHex(2)Hex(5)HexNAc(4),-17.30386739,-0.11859099,-0.711545938,-6.95E-06,6,mouse-brain
N4H5F2G1,,-5.434518267,-0.277493633,-3.607417228,-1.65E-05,13,mouse-tissues
N4H5F2S1,dHex(1)Hex(5)HexNAc(4)NeuAc(1),58.43151033,0.323145513,212.9528931,0.024879774,659,milk
N4H5F2S1,,2.239766697,0.114365426,11.09344634,5.06E-05,97,mouse-tissues
N4H5F2S1,HexNAc(4)Hex(5)Fuc(2)NeuAc(1),0.8925,1.072439922,2.144879845,0.057168784,2,serum
N4H5F2S2,,11.31095746,0.577552328,6.35307561,2.90E-05,11,mouse-tissues
N4H5F3,,-10.83915097,-0.55346127,-168.2522261,-0.000767385,304,mouse-tissues
N4H5F3G1,,10.27441202,0.524624958,1.049249917,4.79E-06,2,mouse-tissues
N4H5F3S1,,14.45940838,0.738316363,29.53265452,0.000134696,40,mouse-tissues
N4H5G1,,-2.092313175,-0.106836256,-118.4814078,-0.000540384,1109,mouse-tissues
N4H5G2,,14.72407903,0.751830794,2297.594906,0.010479152,3056,mouse-tissues
N4H5G3,,27.23068649,1.390434579,273.9156122,0.001249308,197,mouse-tissues
N4H5G4,,49.83777279,2.544782067,22.9030386,0.000104459,9,mouse-tissues
N4H5S1,,7.092047554,0.362129253,111.53581,0.000508706,308,mouse-tissues
N4H5S1,Hex(5)HexNAc(4)NeuAc(1),24.81875814,0.137255914,35.4120257,0.004137268,258,milk
N4H5S1,HexNAc(4)Hex(5)NeuAc(1),-0.260687487,-0.313245567,-4.385437937,-0.116887738,14,serum
N4H5S1,Hex(5)HexNAc(4)NeuAc(1),18.85354218,0.12921159,1.421327495,1.39E-05,11,mouse-brain
N4H5S1G1,,16.55989616,0.845570025,100.622833,0.000458933,119,mouse-tissues
N4H5S2,Hex(5)HexNAc(4)NeuAc(2),52.54943711,0.290615709,73.52577443,0.008590184,253,milk
N4H5S2,,21.75075812,1.110622247,74.41169056,0.000339386,67,mouse-tissues
N4H5S2,HexNAc(4)Hex(5)NeuAc(2),0.577701451,0.69417378,13.18930183,0.351542465,19,serum
N4H5Su1,Hex(5)HexNAc(4)Sulf(1),10.1556,0.069600779,0.069600779,6.80E-07,1,mouse-brain
N4H6,,-2.486513253,-0.126964629,-47.35780664,-0.000215995,373,mouse-tissues
N4H6,Hex(6)HexNAc(4),-29.26308324,-0.200552739,-8.022109567,-7.83E-05,40,mouse-brain
N4H6,Hex(6)HexNAc(4),-227.4906445,-1.258098252,-11.32288427,-0.001322878,9,milk
N4H6F1,,-6.942281589,-0.354482006,-304.8545255,-0.001390418,860,mouse-tissues
N4H6F1,dHex(1)Hex(6)HexNAc(4),2.13544581,0.014635146,1.931839321,1.89E-05,132,mouse-brain
N4H6F1,dHex(1)Hex(6)HexNAc(4),38.05035702,0.210431017,3.787758305,0.000442532,18,milk
N4H6F1G1,,8.288669303,0.42323033,294.9915397,0.001345433,697,mouse-tissues
N4H6F1S1,,7.940117604,0.405432823,91.22238507,0.000416058,225,mouse-tissues
N4H6F1S1G1,,-20.44569177,-1.043983847,-1.043983847,-4.76E-06,1,mouse
N4H6F2,,-4.890529157,-0.249716835,-42.451862,-0.00019362,170,mouse-tissues
N4H6F2G1,,14.85701,0.758618423,0.758618423,3.46E-06,1,mouse
N4H6F2S1,,9.869764094,0.503963104,10.07926208,4.60E-05,20,mouse-tissues
N4H6F2S2,,14.00836233,0.71528536,6.437568242,2.94E-05,9,mouse-tissues
N4H6F2S3,,42.31948,2.160888173,4.321776346,1.97E-05,2,mouse-tissues
N4H6F2S4,,55.04968,2.810908888,5.621817775,2.56E-05,2,mouse-tissues
N4H6F3,,-3.061425544,-0.156320405,-4.845932554,-2.21E-05,31,mouse-tissues
N4H6F3S1,,-6.552095652,-0.334558601,-0.669117201,-3.05E-06,2,mouse-tissues
N4H6G1,,8.993288323,0.459209101,83.57605643,0.000381184,182,mouse-tissues
N4H6G2,,0,-1.33E-17,-1.33E-17,-6.06E-23,1,mouse
N4H6S1,,9.445554612,0.482302411,23.63281816,0.000107787,49,mouse-tissues
N4H6S1,HexNAc(4)Hex(6)NeuAc(1),-0.65,-0.781048683,-0.781048683,-0.020817764,1,serum
N4H6S1G1,,16.81700876,0.858698531,30.0544486,0.000137076,35,mouse-tissues
N4H6S2,,12.79623214,0.653392402,2.613569607,1.19E-05,4,mouse-tissues
N4H7,,-3.681626873,-0.187988699,-50.9449373,-0.000232356,271,mouse-tissues
N4H7,Hex(7)HexNAc(4),-686.4481265,-3.796284414,-26.5739909,-0.0031047,7,milk
N4H7F1,,-5.822855827,-0.297322658,-158.1756542,-0.000721427,532,mouse-tissues
N4H7F1,dHex(1)Hex(7)HexNAc(4),-109.2426368,-0.748687685,-2.994750738,-2.92E-05,4,mouse-brain
N4H7F1,dHex(1)Hex(7)HexNAc(4),213.518745,1.180829042,1.180829042,0.000137959,1,milk
N4H7F1G1,,12.8193801,0.654574367,77.23977534,0.000352285,118,mouse-tissues
N4H7F1G2,,0,-1.33E-17,-1.33E-17,-6.06E-23,1,mouse
N4H7F1S1,,-1.162282173,-0.059347653,-0.118695305,-5.41E-07,2,mouse-tissues
N4H7F2,,-10.30756388,-0.526317735,-22.63166262,-0.000103221,43,mouse-tissues
N4H7F2S1,,11.05916364,0.564695405,0.564695405,2.58E-06,1,mouse
N4H7F3,,-3.386229909,-0.172905342,-0.691621368,-3.15E-06,4,mouse-tissues
N4H7G1,,13.24964102,0.676544054,407.2795207,0.00185757,602,mouse-tissues
N4H7G2,,28.33783405,1.446966987,177.9769394,0.000811739,123,mouse-tissues
N4H7G3,,55.15432211,2.816252051,50.69253692,0.000231205,18,mouse-tissues
N4H7S1,,-10.48986117,-0.535626074,-0.535626074,-2.44E-06,1,mouse
N4H7S1,HexNAc(4)Hex(7)NeuAc(1),0,-2.83E-16,-2.83E-16,-7.54E-18,1,serum
N4H7S1G1,,17.76921084,0.907319219,3.629276878,1.66E-05,4,mouse-tissues
N4H8,,1.882127551,0.096103902,1.729870239,7.89E-06,18,mouse-tissues
N4H8F1,,-4.761803776,-0.243143948,-3.647159226,-1.66E-05,15,mouse-tissues
N4H8F2S1,,9.758163636,0.498264638,0.498264638,2.27E-06,1,mouse
N4H9,,-9.614255782,-0.490916514,-0.490916514,-2.24E-06,1,mouse
N4H9F1,,36.12112917,1.844392247,1.844392247,8.41E-06,1,mouse
N5H2F1S2,dHex(1)Hex(3)HexNAc(5),-19.05254154,-0.13057542,-2.611508406,-2.55E-05,20,mouse-brain
N5H2F1S2S1,dHex(1)Hex(3)HexNAc(5)NeuAc(1),41.66674852,0.285560495,4.283407431,4.18E-05,15,mouse-brain
N5H2F1SSu2,dHex(1)Hex(3)HexNAc(5)Sulf(1),-62.43485783,-0.427893454,-2.139467269,-2.09E-05,5,mouse-brain
N5H3,,-4.370263435,-0.223151385,-83.23546656,-0.00037963,373,mouse-tissues
N5H3,Hex(3)HexNAc(5),42.57029569,0.2917529,3.209281903,3.13E-05,11,mouse-brain
N5H3,Hex(5)HexNAc(3),-145.0555081,-0.802204775,-5.615433424,-0.000656064,7,milk
N5H3,Hex(3)HexNAc(5),58.77276241,0.32503275,2.275229247,0.00026582,7,milk
N5H3F1,,-2.655469387,-0.135591751,-88.13463811,-0.000401975,650,mouse-tissues
N5H3F1,dHex(1)Hex(3)HexNAc(5),-67.20167882,-0.371647436,-12.26436538,-0.001432874,33,milk
N5H3F1,Hex(3)HexNAc(5)Fuc(1),0.38040157,0.138539916,0.415619749,0.000330157,3,csf
N5H3F1,HexNAc(5)Hex(3)Fuc(1),0.041214286,0.049523636,0.099047273,0.002639967,2,serum
N5H3F1S1,,6.997399977,0.357296424,5.002149931,2.28E-05,14,mouse-tissues
N5H3F1S1,Hex(3)HexNAc(5)NeuAc(1)Fuc(1),2.049537902,7.46E-01,1.492858242,0.001185887,2,csf
N5H3F2,,-5.723883275,-0.29226899,-7.306724748,-3.33E-05,25,mouse-tissues
N5H3F2,dHex(2)Hex(3)HexNAc(5),-62.37727924,-0.427498842,-2.992491897,-2.92E-05,7,mouse-brain
N5H4,,-5.599604429,-0.285923149,-46.31955014,-0.00021126,162,mouse-tissues
N5H4,Hex(4)HexNAc(5),-145.0500964,-0.802174846,-5.615223922,-0.000656039,7,milk
N5H4,Hex(4)HexNAc(5),-6.187351168,-2.253395309,-4.506790618,-0.003580074,2,csf
N5H4,HexNAc(5)Hex(4),-1.785,-2.144879845,-2.144879845,-0.057168784,1,serum
N5H4F1,,-9.096097622,-0.464458679,-398.5055465,-0.001817553,858,mouse-tissues
N5H4F1,dHex(1)Hex(4)HexNAc(5),-186.7733504,-1.032918194,-55.77758249,-0.006516623,54,milk
N5H4F1,HexNAc(5)Hex(4)Fuc(1),0.066428571,0.079821459,0.079821459,0.00212753,1,serum
N5H4F1G1,Hex(4)HexNAc(5)NeuAc(1),-316.0588561,-1.747909657,-13.98327726,-0.001633698,8,milk
N5H4F1G1,,-0.798163171,-0.040755259,-0.203776294,-9.29E-07,5,mouse-tissues
N5H4F1S1,,6.952625833,0.355010197,19.88057104,9.07E-05,56,mouse-tissues
N5H4F1S2,,21.02557886,1.073593643,9.662342784,4.41E-05,9,mouse-tissues
N5H4F2,,-7.007390009,-0.357806528,-393.9449871,-0.001796752,1101,mouse-tissues
N5H4F2,dHex(2)Hex(4)HexNAc(5),-55.96988144,-0.383586136,-0.767172272,-7.49E-06,2,mouse-brain
N5H4F2,dHex(2)Hex(4)HexNAc(5),-859.231155,-4.751831517,-4.751831517,-0.000555167,1,milk
N5H4F2G1,,1.117955568,0.057084278,0.171252834,7.81E-07,3,mouse-tissues
N5H4F2S1,,6.479445951,0.330849011,5.955282207,2.72E-05,18,mouse-tissues
N5H4F3,,-7.120436074,-0.363578808,-45.08377221,-0.000205624,124,mouse-tissues
N5H4G1,,0.793908707,0.04053802,0.324304162,1.48E-06,8,mouse-tissues
N5H4S1,,-1.391153856,-0.071034141,-1.562751105,-7.13E-06,22,mouse-tissues
N5H5,,-7.304836514,-0.372994537,-16.78475415,-7.66E-05,45,mouse-tissues
N5H5,Hex(5)HexNAc(5),-287.0568289,-1.587518887,-20.63774553,-0.002411155,13,milk
N5H5,Hex(5)HexNAc(5),-3.105732205,-1.131088602,-3.393265805,-0.00269552,3,csf
N5H5,HexNAc(5)Hex(5),-2.495,-2.99802533,-2.99802533,-0.079908188,1,serum
N5H5F1,,-8.925120303,-0.455728353,-172.2653173,-0.000785689,378,mouse-tissues
N5H5F1,dHex(1)Hex(5)HexNAc(5),-25.40825741,-0.140516039,-4.637029281,-0.000541755,33,milk
N5H5F1,HexNAc(5)Hex(5)Fuc(1),-0.304,-0.365290461,-0.365290461,-0.009736308,1,serum
N5H5F1G1,,0.585556867,0.029899302,0.179395811,8.18E-07,6,mouse-tissues
N5H5F1G2,,7.326351099,0.374093099,0.374093099,1.71E-06,1,mouse
N5H5F1S1,,-3.211759233,-0.16399664,-14.26770771,-6.51E-05,87,mouse-tissues
N5H5F1S1,HexNAc(5)Hex(5)Fuc(1)NeuAc(1),0,-2.83E-16,-2.83E-16,-7.54E-18,1,serum
N5H5F1S1G1,,16.58671448,0.846939403,10.16327284,4.64E-05,12,mouse-tissues
N5H5F1S2,,14.84648258,0.75808088,6.064647038,2.77E-05,8,mouse-tissues
N5H5F2,,-6.157803894,-0.314425546,-250.9115857,-0.001144388,798,mouse-tissues
N5H5F2G1,,-1.061551371,-0.054204206,-0.325225235,-1.48E-06,6,mouse-tissues
N5H5F2S1,,8.125104119,0.414878477,48.54078177,0.000221391,117,mouse-tissues
N5H5F2S1G1,,11.03477999,0.563450344,17.46696068,7.97E-05,31,mouse-tissues
N5H5F2S2,,24.14426996,1.232838102,9.862704818,4.50E-05,8,mouse-tissues
N5H5F3,,-9.49399781,-0.484775985,-620.9980362,-0.002832324,1281,mouse-tissues
N5H5F3S1,,6.441714871,0.328922413,0.657844826,3.00E-06,2,mouse-tissues
N5H5F3S2,,7.351884356,0.375396861,0.750793722,3.42E-06,2,mouse-tissues
N5H5G1,,2.68789264,0.137247325,0.548989299,2.50E-06,4,mouse-tissues
N5H5G2,,2.142212969,0.109384205,0.109384205,4.99E-07,1,mouse
N5H5S1,,-5.362371557,-0.273809727,-1.916668091,-8.74E-06,7,mouse-tissues
N5H5S2,,-3.061464151,-0.156322376,-0.156322376,-7.13E-07,1,mouse
N5H5S3,,22.05883182,1.126352894,1.126352894,5.14E-06,1,mouse
N5H6,HexNAc(5)Hex(6),-13.19977764,-0.673997965,-29.65591044,-0.000135258,44,mouse-tissues
N5H6,Hex(6)HexNAc(5),-64.6797563,-0.357700373,-11.44641193,-0.00133731,32,milk
N5H6,HexNAc(5)Hex(6),-0.865858586,-1.040427243,-4.161708973,-0.110924555,4,serum
N5H6,Hex(6)HexNAc(5),-362.6809681,-2.485611683,-2.485611683,-2.43E-05,1,mouse-brain
N5H6,Hex(6)HexNAc(5),3.77702139,1.375568002,1.375568002,0.001092715,1,csf
N5H6F1,HexNAc(5)Hex(6)Fuc(1),-11.61664646,-0.59316121,-78.8904409,-0.000359813,133,mouse-tissues
N5H6F1,HexNAc(5)Hex(6)Fuc(1),-0.995858586,-1.19663698,-4.78654792,-0.127578766,4,serum
N5H6F1G1,,-7.67376669,-0.391832595,-14.10597343,-6.43E-05,36,mouse-tissues
N5H6F1G2,,8.095279572,0.413355596,3.720200366,1.70E-05,9,mouse-tissues
N5H6F1G3,,41.94586552,2.141810927,2.141810927,9.77E-06,1,mouse
N5H6F1S1,,-7.579358932,-0.387012011,-45.66741735,-0.000208286,118,mouse-tissues
N5H6F1S1,HexNAc(5)Hex(6)Fuc(1)NeuAc(1),-0.306666667,-0.368494763,-0.736989527,-0.019643429,2,serum
N5H6F1S1G1,,5.780521823,0.295161029,5.90322057,2.69E-05,20,mouse-tissues
N5H6F1S1G2,,36.89674422,1.883996169,15.07196935,6.87E-05,8,mouse-tissues
N5H6F1S1G3,,61.38395683,3.134345373,12.53738149,5.72E-05,4,mouse-tissues
N5H6F1S2,,5.308682577,0.271068298,8.132048926,3.71E-05,30,mouse-tissues
N5H6F1S2,HexNAc(5)Hex(6)Fuc(1)NeuAc(2),1.045454545,1.256232148,1.256232148,0.033483118,1,serum
N5H6F1S2G1,,37.78345518,1.929272794,9.646363971,4.40E-05,5,mouse-tissues
N5H6F1S2G2,,64.716324,3.304500413,6.609000826,3.01E-05,2,mouse-tissues
N5H6F1S3,,20.02186257,1.022342572,41.91604546,0.000191176,41,mouse-tissues
N5H6F1S4,,78.67014939,4.017001045,16.06800418,7.33E-05,4,mouse-tissues
N5H6F2,,-6.457121513,-0.329709096,-24.39847313,-0.00011128,74,mouse-tissues
N5H6F2S1,,6.838163125,0.349165581,12.9191265,5.89E-05,37,mouse-tissues
N5H6F2S1G1,,18.19328436,0.928972969,0.928972969,4.24E-06,1,mouse
N5H6F2S2,,16.22190446,0.828311725,9.939740705,4.53E-05,12,mouse-tissues
N5H6F2S3,,27.09046176,1.383274521,8.299647126,3.79E-05,6,mouse-tissues
N5H6F3,,-5.804663612,-0.29639374,-28.75019277,-0.000131127,97,mouse-tissues
N5H6F3G1,,-1.207927092,-0.061678342,-0.431748395,-1.97E-06,7,mouse-tissues
N5H6F3S1,,4.126299496,0.210694266,19.17317821,8.74E-05,91,mouse-tissues
N5H6F3S1G1,,44.02084318,2.247762009,24.7253821,0.000112771,11,mouse-tissues
N5H6F3S2,,19.69815972,1.00581388,13.07558044,5.96E-05,13,mouse-tissues
N5H6F4,,-7.453756597,-0.380598591,-43.00764083,-0.000196155,113,mouse-tissues
N5H6F4G3,,19.37067571,0.989092117,0.989092117,4.51E-06,1,mouse
N5H6F4S1,,16.05525747,0.819802511,11.47723516,5.23E-05,14,mouse-tissues
N5H6F5,,-10.26821564,-0.524308563,-0.524308563,-2.39E-06,1,mouse
N5H6G1,,-7.471977903,-0.381528995,-7.630579904,-3.48E-05,20,mouse-tissues
N5H6G2,,10.25521136,0.523644547,42.41520832,0.000193452,81,mouse-tissues
N5H6G3,,34.87366429,1.780695054,174.5081153,0.000795918,98,mouse-tissues
N5H6G4,,29.36909455,1.499624501,4.498873502,2.05E-05,3,mouse-tissues
N5H6S1,,-1.252621756,-0.06396051,-1.91881531,-8.75E-06,30,mouse-tissues
N5H6S1,HexNAc(5)Hex(6)NeuAc(1),0,-2.83E-16,-2.83E-16,-7.54E-18,1,serum
N5H6S1G2,,29.72161346,1.517624579,18.21149495,8.31E-05,12,mouse-tissues
N5H6S2,,11.45973384,0.585149046,2.340596182,1.07E-05,4,mouse-tissues
N5H6S2,HexNAc(5)Hex(6)NeuAc(2),1.105454545,1.328328949,1.328328949,0.035404758,1,serum
N5H6S2G1,,29.73553846,1.518335608,4.555006823,2.08E-05,3,mouse-tissues
N5H6S3,,41.58390899,2.123328952,33.97326324,0.000154949,16,mouse-tissues
N5H6S3,HexNAc(5)Hex(6)NeuAc(3),2.624688552,3.153860826,9.461582479,0.252185299,3,serum
N5H7F1,,-22.00139639,-1.123420166,-11.23420166,-5.12E-05,10,mouse-tissues
N5H7F2,,-4.187154948,-0.213801625,-1.282809752,-5.85E-06,6,mouse-tissues
N5H7F3,,-0.9811,-0.050096253,-0.050096253,-2.28E-07,1,mouse
N5H8,HexNAc(5)Hex(8),0,-2.83E-16,-2.83E-16,-7.54E-18,1,serum
N6H2F1S2,dHex(1)Hex(3)HexNAc(6),-799.9982362,-4.424253951,-8.848507901,-0.001033791,2,milk
N6H2F1S2Su1,dHex(1)Hex(3)HexNAc(6)Sulf(1),-105.0135154,-0.719703662,-2.159110985,-2.11E-05,3,mouse-brain
N6H2F2Su1,dHex(2)Hex(2)HexNAc(6)Sulf(1),-46.44717003,-0.256868161,-0.770604482,-9.00E-05,3,milk
N6H3,,2.439462226,0.124562142,1.743869987,7.95E-06,14,mouse-tissues
N6H3,Hex(3)HexNAc(6),128.0976119,0.877909096,1.755818191,1.71E-05,2,mouse-brain
N6H3F1,,-5.743502755,-0.293270786,-9.677935949,-4.41E-05,33,mouse-tissues
N6H3F1S1,,1.612714849,0.082347336,0.247042008,1.13E-06,3,mouse-tissues
N6H3F1S2,,24.06573269,1.228827886,13.51710675,6.17E-05,11,mouse-tissues
N6H3F1S2,Hex(3)HexNAc(6)NeuAc(2)Fuc(1),1.277159884,0.465133789,1.395401367,0.00110847,3,csf
N6H3F2,,-9.663382317,-0.49342498,-11.84219951,-5.40E-05,24,mouse-tissues
N6H3F2S1,,2.636781997,0.134637548,1.211737935,5.53E-06,9,mouse-tissues
N6H3F3,,-6.556188087,-0.334767566,-15.73407559,-7.18E-05,47,mouse-tissues
N6H4,Hex(4)HexNAc(6),-84.21884583,-0.577188674,-0.577188674,-5.64E-06,1,mouse-brain
N6H4,,-2.715866521,-0.138675708,-0.138675708,-6.32E-07,1,mouse
N6H4F1,,-9.977329713,-0.509455546,-16.30257746,-7.44E-05,32,mouse-tissues
N6H4F1S1,,5.790554619,0.295673316,3.252406478,1.48E-05,11,mouse-tissues
N6H4F1S2,,27.68786487,1.413778708,2.827557415,1.29E-05,2,mouse-tissues
N6H4F2,,-5.897326909,-0.301125249,-21.37989271,-9.75E-05,71,mouse-tissues
N6H4F3,,-2.400527418,-0.12257408,-1.838611193,-8.39E-06,15,mouse-tissues
N6H4S1,,7.148858919,0.365030116,1.460120464,6.66E-06,4,mouse-tissues
N6H5,,-4.595698414,-0.234662391,-2.581286298,-1.18E-05,11,mouse-tissues
N6H5F1,,-8.979047714,-0.458481957,-21.54865198,-9.83E-05,47,mouse-tissues
N6H5F1S1,,2.61895538,0.133727298,1.738454872,7.93E-06,13,mouse-tissues
N6H5F1S2,,16.32869234,0.833764455,8.337644548,3.80E-05,10,mouse-tissues
N6H5F1S3,,37.8612679,1.933246014,1.933246014,8.82E-06,1,mouse
N6H5F2,,-8.872851362,-0.453059432,-36.24475456,-0.00016531,80,mouse-tissues
N6H5F2S1,,3.059297061,0.156211722,5.623621985,2.56E-05,36,mouse-tissues
N6H5F2S2,,22.93507813,1.171095181,4.684380723,2.14E-05,4,mouse-tissues
N6H5F3,,-8.471814205,-0.432581949,-55.80307137,-0.000254513,129,mouse-tissues
N6H5F3G1,,-1.905342424,-0.097289284,-0.097289284,-4.44E-07,1,mouse
N6H5F3S1,,5.183214871,0.264661752,0.264661752,1.21E-06,1,mouse
N6H5F3S2,,-4.978532099,-0.254210381,-0.254210381,-1.16E-06,1,mouse
N6H5F4,,-6.604090445,-0.337213523,-3.034921706,-1.38E-05,9,mouse-tissues
N6H5S1,,-5.317838835,-0.271535828,-0.271535828,-1.24E-06,1,mouse
N6H5S2,,9.128967901,0.466137079,0.466137079,2.13E-06,1,mouse
N6H6,,-3.736743437,-0.190803023,-2.671242317,-1.22E-05,14,mouse-tissues
N6H6F1,,-8.625648279,-0.440436918,-16.73660289,-7.63E-05,38,mouse-tissues
N6H6F1S1,,3.187884356,0.162777558,0.162777558,7.42E-07,1,mouse
N6H6F1S3,,29.30012888,1.496103023,8.97661814,4.09E-05,6,mouse-tissues
N6H6F2,,-11.80074025,-0.60256128,-23.49988992,-0.000107181,39,mouse-tissues
N6H6F2G1,,2.675414229,0.136610161,0.409830482,1.87E-06,3,mouse-tissues
N6H6F2S1,,1.208537413,0.061709506,0.493676048,2.25E-06,8,mouse-tissues
N6H6F2S1G1,,9.592683843,0.489815023,0.489815023,2.23E-06,1,mouse
N6H6F2S2,,8.561741888,0.437173774,1.311521322,5.98E-06,3,mouse-tissues
N6H6F2S3,,17.53258254,0.895236668,2.685710003,1.22E-05,3,mouse-tissues
N6H6F3,,-7.612290355,-0.388693533,-37.31457917,-0.000170189,96,mouse-tissues
N6H6F3G1,,-2.393676157,-0.122224245,-0.611121226,-2.79E-06,5,mouse-tissues
N6H6F3S1,,3.940783827,0.201221593,5.634204593,2.57E-05,28,mouse-tissues
N6H6F3S2,,28.2601179,1.442998698,2.885997396,1.32E-05,2,mouse-tissues
N6H6F4,,-8.044368079,-0.410755989,-57.5058384,-0.00026228,140,mouse-tissues
N6H6F4S1,,12.55103382,0.640872254,6.408722541,2.92E-05,10,mouse-tissues
N6H6F5,,-11.40341564,-0.582273364,-0.582273364,-2.66E-06,1,mouse
N6H7,,-0.483102748,-0.02466786,-0.222010741,-1.01E-06,9,mouse-tissues
N6H7,Hex(7)HexNAc(6),1.456477564,0.530440187,0.530440187,0.000421368,1,csf
N6H7F1,,-10.16505814,-0.519041205,-21.79973062,-9.94E-05,42,mouse-tissues
N6H7F1G1,,-1.139116157,-0.058164766,-0.116329531,-5.31E-07,2,mouse-tissues
N6H7F1S1,,-0.745247375,-0.038053309,-0.60885294,-2.78E-06,16,mouse-tissues
N6H7F1S4,,44.8222232,2.288681524,6.866044573,3.13E-05,3,mouse-tissues
N6H7F2,,-8.593866986,-0.438814124,-3.071698866,-1.40E-05,7,mouse-tissues
N6H7F2S1,,4.645367056,0.237198537,1.42319122,6.49E-06,6,mouse-tissues
N6H7F2S2,,27.71649769,1.415240737,5.660962947,2.58E-05,4,mouse-tissues
N6H7F2S3,,19.45373436,0.9933332,1.9866664,9.06E-06,2,mouse-tissues
N6H7F2S4,,40.68718986,2.077541297,6.232623891,2.84E-05,3,mouse-tissues
N6H7F3,,-9.348818926,-0.47736296,-5.728355523,-2.61E-05,12,mouse-tissues
N6H7F3S1,,12.13372169,0.619563749,18.58691248,8.48E-05,30,mouse-tissues
N6H7F3S2,,17.53998803,0.895614802,2.686844405,1.23E-05,3,mouse-tissues
N6H7F4,,-13.46109756,-0.687341303,-3.436706513,-1.57E-05,5,mouse-tissues
N6H7F4S1,,5.164184317,0.263690027,2.636900268,1.20E-05,10,mouse-tissues
N6H7F4S1G1,,22.58888986,1.153418354,1.153418354,5.26E-06,1,mouse
N6H7F5,,-13.59421612,-0.694138511,-2.776554044,-1.27E-05,4,mouse-tissues
N6H7F5S1,,6.009787109,0.306867615,0.61373523,2.80E-06,2,mouse-tissues
N6H7F6,,-8.433215644,-0.430611055,-0.861222111,-3.93E-06,2,mouse-tissues
N7H3,Hex(3)HexNAc(7),-18.40168,-0.126114781,-0.126114781,-1.23E-06,1,mouse-brain
N7H4F1,,-5.064366521,-0.258593199,-0.258593199,-1.18E-06,1,mouse
N7H4F1S1,,3.442534568,0.175780332,0.527340995,2.41E-06,3,mouse-tissues
N7H4S1,,9.828391264,0.501850553,1.003701106,4.58E-06,2,mouse-tissues
N7H5F1,,0.541041606,0.027626294,0.055252589,2.52E-07,2,mouse-tissues
N7H5F1S1,,6.711113918,0.342678282,1.713391409,7.81E-06,5,mouse-tissues
N7H5F1S2,,19.52803421,0.997127048,0.997127048,4.55E-06,1,mouse
N7H5F2,,-3.86742777,-0.197475936,-1.184855617,-5.40E-06,6,mouse-tissues
N7H6,,1.021489508,0.052158595,0.365110162,1.67E-06,7,mouse-tissues
N7H6F1,,-2.211976676,-0.112946431,-2.823660782,-1.29E-05,25,mouse-tissues
N7H6F1S1,,0.671633479,0.034294487,0.034294487,1.56E-07,1,mouse
N7H6F1S3,,24.07838986,1.229474178,1.229474178,5.61E-06,1,mouse
N7H6F2,,-2.776840368,-0.141789112,-2.83578225,-1.29E-05,20,mouse-tissues
N7H6F2S1,,4.601909211,0.234979522,0.939918089,4.29E-06,4,mouse-tissues
N7H6F2S2,,20.56423421,1.05003678,5.250183898,2.39E-05,5,mouse-tissues
N7H6F3S1,,0.702323123,0.03586154,0.143446161,6.54E-07,4,mouse-tissues
N7H6F4,,-23.1035875,-1.17969949,-2.359398981,-1.08E-05,2,mouse-tissues
N7H6F4S1,,7.967489862,0.406830486,0.406830486,1.86E-06,1,mouse
N7H7,,-1.420680788,-0.072541825,-1.233211025,-5.62E-06,17,mouse-tissues
N7H7F1,,-4.003221434,-0.204409739,-3.679375297,-1.68E-05,18,mouse-tissues
N7H7F2,,-6.609248283,-0.337476889,-8.099445333,-3.69E-05,24,mouse-tissues
N7H7F3,,-15.07900167,-0.769953609,-13.08921135,-5.97E-05,17,mouse-tissues
N7H7F4,,-13.10600347,-0.669209733,-3.346048664,-1.53E-05,5,mouse-tissues
N7H8,Hex(8)HexNAc(7),2.644290213,0.963034261,0.963034261,0.000765009,1,csf
N8H4,Hex(4)HexNAc(8),-0.049337822,-0.017968532,-0.053905596,-4.28E-05,3,csf
N8H9F1S1,,21.68288986,1.107156805,1.107156805,5.05E-06,1,mouse