ProteinID,Site,glytoucan_ac,composition,Peptide,Start,End,Length,Sequon,GlycopeptideMass,PeptideMass,glycan_mass,Hydrophobicity,pI,Protease,GlycosylationType,MissedCleavages,Species,TaxonID,GeneName,ProteinEvidence,SequenceVersion,z2,z3,z4,z5,z6
sp|Q108U0|CFTR_LOXAF,48,G62765YT,HexNAc(2)Hex(8),LSDIYQIPSVDSADNLSEK,34,53,19,NLSE,3795.5977774082803,2093.01644440828,1702.581333,-0.44,4.05,trypsin,N,0,Loxodonta africana,9785,CFTR,3,1,1898.8061647041402,1266.2065351360934,949.9067203520701,760.126831481656,633.6069055680467
sp|Q108U0|CFTR_LOXAF,48,G31852PQ,HexNAc(2)Hex(7),LSDIYQIPSVDSADNLSEK,34,53,19,NLSE,3633.5449544082803,2093.01644440828,1540.52851,-0.44,4.05,trypsin,N,0,Loxodonta africana,9785,CFTR,3,1,1817.7797532041402,1212.1889274694267,909.3935146020701,727.7162668816561,606.5981017347134
sp|Q108U0|CFTR_LOXAF,48,G41247ZX,HexNAc(2)Hex(6),LSDIYQIPSVDSADNLSEK,34,53,19,NLSE,3471.49213040828,2093.01644440828,1378.475686,-0.44,4.05,trypsin,N,0,Loxodonta africana,9785,CFTR,3,1,1736.75334120414,1158.1713194694266,868.88030860207,695.305702081656,579.5892977347133
sp|Q108U0|CFTR_LOXAF,386,G62765YT,HexNAc(2)Hex(8),TLEYNLTTTDVVMENVTAFWEEGFGELFEK,382,412,30,NLTT,5214.2194525042605,3511.6381195042604,1702.581333,-0.19,4.05,trypsin,N,0,Loxodonta africana,9785,CFTR,3,1,2608.11700225213,1739.0804268347536,1304.5621391260652,1043.851166500852,870.0438514173767
sp|Q108U0|CFTR_LOXAF,386,G31852PQ,HexNAc(2)Hex(7),TLEYNLTTTDVVMENVTAFWEEGFGELFEK,382,412,30,NLTT,5052.1666295042605,3511.6381195042604,1540.52851,-0.19,4.05,trypsin,N,0,Loxodonta africana,9785,CFTR,3,1,2527.09059075213,1685.062819168087,1264.0489333760652,1011.440601900852,843.0350475840434
sp|Q108U0|CFTR_LOXAF,386,G41247ZX,HexNAc(2)Hex(6),TLEYNLTTTDVVMENVTAFWEEGFGELFEK,382,412,30,NLTT,4890.11380550426,3511.6381195042604,1378.475686,-0.19,4.05,trypsin,N,0,Loxodonta africana,9785,CFTR,3,1,2446.06417875213,1631.0452111680868,1223.535727376065,979.0300371008519,816.0262435840433
sp|Q108U0|CFTR_LOXAF,396,G62765YT,HexNAc(2)Hex(8),TLEYNLTTTDVVMENVTAFWEEGFGELFEK,382,412,30,NVTA,5214.2194525042605,3511.6381195042604,1702.581333,-0.19,4.05,trypsin,N,0,Loxodonta africana,9785,CFTR,3,1,2608.11700225213,1739.0804268347536,1304.5621391260652,1043.851166500852,870.0438514173767
sp|Q108U0|CFTR_LOXAF,396,G31852PQ,HexNAc(2)Hex(7),TLEYNLTTTDVVMENVTAFWEEGFGELFEK,382,412,30,NVTA,5052.1666295042605,3511.6381195042604,1540.52851,-0.19,4.05,trypsin,N,0,Loxodonta africana,9785,CFTR,3,1,2527.09059075213,1685.062819168087,1264.0489333760652,1011.440601900852,843.0350475840434
sp|Q108U0|CFTR_LOXAF,396,G41247ZX,HexNAc(2)Hex(6),TLEYNLTTTDVVMENVTAFWEEGFGELFEK,382,412,30,NVTA,4890.11380550426,3511.6381195042604,1378.475686,-0.19,4.05,trypsin,N,0,Loxodonta africana,9785,CFTR,3,1,2446.06417875213,1631.0452111680868,1223.535727376065,979.0300371008519,816.0262435840433
sp|Q108U0|CFTR_LOXAF,432,G62765YT,HexNAc(2)Hex(8),EISNGDNSLFFSNFSLLGAPVLK,420,443,23,NFSL,4170.84007336231,2468.25874036231,1702.581333,0.31,4.37,trypsin,N,0,Loxodonta africana,9785,CFTR,3,1,2086.427312681155,1391.2873004541034,1043.7172943405776,835.175290672462,696.1472882270517
sp|Q108U0|CFTR_LOXAF,432,G31852PQ,HexNAc(2)Hex(7),EISNGDNSLFFSNFSLLGAPVLK,420,443,23,NFSL,4008.7872503623103,2468.25874036231,1540.52851,0.31,4.37,trypsin,N,0,Loxodonta africana,9785,CFTR,3,1,2005.4009011811552,1337.2696927874367,1003.2040885905776,802.764726072462,669.1384843937184
sp|Q108U0|CFTR_LOXAF,432,G41247ZX,HexNAc(2)Hex(6),EISNGDNSLFFSNFSLLGAPVLK,420,443,23,NFSL,3846.73442636231,2468.25874036231,1378.475686,0.31,4.37,trypsin,N,0,Loxodonta africana,9785,CFTR,3,1,1924.374489181155,1283.2520847874366,962.6908825905775,770.354161272462,642.1296803937183
sp|Q108U0|CFTR_LOXAF,679,G62765YT,HexNAc(2)Hex(8),FSLEGDTVSWNETK,669,683,14,NETK,3314.3229995575102,1611.74166655751,1702.581333,-0.81,4.14,trypsin,N,0,Loxodonta africana,9785,CFTR,3,1,1658.1687757787552,1105.7816091858367,829.5880258893776,663.871875911502,553.3944425929184
sp|Q108U0|CFTR_LOXAF,679,G31852PQ,HexNAc(2)Hex(7),FSLEGDTVSWNETK,669,683,14,NETK,3152.2701765575102,1611.74166655751,1540.52851,-0.81,4.14,trypsin,N,0,Loxodonta africana,9785,CFTR,3,1,1577.1423642787552,1051.76400151917,789.0748201393776,631.4613113115021,526.385638759585
sp|Q108U0|CFTR_LOXAF,679,G41247ZX,HexNAc(2)Hex(6),FSLEGDTVSWNETK,669,683,14,NETK,2990.21735255751,1611.74166655751,1378.475686,-0.81,4.14,trypsin,N,0,Loxodonta africana,9785,CFTR,3,1,1496.115952278755,997.7463935191699,748.5616141393775,599.050746511502,499.37683475958494
sp|Q108U0|CFTR_LOXAF,801,G62765YT,HexNAc(2)Hex(8),MSLAPQANLTEMDIYSR,794,811,17,NLTE,3641.4992667506604,1938.91793375066,1702.581333,-0.25,4.37,trypsin,N,0,Loxodonta africana,9785,CFTR,3,1,1821.7569093753302,1214.8403649168868,911.3820926876651,729.3071293501321,607.9238204584434
sp|Q108U0|CFTR_LOXAF,801,G31852PQ,HexNAc(2)Hex(7),MSLAPQANLTEMDIYSR,794,811,17,NLTE,3479.4464437506604,1938.91793375066,1540.52851,-0.25,4.37,trypsin,N,0,Loxodonta africana,9785,CFTR,3,1,1740.7304978753302,1160.82275725022,870.8688869376651,696.896564750132,580.9150166251101
sp|Q108U0|CFTR_LOXAF,801,G41247ZX,HexNAc(2)Hex(6),MSLAPQANLTEMDIYSR,794,811,17,NLTE,3317.39361975066,1938.91793375066,1378.475686,-0.25,4.37,trypsin,N,0,Loxodonta africana,9785,CFTR,3,1,1659.70408587533,1106.80514925022,830.355680937665,664.485999950132,553.90621262511
sp|Q108U0|CFTR_LOXAF,894,G62765YT,HexNAc(2)Hex(8),GNNTTVNANSSYGVIVTNTSSYYLLYIYVGIADSLFALAIFR,893,935,42,NNTT,6266.897929090101,4564.316596090101,1702.581333,0.54,5.83,trypsin,N,0,Loxodonta africana,9785,CFTR,3,1,3134.45624054505,2089.973252363367,1567.7317582725252,1254.38686181802,1045.4902641816834
sp|Q108U0|CFTR_LOXAF,894,G31852PQ,HexNAc(2)Hex(7),GNNTTVNANSSYGVIVTNTSSYYLLYIYVGIADSLFALAIFR,893,935,42,NNTT,6104.845106090101,4564.316596090101,1540.52851,0.54,5.83,trypsin,N,0,Loxodonta africana,9785,CFTR,3,1,3053.42982904505,2035.9556446967001,1527.2185525225252,1221.9762972180201,1018.4814603483501
sp|Q108U0|CFTR_LOXAF,894,G41247ZX,HexNAc(2)Hex(6),GNNTTVNANSSYGVIVTNTSSYYLLYIYVGIADSLFALAIFR,893,935,42,NNTT,5942.7922820901,4564.316596090101,1378.475686,0.54,5.83,trypsin,N,0,Loxodonta africana,9785,CFTR,3,1,2972.40341704505,1981.9380366967,1486.7053465225251,1189.56573241802,991.47265634835
sp|Q108U0|CFTR_LOXAF,901,G62765YT,HexNAc(2)Hex(8),GNNTTVNANSSYGVIVTNTSSYYLLYIYVGIADSLFALAIFR,893,935,42,NSSY,6266.897929090101,4564.316596090101,1702.581333,0.54,5.83,trypsin,N,0,Loxodonta africana,9785,CFTR,3,1,3134.45624054505,2089.973252363367,1567.7317582725252,1254.38686181802,1045.4902641816834
sp|Q108U0|CFTR_LOXAF,901,G31852PQ,HexNAc(2)Hex(7),GNNTTVNANSSYGVIVTNTSSYYLLYIYVGIADSLFALAIFR,893,935,42,NSSY,6104.845106090101,4564.316596090101,1540.52851,0.54,5.83,trypsin,N,0,Loxodonta africana,9785,CFTR,3,1,3053.42982904505,2035.9556446967001,1527.2185525225252,1221.9762972180201,1018.4814603483501
sp|Q108U0|CFTR_LOXAF,901,G41247ZX,HexNAc(2)Hex(6),GNNTTVNANSSYGVIVTNTSSYYLLYIYVGIADSLFALAIFR,893,935,42,NSSY,5942.7922820901,4564.316596090101,1378.475686,0.54,5.83,trypsin,N,0,Loxodonta africana,9785,CFTR,3,1,2972.40341704505,1981.9380366967,1486.7053465225251,1189.56573241802,991.47265634835
sp|Q108U0|CFTR_LOXAF,910,G62765YT,HexNAc(2)Hex(8),GNNTTVNANSSYGVIVTNTSSYYLLYIYVGIADSLFALAIFR,893,935,42,NTSS,6266.897929090101,4564.316596090101,1702.581333,0.54,5.83,trypsin,N,0,Loxodonta africana,9785,CFTR,3,1,3134.45624054505,2089.973252363367,1567.7317582725252,1254.38686181802,1045.4902641816834
sp|Q108U0|CFTR_LOXAF,910,G31852PQ,HexNAc(2)Hex(7),GNNTTVNANSSYGVIVTNTSSYYLLYIYVGIADSLFALAIFR,893,935,42,NTSS,6104.845106090101,4564.316596090101,1540.52851,0.54,5.83,trypsin,N,0,Loxodonta africana,9785,CFTR,3,1,3053.42982904505,2035.9556446967001,1527.2185525225252,1221.9762972180201,1018.4814603483501
sp|Q108U0|CFTR_LOXAF,910,G41247ZX,HexNAc(2)Hex(6),GNNTTVNANSSYGVIVTNTSSYYLLYIYVGIADSLFALAIFR,893,935,42,NTSS,5942.7922820901,4564.316596090101,1378.475686,0.54,5.83,trypsin,N,0,Loxodonta africana,9785,CFTR,3,1,2972.40341704505,1981.9380366967,1486.7053465225251,1189.56573241802,991.47265634835
sp|Q108U0|CFTR_LOXAF,1149,G62765YT,HexNAc(2)Hex(8),IEIIFVIFFIAVTFVSILTTGEGEGTIGIILTLAMNIMNTLQWAVNSSIDVDSLMR,1104,1160,56,NSSI,7831.83493105134,6129.25359805134,1702.581333,1.18,4.05,trypsin,N,0,Loxodonta africana,9785,CFTR,3,1,3916.92474152567,2611.61891968378,1958.9660087628351,1567.374262210268,1306.31309784189
sp|Q108U0|CFTR_LOXAF,1149,G31852PQ,HexNAc(2)Hex(7),IEIIFVIFFIAVTFVSILTTGEGEGTIGIILTLAMNIMNTLQWAVNSSIDVDSLMR,1104,1160,56,NSSI,7669.78210805134,6129.25359805134,1540.52851,1.18,4.05,trypsin,N,0,Loxodonta africana,9785,CFTR,3,1,3835.89833002567,2557.6013120171133,1918.4528030128351,1534.963697610268,1279.3042940085568
sp|Q108U0|CFTR_LOXAF,1149,G41247ZX,HexNAc(2)Hex(6),IEIIFVIFFIAVTFVSILTTGEGEGTIGIILTLAMNIMNTLQWAVNSSIDVDSLMR,1104,1160,56,NSSI,7507.72928405134,6129.25359805134,1378.475686,1.18,4.05,trypsin,N,0,Loxodonta africana,9785,CFTR,3,1,3754.87191802567,2503.583704017113,1877.939597012835,1502.553132810268,1252.2954900085567
sp|Q108U0|CFTR_LOXAF,1231,G62765YT,HexNAc(2)Hex(8),YIDGGNAILENISFSISPGQR,1221,1242,21,NISF,3952.70939354593,2250.12806054593,1702.581333,-0.1,4.37,trypsin,N,0,Loxodonta africana,9785,CFTR,3,1,1977.3619727729651,1318.5770738486433,989.1846243864826,791.549154709186,659.7921749243217
sp|Q108U0|CFTR_LOXAF,1231,G31852PQ,HexNAc(2)Hex(7),YIDGGNAILENISFSISPGQR,1221,1242,21,NISF,3790.65657054593,2250.12806054593,1540.52851,-0.1,4.37,trypsin,N,0,Loxodonta africana,9785,CFTR,3,1,1896.3355612729652,1264.5594661819766,948.6714186364826,759.138590109186,632.7833710909883
sp|Q108U0|CFTR_LOXAF,1231,G41247ZX,HexNAc(2)Hex(6),YIDGGNAILENISFSISPGQR,1221,1242,21,NISF,3628.6037465459303,2250.12806054593,1378.475686,-0.1,4.37,trypsin,N,0,Loxodonta africana,9785,CFTR,3,1,1815.3091492729652,1210.5418581819767,908.1582126364826,726.728025309186,605.7745670909884
sp|Q108U0|CFTR_LOXAF,1456,G62765YT,HexNAc(2)Hex(8),NSSR,1456,1460,4,NSSR,2164.79999295698,462.21865995698,1702.581333,-2.4,9.75,trypsin,N,0,Loxodonta africana,9785,CFTR,3,1,1083.40727247849,722.6072736523266,542.2072742392451,433.967274591396,361.80727482616334
sp|Q108U0|CFTR_LOXAF,1456,G31852PQ,HexNAc(2)Hex(7),NSSR,1456,1460,4,NSSR,2002.74716995698,462.21865995698,1540.52851,-2.4,9.75,trypsin,N,0,Loxodonta africana,9785,CFTR,3,1,1002.3808609784901,668.58966598566,501.694068489245,401.556709991396,334.79847099283
sp|Q108U0|CFTR_LOXAF,1456,G41247ZX,HexNAc(2)Hex(6),NSSR,1456,1460,4,NSSR,1840.69434595698,462.21865995698,1378.475686,-2.4,9.75,trypsin,N,0,Loxodonta africana,9785,CFTR,3,1,921.35444897849,614.57205798566,461.180862489245,369.146145191396,307.78966699283
sp|Q108U2|WNT2_LOXAF,295,G62765YT,HexNAc(2)Hex(8),VCNLTSR,293,300,7,NLTS,2493.9773056959502,791.39597269595,1702.581333,0.14,8.22,trypsin,N,0,Loxodonta africana,9785,WNT2,3,1,1247.9959288479752,832.3330445653168,624.5016024239876,499.80273713919007,416.67016028265834
sp|Q108U2|WNT2_LOXAF,295,G31852PQ,HexNAc(2)Hex(7),VCNLTSR,293,300,7,NLTS,2331.9244826959502,791.39597269595,1540.52851,0.14,8.22,trypsin,N,0,Loxodonta africana,9785,WNT2,3,1,1166.9695173479752,778.3154368986501,583.9883966739876,467.39217253919,389.661356449325
sp|Q108U2|WNT2_LOXAF,295,G41247ZX,HexNAc(2)Hex(6),VCNLTSR,293,300,7,NLTS,2169.87165869595,791.39597269595,1378.475686,0.14,8.22,trypsin,N,0,Loxodonta africana,9785,WNT2,3,1,1085.943105347975,724.29782889865,543.4751906739875,434.98160773919,362.65255244932496
sp|Q108U6|MET_LOXAF,45,G62765YT,HexNAc(2)Hex(8),YQLPNFTADTPIQNVVLHEHHIFLGAINNIYVLNDK,41,77,36,NFTA,5862.7296819965395,4160.148348996539,1702.581333,-0.03,5.73,trypsin,N,0,Loxodonta africana,9785,MET,3,1,2932.3721169982696,1955.2505033321797,1466.689696499135,1173.5532123993078,978.1288896660899
sp|Q108U6|MET_LOXAF,45,G31852PQ,HexNAc(2)Hex(7),YQLPNFTADTPIQNVVLHEHHIFLGAINNIYVLNDK,41,77,36,NFTA,5700.6768589965395,4160.148348996539,1540.52851,-0.03,5.73,trypsin,N,0,Loxodonta africana,9785,MET,3,1,2851.3457054982696,1901.232895665513,1426.176490749135,1141.1426477993077,951.1200858327566
sp|Q108U6|MET_LOXAF,45,G41247ZX,HexNAc(2)Hex(6),YQLPNFTADTPIQNVVLHEHHIFLGAINNIYVLNDK,41,77,36,NFTA,5538.624034996539,4160.148348996539,1378.475686,-0.03,5.73,trypsin,N,0,Loxodonta africana,9785,MET,3,1,2770.3192934982694,1847.215287665513,1385.6632847491348,1108.7320829993077,924.1112818327565
sp|Q108U6|MET_LOXAF,106,G62765YT,HexNAc(2)Hex(8),ANLSGSVWK,105,114,9,NLSG,2663.08421329264,960.50288029264,1702.581333,-0.06,8.8,trypsin,N,0,Loxodonta africana,9785,MET,3,1,1332.54938264632,888.7020137642133,666.77832932316,533.624118658528,444.85464488210664
sp|Q108U6|MET_LOXAF,106,G31852PQ,HexNAc(2)Hex(7),ANLSGSVWK,105,114,9,NLSG,2501.03139029264,960.50288029264,1540.52851,-0.06,8.8,trypsin,N,0,Loxodonta africana,9785,MET,3,1,1251.52297114632,834.6844060975467,626.26512357316,501.213554058528,417.8458410487733
sp|Q108U6|MET_LOXAF,106,G41247ZX,HexNAc(2)Hex(6),ANLSGSVWK,105,114,9,NLSG,2338.97856629264,960.50288029264,1378.475686,-0.06,8.8,trypsin,N,0,Loxodonta africana,9785,MET,3,1,1170.4965591463201,780.6667980975467,585.7519175731601,468.80298925852804,390.8370370487733
sp|Q108U6|MET_LOXAF,203,G62765YT,HexNAc(2)Hex(8),FINFFVGNTVNSSYLPDHSLHSISVR,193,219,26,NSSY,4652.05867374964,2949.47734074964,1702.581333,0.18,6.92,trypsin,N,0,Loxodonta africana,9785,MET,3,1,2327.0366128748196,1551.693500583213,1164.02194443741,931.4190107499278,776.3503882916066
sp|Q108U6|MET_LOXAF,203,G31852PQ,HexNAc(2)Hex(7),FINFFVGNTVNSSYLPDHSLHSISVR,193,219,26,NSSY,4490.00585074964,2949.47734074964,1540.52851,0.18,6.92,trypsin,N,0,Loxodonta africana,9785,MET,3,1,2246.0102013748196,1497.6758929165464,1123.50873868741,899.0084461499279,749.3415844582732
sp|Q108U6|MET_LOXAF,203,G41247ZX,HexNAc(2)Hex(6),FINFFVGNTVNSSYLPDHSLHSISVR,193,219,26,NSSY,4327.95302674964,2949.47734074964,1378.475686,0.18,6.92,trypsin,N,0,Loxodonta africana,9785,MET,3,1,2164.98378937482,1443.6582849165468,1082.99553268741,866.597881349928,722.3327804582733
sp|Q108U6|MET_LOXAF,406,G62765YT,HexNAc(2)Hex(8),NSSGCEVR,406,414,8,NSSG,2552.94164846322,850.36031546322,1702.581333,-0.85,5.99,trypsin,N,0,Loxodonta africana,9785,MET,3,1,1277.4781002316101,851.98782548774,639.2426881158051,511.595605692644,426.49755074387
sp|Q108U6|MET_LOXAF,406,G31852PQ,HexNAc(2)Hex(7),NSSGCEVR,406,414,8,NSSG,2390.88882546322,850.36031546322,1540.52851,-0.85,5.99,trypsin,N,0,Loxodonta africana,9785,MET,3,1,1196.4516887316101,797.9702178210733,598.7294823658051,479.18504109264404,399.4887469105367
sp|Q108U6|MET_LOXAF,406,G41247ZX,HexNAc(2)Hex(6),NSSGCEVR,406,414,8,NSSG,2228.83600146322,850.36031546322,1378.475686,-0.85,5.99,trypsin,N,0,Loxodonta africana,9785,MET,3,1,1115.42527673161,743.9526098210732,558.216276365805,446.77447629264395,372.47994291053664
sp|Q108U6|MET_LOXAF,450,G62765YT,HexNAc(2)Hex(8),GNLTIANLGTSEGR,449,463,14,NLTI,3104.30253889645,1401.72120589645,1702.581333,-0.32,6.0,trypsin,N,0,Loxodonta africana,9785,MET,3,1,1553.1585454482251,1035.7747889654834,777.0829107241126,621.86778377929,518.3910324827417
sp|Q108U6|MET_LOXAF,450,G31852PQ,HexNAc(2)Hex(7),GNLTIANLGTSEGR,449,463,14,NLTI,2942.24971589645,1401.72120589645,1540.52851,-0.32,6.0,trypsin,N,0,Loxodonta africana,9785,MET,3,1,1472.1321339482251,981.7571812988167,736.5697049741126,589.4572191792901,491.3822286494083
sp|Q108U6|MET_LOXAF,450,G41247ZX,HexNAc(2)Hex(6),GNLTIANLGTSEGR,449,463,14,NLTI,2780.1968918964503,1401.72120589645,1378.475686,-0.32,6.0,trypsin,N,0,Loxodonta africana,9785,MET,3,1,1391.1057219482252,927.7395732988167,696.0564989741126,557.0466543792901,464.3734246494084
sp|Q108U6|MET_LOXAF,608,G62765YT,HexNAc(2)Hex(8),VLIGNDSCTLTLSESTTNTLK,604,625,21,NDSC,3911.69611155056,2209.11477855056,1702.581333,0.1,4.37,trypsin,N,0,Loxodonta africana,9785,MET,3,1,1956.85533177528,1304.9059798501867,978.9313038876401,783.346498310112,652.9566279250934
sp|Q108U6|MET_LOXAF,608,G31852PQ,HexNAc(2)Hex(7),VLIGNDSCTLTLSESTTNTLK,604,625,21,NDSC,3749.64328855056,2209.11477855056,1540.52851,0.1,4.37,trypsin,N,0,Loxodonta africana,9785,MET,3,1,1875.82892027528,1250.88837218352,938.4180981376401,750.9359337101121,625.94782409176
sp|Q108U6|MET_LOXAF,608,G41247ZX,HexNAc(2)Hex(6),VLIGNDSCTLTLSESTTNTLK,604,625,21,NDSC,3587.59046455056,2209.11477855056,1378.475686,0.1,4.37,trypsin,N,0,Loxodonta africana,9785,MET,3,1,1794.80250827528,1196.87076418352,897.90489213764,718.525368910112,598.93902009176
sp|Q108U6|MET_LOXAF,636,G62765YT,HexNAc(2)Hex(8),HFNLSIIISNGR,634,646,12,NLSI,3072.32796579865,1369.74663279865,1702.581333,0.28,9.76,trypsin,N,0,Loxodonta africana,9785,MET,3,1,1537.171258899325,1025.1165979328832,769.0892674496625,615.47286915973,513.0619369664416
sp|Q108U6|MET_LOXAF,636,G31852PQ,HexNAc(2)Hex(7),HFNLSIIISNGR,634,646,12,NLSI,2910.27514279865,1369.74663279865,1540.52851,0.28,9.76,trypsin,N,0,Loxodonta africana,9785,MET,3,1,1456.144847399325,971.0989902662167,728.5760616996625,583.06230455973,486.0531331331083
sp|Q108U6|MET_LOXAF,636,G41247ZX,HexNAc(2)Hex(6),HFNLSIIISNGR,634,646,12,NLSI,2748.22231879865,1369.74663279865,1378.475686,0.28,9.76,trypsin,N,0,Loxodonta africana,9785,MET,3,1,1375.118435399325,917.0813822662167,688.0628556996626,550.65173975973,459.0443291331083
sp|Q108U6|MET_LOXAF,786,G62765YT,HexNAc(2)Hex(8),NFTVACQHR,786,795,9,NFTV,2777.08423037598,1074.50289737598,1702.581333,-0.46,8.26,trypsin,N,0,Loxodonta africana,9785,MET,3,1,1389.54939118799,926.70201945866,695.2783335939951,556.424122075196,463.85464772933
sp|Q108U6|MET_LOXAF,786,G31852PQ,HexNAc(2)Hex(7),NFTVACQHR,786,795,9,NFTV,2615.03140737598,1074.50289737598,1540.52851,-0.46,8.26,trypsin,N,0,Loxodonta africana,9785,MET,3,1,1308.52297968799,872.6844117919933,654.7651278439951,524.013557475196,436.84584389599667
sp|Q108U6|MET_LOXAF,786,G41247ZX,HexNAc(2)Hex(6),NFTVACQHR,786,795,9,NFTV,2452.9785833759797,1074.50289737598,1378.475686,-0.46,8.26,trypsin,N,0,Loxodonta africana,9785,MET,3,1,1227.49656768799,818.6668037919932,614.251921843995,491.60299267519594,409.8370398959966
sp|Q108U6|MET_LOXAF,931,G62765YT,HexNAc(2)Hex(8),VIVQPDQNFTGLIVGVVSISIILLLLLGLFLWLK,924,958,34,NFTG,5435.83788248135,3733.25654948135,1702.581333,1.75,5.81,trypsin,N,0,Loxodonta africana,9785,MET,3,1,2718.9262172406748,1812.9532368271166,1359.9667466203375,1088.17485249627,906.9802564135583
sp|Q108U6|MET_LOXAF,931,G31852PQ,HexNAc(2)Hex(7),VIVQPDQNFTGLIVGVVSISIILLLLLGLFLWLK,924,958,34,NFTG,5273.78505948135,3733.25654948135,1540.52851,1.75,5.81,trypsin,N,0,Loxodonta africana,9785,MET,3,1,2637.8998057406748,1758.93562916045,1319.4535408703375,1055.76428789627,879.971452580225
sp|Q108U6|MET_LOXAF,931,G41247ZX,HexNAc(2)Hex(6),VIVQPDQNFTGLIVGVVSISIILLLLLGLFLWLK,924,958,34,NFTG,5111.73223548135,3733.25654948135,1378.475686,1.75,5.81,trypsin,N,0,Loxodonta africana,9785,MET,3,1,2556.8733937406746,1704.9180211604498,1278.9403348703374,1023.3537230962698,852.9626485802249
sp|Q108U6|MET_LOXAF,999,G62765YT,HexNAc(2)Hex(8),SVSPTTEMVSNESVDYR,989,1006,17,NESV,3602.4333549354697,1899.8520219354696,1702.581333,-0.68,4.14,trypsin,N,0,Loxodonta africana,9785,MET,3,1,1802.2239534677349,1201.818394311823,901.6156147338675,721.493946987094,601.4128351559116
sp|Q108U6|MET_LOXAF,999,G31852PQ,HexNAc(2)Hex(7),SVSPTTEMVSNESVDYR,989,1006,17,NESV,3440.3805319354697,1899.8520219354696,1540.52851,-0.68,4.14,trypsin,N,0,Loxodonta africana,9785,MET,3,1,1721.1975419677349,1147.8007866451564,861.1024089838675,689.0833823870939,574.4040313225782
sp|Q108U6|MET_LOXAF,999,G41247ZX,HexNAc(2)Hex(6),SVSPTTEMVSNESVDYR,989,1006,17,NESV,3278.3277079354693,1899.8520219354696,1378.475686,-0.68,4.14,trypsin,N,0,Loxodonta africana,9785,MET,3,1,1640.1711299677347,1093.7831786451563,820.5892029838674,656.6728175870938,547.3952273225782
sp|Q108U6|MET_LOXAF,1015,G62765YT,HexNAc(2)Hex(8),ATFPEDQFPNSSQNGSCR,1006,1024,18,NSSQ,3686.41943620683,1983.83810320683,1702.581333,-1.24,4.37,trypsin,N,0,Loxodonta africana,9785,MET,3,1,1844.2169941034151,1229.81375473561,922.6121350517076,738.291163241366,615.410515367805
sp|Q108U6|MET_LOXAF,1015,G31852PQ,HexNAc(2)Hex(7),ATFPEDQFPNSSQNGSCR,1006,1024,18,NSSQ,3524.36661320683,1983.83810320683,1540.52851,-1.24,4.37,trypsin,N,0,Loxodonta africana,9785,MET,3,1,1763.1905826034151,1175.7961470689434,882.0989293017076,705.8805986413661,588.4017115344717
sp|Q108U6|MET_LOXAF,1015,G41247ZX,HexNAc(2)Hex(6),ATFPEDQFPNSSQNGSCR,1006,1024,18,NSSQ,3362.31378920683,1983.83810320683,1378.475686,-1.24,4.37,trypsin,N,0,Loxodonta africana,9785,MET,3,1,1682.164170603415,1121.7785390689432,841.5857233017075,673.470033841366,561.3929075344716
sp|Q108U6|MET_LOXAF,1019,G62765YT,HexNAc(2)Hex(8),ATFPEDQFPNSSQNGSCR,1006,1024,18,NGSC,3686.41943620683,1983.83810320683,1702.581333,-1.24,4.37,trypsin,N,0,Loxodonta africana,9785,MET,3,1,1844.2169941034151,1229.81375473561,922.6121350517076,738.291163241366,615.410515367805
sp|Q108U6|MET_LOXAF,1019,G31852PQ,HexNAc(2)Hex(7),ATFPEDQFPNSSQNGSCR,1006,1024,18,NGSC,3524.36661320683,1983.83810320683,1540.52851,-1.24,4.37,trypsin,N,0,Loxodonta africana,9785,MET,3,1,1763.1905826034151,1175.7961470689434,882.0989293017076,705.8805986413661,588.4017115344717
sp|Q108U6|MET_LOXAF,1019,G41247ZX,HexNAc(2)Hex(6),ATFPEDQFPNSSQNGSCR,1006,1024,18,NGSC,3362.31378920683,1983.83810320683,1378.475686,-1.24,4.37,trypsin,N,0,Loxodonta africana,9785,MET,3,1,1682.164170603415,1121.7785390689432,841.5857233017075,673.470033841366,561.3929075344716
sp|Q108U6|MET_LOXAF,1172,G62765YT,HexNAc(2)Hex(8),NETHNPTVK,1172,1181,9,NETH,2741.09075522506,1038.50942222506,1702.581333,-1.82,6.75,trypsin,N,0,Loxodonta africana,9785,MET,3,1,1371.55265361253,914.7041944083534,686.2799648062651,549.225427045012,457.85573520417665
sp|Q108U6|MET_LOXAF,1172,G31852PQ,HexNAc(2)Hex(7),NETHNPTVK,1172,1181,9,NETH,2579.03793222506,1038.50942222506,1540.52851,-1.82,6.75,trypsin,N,0,Loxodonta africana,9785,MET,3,1,1290.52624211253,860.6865867416867,645.7667590562651,516.8148624450121,430.8469313708433
sp|Q108U6|MET_LOXAF,1172,G41247ZX,HexNAc(2)Hex(6),NETHNPTVK,1172,1181,9,NETH,2416.98510822506,1038.50942222506,1378.475686,-1.82,6.75,trypsin,N,0,Loxodonta africana,9785,MET,3,1,1209.49983011253,806.6689787416866,605.253553056265,484.404297645012,403.83812737084327
sp|Q108U6|MET_LOXAF,1354,G62765YT,HexNAc(2)Hex(8),ISAIFSTFIGEHYVHVNTTYVNVK,1338,1362,24,NTTY,4440.988134578331,2738.40680157833,1702.581333,0.43,6.92,trypsin,N,0,Loxodonta africana,9785,MET,3,1,2221.501343289165,1481.336654192777,1111.2543096445827,889.204902915666,741.1719650963884
sp|Q108U6|MET_LOXAF,1354,G31852PQ,HexNAc(2)Hex(7),ISAIFSTFIGEHYVHVNTTYVNVK,1338,1362,24,NTTY,4278.935311578331,2738.40680157833,1540.52851,0.43,6.92,trypsin,N,0,Loxodonta africana,9785,MET,3,1,2140.474931789165,1427.3190465261102,1070.7411038945827,856.794338315666,714.163161263055
sp|Q108U6|MET_LOXAF,1354,G41247ZX,HexNAc(2)Hex(6),ISAIFSTFIGEHYVHVNTTYVNVK,1338,1362,24,NTTY,4116.88248757833,2738.40680157833,1378.475686,0.43,6.92,trypsin,N,0,Loxodonta africana,9785,MET,3,1,2059.448519789165,1373.3014385261101,1030.2278978945826,824.383773515666,687.154357263055
sp|Q68J47|OPSD_LOXAF,2,G62765YT,HexNAc(2)Hex(8),MNGTEGPNFYVPFSNK,1,17,16,NGTE,3503.39545330512,1800.8141203051198,1702.581333,-0.81,5.75,trypsin,N,0,Loxodonta africana,9785,RHO,1,1,1752.70500265256,1168.80576043504,876.8561393262801,701.6863666610241,584.90651821752
sp|Q68J47|OPSD_LOXAF,2,G31852PQ,HexNAc(2)Hex(7),MNGTEGPNFYVPFSNK,1,17,16,NGTE,3341.34263030512,1800.8141203051198,1540.52851,-0.81,5.75,trypsin,N,0,Loxodonta africana,9785,RHO,1,1,1671.67859115256,1114.7881527683733,836.3429335762801,669.275802061024,557.8977143841867
sp|Q68J47|OPSD_LOXAF,2,G41247ZX,HexNAc(2)Hex(6),MNGTEGPNFYVPFSNK,1,17,16,NGTE,3179.28980630512,1800.8141203051198,1378.475686,-0.81,5.75,trypsin,N,0,Loxodonta africana,9785,RHO,1,1,1590.65217915256,1060.7705447683732,795.82972757628,636.8652372610239,530.8889103841866
sp|Q68J47|OPSD_LOXAF,200,G62765YT,HexNAc(2)Hex(8),YIPEGMQCSCGIDYYTLKPEVNNESFVIYMFVVHFTIPMTIIFFCYGQLVFTVK,178,232,54,NESF,8039.6350516699395,6337.053718669939,1702.581333,0.63,4.83,trypsin,N,0,Loxodonta africana,9785,RHO,1,1,4020.8248018349695,2680.8856265566465,2010.916038917485,1608.9342863339878,1340.9464512783231
sp|Q68J47|OPSD_LOXAF,200,G31852PQ,HexNAc(2)Hex(7),YIPEGMQCSCGIDYYTLKPEVNNESFVIYMFVVHFTIPMTIIFFCYGQLVFTVK,178,232,54,NESF,7877.5822286699395,6337.053718669939,1540.52851,0.63,4.83,trypsin,N,0,Loxodonta africana,9785,RHO,1,1,3939.7983903349696,2626.86801888998,1970.402833167485,1576.5237217339877,1313.9376474449898
sp|Q68J47|OPSD_LOXAF,200,G41247ZX,HexNAc(2)Hex(6),YIPEGMQCSCGIDYYTLKPEVNNESFVIYMFVVHFTIPMTIIFFCYGQLVFTVK,178,232,54,NESF,7715.529404669939,6337.053718669939,1378.475686,0.63,4.83,trypsin,N,0,Loxodonta africana,9785,RHO,1,1,3858.7719783349694,2572.8504108899797,1929.8896271674848,1544.1131569339877,1286.9288434449898
sp|P01955|HBA_LOXAF,131,G62765YT,HexNAc(2)Hex(8),FLSNVSTVLTSK,128,140,12,NVST,2997.2945999817002,1294.7132669817,1702.581333,0.63,8.75,trypsin,N,0,Loxodonta africana,9785,HBA,1,1,1499.6545759908502,1000.1054759939001,750.3309259954251,600.46619599634,500.55637599695
sp|P01955|HBA_LOXAF,131,G31852PQ,HexNAc(2)Hex(7),FLSNVSTVLTSK,128,140,12,NVST,2835.2417769817002,1294.7132669817,1540.52851,0.63,8.75,trypsin,N,0,Loxodonta africana,9785,HBA,1,1,1418.6281644908502,946.0878683272334,709.8177202454251,568.05563139634,473.5475721636167
sp|P01955|HBA_LOXAF,131,G41247ZX,HexNAc(2)Hex(6),FLSNVSTVLTSK,128,140,12,NVST,2673.1889529817,1294.7132669817,1378.475686,0.63,8.75,trypsin,N,0,Loxodonta africana,9785,HBA,1,1,1337.60175249085,892.0702603272333,669.304514245425,535.64506659634,446.5387681636166
sp|P02085|HBB_LOXAF,2,G62765YT,HexNAc(2)Hex(8),VNLTAAEK,1,9,8,NLTA,2547.04676515476,844.46543215476,1702.581333,-0.0,5.97,trypsin,N,0,Loxodonta africana,9785,HBB,1,1,1274.53065857738,850.02286438492,637.7689672886901,510.41662903095204,425.51507019246
sp|P02085|HBB_LOXAF,2,G31852PQ,HexNAc(2)Hex(7),VNLTAAEK,1,9,8,NLTA,2384.99394215476,844.46543215476,1540.52851,-0.0,5.97,trypsin,N,0,Loxodonta africana,9785,HBB,1,1,1193.5042470773801,796.0052567182533,597.2557615386901,478.00606443095205,398.50626635912664
sp|P02085|HBB_LOXAF,2,G41247ZX,HexNAc(2)Hex(6),VNLTAAEK,1,9,8,NLTA,2222.9411181547603,844.46543215476,1378.475686,-0.0,5.97,trypsin,N,0,Loxodonta africana,9785,HBB,1,1,1112.4778350773802,741.9876487182534,556.7425555386901,445.5954996309521,371.4974623591267
sp|Q45XH8|HBG_LOXAF,48,G62765YT,HexNAc(2)Hex(8),FFDTFGNLSSASAIMGNPR,42,61,19,NLSS,3733.5333437602603,2030.95201076026,1702.581333,0.09,5.84,trypsin,N,0,Loxodonta africana,9785,HBG,2,2,1867.7739478801302,1245.5183905867534,934.3906119400651,747.713944752052,623.2628332933767
sp|Q45XH8|HBG_LOXAF,48,G31852PQ,HexNAc(2)Hex(7),FFDTFGNLSSASAIMGNPR,42,61,19,NLSS,3571.4805207602603,2030.95201076026,1540.52851,0.09,5.84,trypsin,N,0,Loxodonta africana,9785,HBG,2,2,1786.7475363801302,1191.5007829200867,893.8774061900651,715.3033801520521,596.2540294600434
sp|Q45XH8|HBG_LOXAF,48,G41247ZX,HexNAc(2)Hex(6),FFDTFGNLSSASAIMGNPR,42,61,19,NLSS,3409.42769676026,2030.95201076026,1378.475686,0.09,5.84,trypsin,N,0,Loxodonta africana,9785,HBG,2,2,1705.72112438013,1137.4831749200866,853.364200190065,682.892815352052,569.2452254600433
sp|Q45XJ0|HBD_LOXAF,3,G62765YT,HexNAc(2)Hex(8),MVNLTAAEK,1,10,9,NLTA,2678.08725006775,975.50591706775,1702.581333,0.21,5.75,trypsin,N,0,Loxodonta africana,9785,HBD,2,3,1340.050901033875,893.7030260225833,670.5290885169376,536.62472601355,447.35515101129164
sp|Q45XJ0|HBD_LOXAF,3,G31852PQ,HexNAc(2)Hex(7),MVNLTAAEK,1,10,9,NLTA,2516.03442706775,975.50591706775,1540.52851,0.21,5.75,trypsin,N,0,Loxodonta africana,9785,HBD,2,3,1259.024489533875,839.6854183559167,630.0158827669376,504.21416141355,420.3463471779583
sp|Q45XJ0|HBD_LOXAF,3,G41247ZX,HexNAc(2)Hex(6),MVNLTAAEK,1,10,9,NLTA,2353.9816030677503,975.50591706775,1378.475686,0.21,5.75,trypsin,N,0,Loxodonta africana,9785,HBD,2,3,1177.9980775338752,785.6678103559167,589.5026767669376,471.80359661355004,393.33754317795837
sp|Q9TA27|COX1_LOXAF,99,G62765YT,HexNAc(2)Hex(8),MNNMSFWLLPPSFLLLLASSMVEAGAGTGWTVYPPLAGNLAHAGASVDLTIFSLHLAGVSSILSAINFITTIINMKPPAMSQYHMPLFVWSILITAVLLLLSLPVLAAGITMLLTDR,97,214,117,NMSF,14161.22994633032,12458.64861333032,1702.581333,1.01,6.21,trypsin,N,0,Loxodonta africana,9785,MT-CO1,3,1,7081.622249165161,4721.4172581101075,3541.31476258258,2833.253265266064,2361.2122670550534
sp|Q9TA27|COX1_LOXAF,99,G31852PQ,HexNAc(2)Hex(7),MNNMSFWLLPPSFLLLLASSMVEAGAGTGWTVYPPLAGNLAHAGASVDLTIFSLHLAGVSSILSAINFITTIINMKPPAMSQYHMPLFVWSILITAVLLLLSLPVLAAGITMLLTDR,97,214,117,NMSF,13999.17712333032,12458.64861333032,1540.52851,1.01,6.21,trypsin,N,0,Loxodonta africana,9785,MT-CO1,3,1,7000.595837665161,4667.399650443441,3500.80155683258,2800.842700666064,2334.20346322172
sp|Q9TA27|COX1_LOXAF,99,G41247ZX,HexNAc(2)Hex(6),MNNMSFWLLPPSFLLLLASSMVEAGAGTGWTVYPPLAGNLAHAGASVDLTIFSLHLAGVSSILSAINFITTIINMKPPAMSQYHMPLFVWSILITAVLLLLSLPVLAAGITMLLTDR,97,214,117,NMSF,13837.12429933032,12458.64861333032,1378.475686,1.01,6.21,trypsin,N,0,Loxodonta africana,9785,MT-CO1,3,1,6919.56942566516,4613.382042443441,3460.28835083258,2768.432135866064,2307.19465922172
sp|Q9TA27|COX1_LOXAF,216,G62765YT,HexNAc(2)Hex(8),NLNTTFFDPAGGGDPILYQHLFWFFGHPEVYILILPGFGMVSHIVTYYSGK,214,265,51,NTTF,7477.45542823824,5774.8740952382395,1702.581333,0.33,5.73,trypsin,N,0,Loxodonta africana,9785,MT-CO1,3,1,3739.7349901191196,2493.4924187460797,1870.37113305956,1496.498361647648,1247.24984737304
sp|Q9TA27|COX1_LOXAF,216,G31852PQ,HexNAc(2)Hex(7),NLNTTFFDPAGGGDPILYQHLFWFFGHPEVYILILPGFGMVSHIVTYYSGK,214,265,51,NTTF,7315.40260523824,5774.8740952382395,1540.52851,0.33,5.73,trypsin,N,0,Loxodonta africana,9785,MT-CO1,3,1,3658.7085786191196,2439.474811079413,1829.85792730956,1464.0877970476479,1220.2410435397067
sp|Q9TA27|COX1_LOXAF,216,G41247ZX,HexNAc(2)Hex(6),NLNTTFFDPAGGGDPILYQHLFWFFGHPEVYILILPGFGMVSHIVTYYSGK,214,265,51,NTTF,7153.349781238239,5774.8740952382395,1378.475686,0.33,5.73,trypsin,N,0,Loxodonta africana,9785,MT-CO1,3,1,3577.6821666191195,2385.457203079413,1789.3447213095599,1431.6772322476477,1193.2322395397066
sp|Q9TA27|COX1_LOXAF,360,G62765YT,HexNAc(2)Hex(8),WSPAMMWALGFIFLFTIGGLTGIVLANSSLDIVLHDTYYVVAHFHYVLSMGAVFAIMGGFIHWFPLFSGYTLNYTWAK,334,412,78,NSSL,10494.01240593303,8791.43107293303,1702.581333,0.95,6.42,trypsin,N,0,Loxodonta africana,9785,MT-CO1,3,1,5248.013478966515,3499.0114113110103,2624.5103774832573,2099.809757186606,1750.009343655505
sp|Q9TA27|COX1_LOXAF,360,G31852PQ,HexNAc(2)Hex(7),WSPAMMWALGFIFLFTIGGLTGIVLANSSLDIVLHDTYYVVAHFHYVLSMGAVFAIMGGFIHWFPLFSGYTLNYTWAK,334,412,78,NSSL,10331.95958293303,8791.43107293303,1540.52851,0.95,6.42,trypsin,N,0,Loxodonta africana,9785,MT-CO1,3,1,5166.987067466515,3444.9938036443436,2583.9971717332573,2067.3991925866057,1723.0005398221717
sp|Q9TA27|COX1_LOXAF,360,G41247ZX,HexNAc(2)Hex(6),WSPAMMWALGFIFLFTIGGLTGIVLANSSLDIVLHDTYYVVAHFHYVLSMGAVFAIMGGFIHWFPLFSGYTLNYTWAK,334,412,78,NSSL,10169.90675893303,8791.43107293303,1378.475686,0.95,6.42,trypsin,N,0,Loxodonta africana,9785,MT-CO1,3,1,5085.960655466515,3390.9761956443435,2543.4839657332573,2034.9886277866058,1695.9917358221717
sp|Q9TA27|COX1_LOXAF,406,G62765YT,HexNAc(2)Hex(8),WSPAMMWALGFIFLFTIGGLTGIVLANSSLDIVLHDTYYVVAHFHYVLSMGAVFAIMGGFIHWFPLFSGYTLNYTWAK,334,412,78,NYTW,10494.01240593303,8791.43107293303,1702.581333,0.95,6.42,trypsin,N,0,Loxodonta africana,9785,MT-CO1,3,1,5248.013478966515,3499.0114113110103,2624.5103774832573,2099.809757186606,1750.009343655505
sp|Q9TA27|COX1_LOXAF,406,G31852PQ,HexNAc(2)Hex(7),WSPAMMWALGFIFLFTIGGLTGIVLANSSLDIVLHDTYYVVAHFHYVLSMGAVFAIMGGFIHWFPLFSGYTLNYTWAK,334,412,78,NYTW,10331.95958293303,8791.43107293303,1540.52851,0.95,6.42,trypsin,N,0,Loxodonta africana,9785,MT-CO1,3,1,5166.987067466515,3444.9938036443436,2583.9971717332573,2067.3991925866057,1723.0005398221717
sp|Q9TA27|COX1_LOXAF,406,G41247ZX,HexNAc(2)Hex(6),WSPAMMWALGFIFLFTIGGLTGIVLANSSLDIVLHDTYYVVAHFHYVLSMGAVFAIMGGFIHWFPLFSGYTLNYTWAK,334,412,78,NYTW,10169.90675893303,8791.43107293303,1378.475686,0.95,6.42,trypsin,N,0,Loxodonta africana,9785,MT-CO1,3,1,5085.960655466515,3390.9761956443435,2543.4839657332573,2034.9886277866058,1695.9917358221717
sp|Q9TA27|COX1_LOXAF,422,G62765YT,HexNAc(2)Hex(8),IQFLVMFIGVNLTFFPQHFLGLSGMPR,412,439,27,NLTF,4811.22587982923,3108.6445468292295,1702.581333,0.97,9.76,trypsin,N,0,Loxodonta africana,9785,MT-CO1,3,1,2406.6202159146146,1604.7492359430764,1203.8137459573074,963.2524519658458,802.8782559715382
sp|Q9TA27|COX1_LOXAF,422,G31852PQ,HexNAc(2)Hex(7),IQFLVMFIGVNLTFFPQHFLGLSGMPR,412,439,27,NLTF,4649.17305682923,3108.6445468292295,1540.52851,0.97,9.76,trypsin,N,0,Loxodonta africana,9785,MT-CO1,3,1,2325.5938044146146,1550.7316282764098,1163.3005402073074,930.8418873658459,775.8694521382049
sp|Q9TA27|COX1_LOXAF,422,G41247ZX,HexNAc(2)Hex(6),IQFLVMFIGVNLTFFPQHFLGLSGMPR,412,439,27,NLTF,4487.120232829229,3108.6445468292295,1378.475686,0.97,9.76,trypsin,N,0,Loxodonta africana,9785,MT-CO1,3,1,2244.5673924146145,1496.7140202764097,1122.7873342073074,898.4313225658458,748.8606481382049
sp|Q9TA27|COX1_LOXAF,496,G62765YT,HexNAc(2)Hex(8),EVSVMELTTTNVEWLNGCPPPHHTFEEPAYVK,481,513,32,NGCP,5356.298388614639,3653.7170556146393,1702.581333,-0.44,4.62,trypsin,N,0,Loxodonta africana,9785,MT-CO1,3,1,2679.1564703073195,1786.4400722048797,1340.08187315366,1072.2669537229278,893.7236741024399
sp|Q9TA27|COX1_LOXAF,496,G31852PQ,HexNAc(2)Hex(7),EVSVMELTTTNVEWLNGCPPPHHTFEEPAYVK,481,513,32,NGCP,5194.245565614639,3653.7170556146393,1540.52851,-0.44,4.62,trypsin,N,0,Loxodonta africana,9785,MT-CO1,3,1,2598.1300588073195,1732.422464538213,1299.56866740366,1039.8563891229278,866.7148702691065
sp|Q9TA27|COX1_LOXAF,496,G41247ZX,HexNAc(2)Hex(6),EVSVMELTTTNVEWLNGCPPPHHTFEEPAYVK,481,513,32,NGCP,5032.192741614639,3653.7170556146393,1378.475686,-0.44,4.62,trypsin,N,0,Loxodonta africana,9785,MT-CO1,3,1,2517.1036468073194,1678.404856538213,1259.0554614036598,1007.4458243229277,839.7060662691065
sp|P10765|PRL_LOXAF,56,G62765YT,HexNAc(2)Hex(8),AINSCHTSSISTPEDK,54,70,16,NSCH,3391.34889703552,1688.76756403552,1702.581333,-0.66,5.32,trypsin,N,0,Loxodonta africana,9785,PRL,1,1,1696.6817245177601,1131.4569083451734,848.8445002588801,679.2770554071041,566.2320921725867
sp|P10765|PRL_LOXAF,56,G31852PQ,HexNAc(2)Hex(7),AINSCHTSSISTPEDK,54,70,16,NSCH,3229.29607403552,1688.76756403552,1540.52851,-0.66,5.32,trypsin,N,0,Loxodonta africana,9785,PRL,1,1,1615.6553130177601,1077.4393006785067,808.3312945088801,646.866490807104,539.2232883392534
sp|P10765|PRL_LOXAF,56,G41247ZX,HexNAc(2)Hex(6),AINSCHTSSISTPEDK,54,70,16,NSCH,3067.24325003552,1688.76756403552,1378.475686,-0.66,5.32,trypsin,N,0,Loxodonta africana,9785,PRL,1,1,1534.62890101776,1023.4216926785066,767.81808850888,614.4559260071039,512.2144843392533
sp|P10765|PRL_LOXAF,197,G62765YT,HexNAc(2)Hex(8),IVYNNNC,193,200,7,NNC,2540.9456712145,838.3643382145,1702.581333,-0.09,5.52,trypsin,N,0,Loxodonta africana,9785,PRL,1,1,1271.4801116072501,847.9891664048333,636.2436938036251,509.1964102429,424.4982212024167
sp|P10765|PRL_LOXAF,197,G31852PQ,HexNAc(2)Hex(7),IVYNNNC,193,200,7,NNC,2378.8928482145,838.3643382145,1540.52851,-0.09,5.52,trypsin,N,0,Loxodonta africana,9785,PRL,1,1,1190.4537001072501,793.9715587381667,595.7304880536251,476.78584564290003,397.48941736908336
sp|P10765|PRL_LOXAF,197,G41247ZX,HexNAc(2)Hex(6),IVYNNNC,193,200,7,NNC,2216.8400242145,838.3643382145,1378.475686,-0.09,5.52,trypsin,N,0,Loxodonta africana,9785,PRL,1,1,1109.42728810725,739.9539507381666,555.217282053625,444.3752808429,370.4806133690833
sp|P24958|CYB_LOXAF,26,G62765YT,HexNAc(2)Hex(8),SFIDLPTPSNISTWWNFGSLLGACLITQILTGLFLAMHYTPDTMTAFSSMSHICR,17,72,55,NIST,7808.54532514875,6105.96399214875,1702.581333,0.52,5.93,trypsin,N,0,Loxodonta africana,9785,MT-CYB,3,2,3905.2799385743747,2603.8557177162497,1953.1436072871875,1562.7163410297499,1302.431496858125
sp|P24958|CYB_LOXAF,26,G31852PQ,HexNAc(2)Hex(7),SFIDLPTPSNISTWWNFGSLLGACLITQILTGLFLAMHYTPDTMTAFSSMSHICR,17,72,55,NIST,7646.49250214875,6105.96399214875,1540.52851,0.52,5.93,trypsin,N,0,Loxodonta africana,9785,MT-CYB,3,2,3824.2535270743747,2549.838110049583,1912.6304015371875,1530.3057764297498,1275.4226930247917
sp|P24958|CYB_LOXAF,26,G41247ZX,HexNAc(2)Hex(6),SFIDLPTPSNISTWWNFGSLLGACLITQILTGLFLAMHYTPDTMTAFSSMSHICR,17,72,55,NIST,7484.439678148749,6105.96399214875,1378.475686,0.52,5.93,trypsin,N,0,Loxodonta africana,9785,MT-CYB,3,2,3743.2271150743745,2495.820502049583,1872.1171955371874,1497.8952116297498,1248.4138890247916
sp|Q108T9|CTTB2_LOXAF,277,G62765YT,HexNAc(2)Hex(8),GNDSKPSLSLPR,276,288,12,NDSK,2972.2490467716098,1269.66771377161,1702.581333,-1.15,8.75,trypsin,N,0,Loxodonta africana,9785,CTTNBP2,3,1,1487.131799385805,991.7569582572032,744.0695376929025,595.457085354322,496.3821171286016
sp|Q108T9|CTTB2_LOXAF,277,G31852PQ,HexNAc(2)Hex(7),GNDSKPSLSLPR,276,288,12,NDSK,2810.1962237716098,1269.66771377161,1540.52851,-1.15,8.75,trypsin,N,0,Loxodonta africana,9785,CTTNBP2,3,1,1406.105387885805,937.7393505905366,703.5563319429025,563.0465207543219,469.37331329526825
sp|Q108T9|CTTB2_LOXAF,277,G41247ZX,HexNAc(2)Hex(6),GNDSKPSLSLPR,276,288,12,NDSK,2648.14339977161,1269.66771377161,1378.475686,-1.15,8.75,trypsin,N,0,Loxodonta africana,9785,CTTNBP2,3,1,1325.078975885805,883.7217425905366,663.0431259429025,530.635955954322,442.3645092952683
sp|Q108T9|CTTB2_LOXAF,401,G62765YT,HexNAc(2)Hex(8),TEENGPSTGSTPDLPSSTPPLPNNTAPPAVQPPSIASQNYSQASSLHSLHSPCANASLHPGVNPR,379,444,65,NNTA,8280.72463274943,6578.14329974943,1702.581333,-0.73,5.72,trypsin,N,0,Loxodonta africana,9785,CTTNBP2,3,1,4141.3695923747155,2761.2488202498103,2071.1884341873574,1657.152202549886,1381.128048124905
sp|Q108T9|CTTB2_LOXAF,401,G31852PQ,HexNAc(2)Hex(7),TEENGPSTGSTPDLPSSTPPLPNNTAPPAVQPPSIASQNYSQASSLHSLHSPCANASLHPGVNPR,379,444,65,NNTA,8118.67180974943,6578.14329974943,1540.52851,-0.73,5.72,trypsin,N,0,Loxodonta africana,9785,CTTNBP2,3,1,4060.343180874715,2707.2312125831436,2030.6752284373576,1624.741637949886,1354.1192442915717
sp|Q108T9|CTTB2_LOXAF,401,G41247ZX,HexNAc(2)Hex(6),TEENGPSTGSTPDLPSSTPPLPNNTAPPAVQPPSIASQNYSQASSLHSLHSPCANASLHPGVNPR,379,444,65,NNTA,7956.61898574943,6578.14329974943,1378.475686,-0.73,5.72,trypsin,N,0,Loxodonta africana,9785,CTTNBP2,3,1,3979.316768874715,2653.2136045831435,1990.1620224373576,1592.331073149886,1327.1104402915716
sp|Q108T9|CTTB2_LOXAF,417,G62765YT,HexNAc(2)Hex(8),TEENGPSTGSTPDLPSSTPPLPNNTAPPAVQPPSIASQNYSQASSLHSLHSPCANASLHPGVNPR,379,444,65,NYSQ,8280.72463274943,6578.14329974943,1702.581333,-0.73,5.72,trypsin,N,0,Loxodonta africana,9785,CTTNBP2,3,1,4141.3695923747155,2761.2488202498103,2071.1884341873574,1657.152202549886,1381.128048124905
sp|Q108T9|CTTB2_LOXAF,417,G31852PQ,HexNAc(2)Hex(7),TEENGPSTGSTPDLPSSTPPLPNNTAPPAVQPPSIASQNYSQASSLHSLHSPCANASLHPGVNPR,379,444,65,NYSQ,8118.67180974943,6578.14329974943,1540.52851,-0.73,5.72,trypsin,N,0,Loxodonta africana,9785,CTTNBP2,3,1,4060.343180874715,2707.2312125831436,2030.6752284373576,1624.741637949886,1354.1192442915717
sp|Q108T9|CTTB2_LOXAF,417,G41247ZX,HexNAc(2)Hex(6),TEENGPSTGSTPDLPSSTPPLPNNTAPPAVQPPSIASQNYSQASSLHSLHSPCANASLHPGVNPR,379,444,65,NYSQ,7956.61898574943,6578.14329974943,1378.475686,-0.73,5.72,trypsin,N,0,Loxodonta africana,9785,CTTNBP2,3,1,3979.316768874715,2653.2136045831435,1990.1620224373576,1592.331073149886,1327.1104402915716
sp|Q108T9|CTTB2_LOXAF,433,G62765YT,HexNAc(2)Hex(8),TEENGPSTGSTPDLPSSTPPLPNNTAPPAVQPPSIASQNYSQASSLHSLHSPCANASLHPGVNPR,379,444,65,NASL,8280.72463274943,6578.14329974943,1702.581333,-0.73,5.72,trypsin,N,0,Loxodonta africana,9785,CTTNBP2,3,1,4141.3695923747155,2761.2488202498103,2071.1884341873574,1657.152202549886,1381.128048124905
sp|Q108T9|CTTB2_LOXAF,433,G31852PQ,HexNAc(2)Hex(7),TEENGPSTGSTPDLPSSTPPLPNNTAPPAVQPPSIASQNYSQASSLHSLHSPCANASLHPGVNPR,379,444,65,NASL,8118.67180974943,6578.14329974943,1540.52851,-0.73,5.72,trypsin,N,0,Loxodonta africana,9785,CTTNBP2,3,1,4060.343180874715,2707.2312125831436,2030.6752284373576,1624.741637949886,1354.1192442915717
sp|Q108T9|CTTB2_LOXAF,433,G41247ZX,HexNAc(2)Hex(6),TEENGPSTGSTPDLPSSTPPLPNNTAPPAVQPPSIASQNYSQASSLHSLHSPCANASLHPGVNPR,379,444,65,NASL,7956.61898574943,6578.14329974943,1378.475686,-0.73,5.72,trypsin,N,0,Loxodonta africana,9785,CTTNBP2,3,1,3979.316768874715,2653.2136045831435,1990.1620224373576,1592.331073149886,1327.1104402915716
sp|Q108T9|CTTB2_LOXAF,463,G62765YT,HexNAc(2)Hex(8),FQGNANDQDQNGNTTQSPPSR,451,472,21,NTTQ,3977.56631112254,2274.98497812254,1702.581333,-2.0,4.21,trypsin,N,0,Loxodonta africana,9785,CTTNBP2,3,1,1989.79043156127,1326.8627130408465,995.398853780635,796.520538224508,663.9349945204233
sp|Q108T9|CTTB2_LOXAF,463,G31852PQ,HexNAc(2)Hex(7),FQGNANDQDQNGNTTQSPPSR,451,472,21,NTTQ,3815.51348812254,2274.98497812254,1540.52851,-2.0,4.21,trypsin,N,0,Loxodonta africana,9785,CTTNBP2,3,1,1908.76402006127,1272.8451053741799,954.885648030635,764.109973624508,636.92619068709
sp|Q108T9|CTTB2_LOXAF,463,G41247ZX,HexNAc(2)Hex(6),FQGNANDQDQNGNTTQSPPSR,451,472,21,NTTQ,3653.46066412254,2274.98497812254,1378.475686,-2.0,4.21,trypsin,N,0,Loxodonta africana,9785,CTTNBP2,3,1,1827.73760806127,1218.82749737418,914.372442030635,731.699408824508,609.91738668709
sp|Q108T9|CTTB2_LOXAF,720,G62765YT,HexNAc(2)Hex(8),AETPGLNQPACSDSSLVIPTTIAFCSSINPVSASSCRPGASDSLLVTASGWSPSLTPLLMSGGPAPLAGRPTLLQQAAAQGNVTLLSMLLNEEGLDINYSCEDGHSALYSAAK,639,752,113,NVTL,13100.172779880002,11397.591446880002,1702.581333,0.17,4.28,trypsin,N,0,Loxodonta africana,9785,CTTNBP2,3,1,6551.093665940001,4367.731535960001,3276.0504709700003,2621.041831976,2184.3694059800005
sp|Q108T9|CTTB2_LOXAF,720,G31852PQ,HexNAc(2)Hex(7),AETPGLNQPACSDSSLVIPTTIAFCSSINPVSASSCRPGASDSLLVTASGWSPSLTPLLMSGGPAPLAGRPTLLQQAAAQGNVTLLSMLLNEEGLDINYSCEDGHSALYSAAK,639,752,113,NVTL,12938.119956880002,11397.591446880002,1540.52851,0.17,4.28,trypsin,N,0,Loxodonta africana,9785,CTTNBP2,3,1,6470.067254440001,4313.713928293334,3235.5372652200003,2588.6312673760003,2157.360602146667
sp|Q108T9|CTTB2_LOXAF,720,G41247ZX,HexNAc(2)Hex(6),AETPGLNQPACSDSSLVIPTTIAFCSSINPVSASSCRPGASDSLLVTASGWSPSLTPLLMSGGPAPLAGRPTLLQQAAAQGNVTLLSMLLNEEGLDINYSCEDGHSALYSAAK,639,752,113,NVTL,12776.067132880002,11397.591446880002,1378.475686,0.17,4.28,trypsin,N,0,Loxodonta africana,9785,CTTNBP2,3,1,6389.040842440001,4259.696320293334,3195.0240592200003,2556.2207025760003,2130.351798146667
sp|Q108T9|CTTB2_LOXAF,736,G62765YT,HexNAc(2)Hex(8),AETPGLNQPACSDSSLVIPTTIAFCSSINPVSASSCRPGASDSLLVTASGWSPSLTPLLMSGGPAPLAGRPTLLQQAAAQGNVTLLSMLLNEEGLDINYSCEDGHSALYSAAK,639,752,113,NYSC,13100.172779880002,11397.591446880002,1702.581333,0.17,4.28,trypsin,N,0,Loxodonta africana,9785,CTTNBP2,3,1,6551.093665940001,4367.731535960001,3276.0504709700003,2621.041831976,2184.3694059800005
sp|Q108T9|CTTB2_LOXAF,736,G31852PQ,HexNAc(2)Hex(7),AETPGLNQPACSDSSLVIPTTIAFCSSINPVSASSCRPGASDSLLVTASGWSPSLTPLLMSGGPAPLAGRPTLLQQAAAQGNVTLLSMLLNEEGLDINYSCEDGHSALYSAAK,639,752,113,NYSC,12938.119956880002,11397.591446880002,1540.52851,0.17,4.28,trypsin,N,0,Loxodonta africana,9785,CTTNBP2,3,1,6470.067254440001,4313.713928293334,3235.5372652200003,2588.6312673760003,2157.360602146667
sp|Q108T9|CTTB2_LOXAF,736,G41247ZX,HexNAc(2)Hex(6),AETPGLNQPACSDSSLVIPTTIAFCSSINPVSASSCRPGASDSLLVTASGWSPSLTPLLMSGGPAPLAGRPTLLQQAAAQGNVTLLSMLLNEEGLDINYSCEDGHSALYSAAK,639,752,113,NYSC,12776.067132880002,11397.591446880002,1378.475686,0.17,4.28,trypsin,N,0,Loxodonta africana,9785,CTTNBP2,3,1,6389.040842440001,4259.696320293334,3195.0240592200003,2556.2207025760003,2130.351798146667
sp|Q108T9|CTTB2_LOXAF,1036,G62765YT,HexNAc(2)Hex(8),GVIQALTNHFQAISSDGWWSLEDVTFNNTTESSIGLGASSVLSIMLGSVSWSPGQSFAQSPWDFLK,1010,1076,66,NNTT,8790.010416224879,7087.42908322488,1702.581333,0.1,4.1,trypsin,N,0,Loxodonta africana,9785,CTTNBP2,3,1,4396.01248411244,2931.01074807496,2198.5098800562196,1759.0093592449757,1466.0090120374798
sp|Q108T9|CTTB2_LOXAF,1036,G31852PQ,HexNAc(2)Hex(7),GVIQALTNHFQAISSDGWWSLEDVTFNNTTESSIGLGASSVLSIMLGSVSWSPGQSFAQSPWDFLK,1010,1076,66,NNTT,8627.95759322488,7087.42908322488,1540.52851,0.1,4.1,trypsin,N,0,Loxodonta africana,9785,CTTNBP2,3,1,4314.986072612441,2876.993140408294,2157.99667430622,1726.5987946449761,1439.0002082041467
sp|Q108T9|CTTB2_LOXAF,1036,G41247ZX,HexNAc(2)Hex(6),GVIQALTNHFQAISSDGWWSLEDVTFNNTTESSIGLGASSVLSIMLGSVSWSPGQSFAQSPWDFLK,1010,1076,66,NNTT,8465.90476922488,7087.42908322488,1378.475686,0.1,4.1,trypsin,N,0,Loxodonta africana,9785,CTTNBP2,3,1,4233.9596606124405,2822.975532408294,2117.48346830622,1694.188229844976,1411.9914042041466
sp|Q108T9|CTTB2_LOXAF,1176,G62765YT,HexNAc(2)Hex(8),NACLIPVK,1176,1184,8,NACL,2559.06539242436,856.4840594243601,1702.581333,0.97,8.22,trypsin,N,0,Loxodonta africana,9785,CTTNBP2,3,1,1280.5399722121801,854.0290734747867,640.7736241060901,512.820354484872,427.51817473739334
sp|Q108T9|CTTB2_LOXAF,1176,G31852PQ,HexNAc(2)Hex(7),NACLIPVK,1176,1184,8,NACL,2397.01256942436,856.4840594243601,1540.52851,0.97,8.22,trypsin,N,0,Loxodonta africana,9785,CTTNBP2,3,1,1199.5135607121802,800.0114658081201,600.2604183560901,480.40978988487205,400.50937090406
sp|Q108T9|CTTB2_LOXAF,1176,G41247ZX,HexNAc(2)Hex(6),NACLIPVK,1176,1184,8,NACL,2234.9597454243603,856.4840594243601,1378.475686,0.97,8.22,trypsin,N,0,Loxodonta africana,9785,CTTNBP2,3,1,1118.4871487121802,745.9938578081201,559.7472123560901,447.9992250848721,373.50056690406
sp|Q108T9|CTTB2_LOXAF,1229,G62765YT,HexNAc(2)Hex(8),GNGTSECYYFHENCFLMGTIAK,1228,1250,22,NGTS,4186.63617122963,2484.05483822963,1702.581333,-0.2,5.4,trypsin,N,0,Loxodonta africana,9785,CTTNBP2,3,1,2094.325361614815,1396.5526664098768,1047.6663188074076,838.3345102459259,698.7799712049383
sp|Q108T9|CTTB2_LOXAF,1229,G31852PQ,HexNAc(2)Hex(7),GNGTSECYYFHENCFLMGTIAK,1228,1250,22,NGTS,4024.5833482296302,2484.05483822963,1540.52851,-0.2,5.4,trypsin,N,0,Loxodonta africana,9785,CTTNBP2,3,1,2013.2989501148152,1342.5350587432101,1007.1531130574076,805.9239456459261,671.771167371605
sp|Q108T9|CTTB2_LOXAF,1229,G41247ZX,HexNAc(2)Hex(6),GNGTSECYYFHENCFLMGTIAK,1228,1250,22,NGTS,3862.53052422963,2484.05483822963,1378.475686,-0.2,5.4,trypsin,N,0,Loxodonta africana,9785,CTTNBP2,3,1,1932.272538114815,1288.51745074321,966.6399070574075,773.513380845926,644.7623633716049
sp|Q108T9|CTTB2_LOXAF,1317,G62765YT,HexNAc(2)Hex(8),QLNSCLAR,1315,1323,8,NSCL,2606.0409685816703,903.45963558167,1702.581333,-0.05,8.25,trypsin,N,0,Loxodonta africana,9785,CTTNBP2,3,1,1304.0277602908352,869.6875988605567,652.5175181454176,522.215469716334,435.3474374302784
sp|Q108T9|CTTB2_LOXAF,1317,G31852PQ,HexNAc(2)Hex(7),QLNSCLAR,1315,1323,8,NSCL,2443.9881455816703,903.45963558167,1540.52851,-0.05,8.25,trypsin,N,0,Loxodonta africana,9785,CTTNBP2,3,1,1223.0013487908352,815.66999119389,612.0043123954176,489.80490511633406,408.33863359694504
sp|Q108T9|CTTB2_LOXAF,1317,G41247ZX,HexNAc(2)Hex(6),QLNSCLAR,1315,1323,8,NSCL,2281.93532158167,903.45963558167,1378.475686,-0.05,8.25,trypsin,N,0,Loxodonta africana,9785,CTTNBP2,3,1,1141.974936790835,761.6523831938899,571.4911063954175,457.394340316334,381.329829596945
sp|Q108T9|CTTB2_LOXAF,1495,G62765YT,HexNAc(2)Hex(8),NASLSR,1495,1501,6,NASL,2348.92117071882,646.33983771882,1702.581333,-0.67,9.75,trypsin,N,0,Loxodonta africana,9785,CTTNBP2,3,1,1175.46786135941,783.98099957294,588.2375686797051,470.791510143764,392.49413778647
sp|Q108T9|CTTB2_LOXAF,1495,G31852PQ,HexNAc(2)Hex(7),NASLSR,1495,1501,6,NASL,2186.86834771882,646.33983771882,1540.52851,-0.67,9.75,trypsin,N,0,Loxodonta africana,9785,CTTNBP2,3,1,1094.44144985941,729.9633919062734,547.7243629297051,438.380945543764,365.48533395313666
sp|Q108T9|CTTB2_LOXAF,1495,G41247ZX,HexNAc(2)Hex(6),NASLSR,1495,1501,6,NASL,2024.81552371882,646.33983771882,1378.475686,-0.67,9.75,trypsin,N,0,Loxodonta africana,9785,CTTNBP2,3,1,1013.4150378594101,675.9457839062733,507.211156929705,405.970380743764,338.47652995313666
sp|Q108T9|CTTB2_LOXAF,1641,G62765YT,HexNAc(2)Hex(8),QIEINNNSK,1636,1645,9,NNSK,2761.1169699729003,1058.5356369729002,1702.581333,-1.47,6.0,trypsin,N,0,Loxodonta africana,9785,CTTNBP2,3,1,1381.5657609864502,921.3795993243001,691.2865184932251,553.23066999458,461.19343766215
sp|Q108T9|CTTB2_LOXAF,1641,G31852PQ,HexNAc(2)Hex(7),QIEINNNSK,1636,1645,9,NNSK,2599.0641469729003,1058.5356369729002,1540.52851,-1.47,6.0,trypsin,N,0,Loxodonta africana,9785,CTTNBP2,3,1,1300.5393494864502,867.3619916576334,650.7733127432251,520.8201053945801,434.1846338288167
sp|Q108T9|CTTB2_LOXAF,1641,G41247ZX,HexNAc(2)Hex(6),QIEINNNSK,1636,1645,9,NNSK,2437.0113229729004,1058.5356369729002,1378.475686,-1.47,6.0,trypsin,N,0,Loxodonta africana,9785,CTTNBP2,3,1,1219.5129374864503,813.3443836576334,610.2601067432252,488.4095405945801,407.1758298288167
sp|Q108U1|ASZ1_LOXAF,104,G62765YT,HexNAc(2)Hex(8),GANASFEK,102,110,8,NASF,2524.96851483406,822.38718183406,1702.581333,-0.71,6.0,trypsin,N,0,Loxodonta africana,9785,ASZ1,3,1,1263.49153341703,842.6634476113533,632.249404708515,506.000978966812,421.83536180567665
sp|Q108U1|ASZ1_LOXAF,104,G31852PQ,HexNAc(2)Hex(7),GANASFEK,102,110,8,NASF,2362.91569183406,822.38718183406,1540.52851,-0.71,6.0,trypsin,N,0,Loxodonta africana,9785,ASZ1,3,1,1182.46512191703,788.6458399446866,591.736198958515,473.590414366812,394.8265579723433
sp|Q108U1|ASZ1_LOXAF,104,G41247ZX,HexNAc(2)Hex(6),GANASFEK,102,110,8,NASF,2200.86286783406,822.38718183406,1378.475686,-0.71,6.0,trypsin,N,0,Loxodonta africana,9785,ASZ1,3,1,1101.43870991703,734.6282319446867,551.2229929585151,441.17984956681204,367.8177539723433
sp|Q108U1|ASZ1_LOXAF,397,G62765YT,HexNAc(2)Hex(8),IVLEWASPQNFTSVCEELVSNVEDLSEEVCK,388,419,31,NFTS,5198.2238862617,3495.6425532617,1702.581333,0.04,4.05,trypsin,N,0,Loxodonta africana,9785,ASZ1,3,1,2600.1192191308496,1733.7485714205666,1300.563247565425,1040.6520532523398,867.3779237102832
sp|Q108U1|ASZ1_LOXAF,397,G31852PQ,HexNAc(2)Hex(7),IVLEWASPQNFTSVCEELVSNVEDLSEEVCK,388,419,31,NFTS,5036.1710632617,3495.6425532617,1540.52851,0.04,4.05,trypsin,N,0,Loxodonta africana,9785,ASZ1,3,1,2519.0928076308496,1679.7309637539,1260.050041815425,1008.2414886523399,840.3691198769499
sp|Q108U1|ASZ1_LOXAF,397,G41247ZX,HexNAc(2)Hex(6),IVLEWASPQNFTSVCEELVSNVEDLSEEVCK,388,419,31,NFTS,4874.1182392617,3495.6425532617,1378.475686,0.04,4.05,trypsin,N,0,Loxodonta africana,9785,ASZ1,3,1,2438.06639563085,1625.7133557539,1219.536835815425,975.83092385234,813.36031587695
sp|Q2I3F2|NU4M_LOXAF,26,G62765YT,HexNAc(2)Hex(8),TILPTIMLIPLAWFTSNNMVWINTTLYSFTISLTSLHLLYQPLDNSLNLSPEFFLDSLSTPLLILTIWLLPLMLIASQSHLSSGSTFQK,4,93,89,NTTL,11750.93135106283,10048.35001806283,1702.581333,0.69,5.2,trypsin,N,0,Loxodonta africana,9785,MT-ND4,3,1,5876.472951531416,3917.984393020944,2938.7401137657075,2351.193546212566,1959.4958345104717
sp|Q2I3F2|NU4M_LOXAF,26,G31852PQ,HexNAc(2)Hex(7),TILPTIMLIPLAWFTSNNMVWINTTLYSFTISLTSLHLLYQPLDNSLNLSPEFFLDSLSTPLLILTIWLLPLMLIASQSHLSSGSTFQK,4,93,89,NTTL,11588.87852806283,10048.35001806283,1540.52851,0.69,5.2,trypsin,N,0,Loxodonta africana,9785,MT-ND4,3,1,5795.446540031416,3863.9667853542774,2898.2269080157075,2318.782981612566,1932.4870306771384
sp|Q2I3F2|NU4M_LOXAF,26,G41247ZX,HexNAc(2)Hex(6),TILPTIMLIPLAWFTSNNMVWINTTLYSFTISLTSLHLLYQPLDNSLNLSPEFFLDSLSTPLLILTIWLLPLMLIASQSHLSSGSTFQK,4,93,89,NTTL,11426.82570406283,10048.35001806283,1378.475686,0.69,5.2,trypsin,N,0,Loxodonta africana,9785,MT-ND4,3,1,5714.4201280314155,3809.9491773542773,2857.7137020157074,2286.372416812566,1905.4782266771383
sp|Q2I3F2|NU4M_LOXAF,51,G62765YT,HexNAc(2)Hex(8),TILPTIMLIPLAWFTSNNMVWINTTLYSFTISLTSLHLLYQPLDNSLNLSPEFFLDSLSTPLLILTIWLLPLMLIASQSHLSSGSTFQK,4,93,89,NLSP,11750.93135106283,10048.35001806283,1702.581333,0.69,5.2,trypsin,N,0,Loxodonta africana,9785,MT-ND4,3,1,5876.472951531416,3917.984393020944,2938.7401137657075,2351.193546212566,1959.4958345104717
sp|Q2I3F2|NU4M_LOXAF,51,G31852PQ,HexNAc(2)Hex(7),TILPTIMLIPLAWFTSNNMVWINTTLYSFTISLTSLHLLYQPLDNSLNLSPEFFLDSLSTPLLILTIWLLPLMLIASQSHLSSGSTFQK,4,93,89,NLSP,11588.87852806283,10048.35001806283,1540.52851,0.69,5.2,trypsin,N,0,Loxodonta africana,9785,MT-ND4,3,1,5795.446540031416,3863.9667853542774,2898.2269080157075,2318.782981612566,1932.4870306771384
sp|Q2I3F2|NU4M_LOXAF,51,G41247ZX,HexNAc(2)Hex(6),TILPTIMLIPLAWFTSNNMVWINTTLYSFTISLTSLHLLYQPLDNSLNLSPEFFLDSLSTPLLILTIWLLPLMLIASQSHLSSGSTFQK,4,93,89,NLSP,11426.82570406283,10048.35001806283,1378.475686,0.69,5.2,trypsin,N,0,Loxodonta africana,9785,MT-ND4,3,1,5714.4201280314155,3809.9491773542773,2857.7137020157074,2286.372416812566,1905.4782266771383
sp|Q2I3F2|NU4M_LOXAF,390,G62765YT,HexNAc(2)Hex(8),GLQTLLPLMATWWLLASLINMAPPPTINLIGELLIITTSFSWSNFTIFPMGLNVLITTMYTLHMMTTTQR,347,417,70,NFTI,9594.72229748156,7892.140964481559,1702.581333,0.76,6.75,trypsin,N,0,Loxodonta africana,9785,MT-ND4,3,1,4798.36842474078,3199.2480418271866,2399.6878503703897,1919.9517354963118,1600.1276589135932
sp|Q2I3F2|NU4M_LOXAF,390,G31852PQ,HexNAc(2)Hex(7),GLQTLLPLMATWWLLASLINMAPPPTINLIGELLIITTSFSWSNFTIFPMGLNVLITTMYTLHMMTTTQR,347,417,70,NFTI,9432.66947448156,7892.140964481559,1540.52851,0.76,6.75,trypsin,N,0,Loxodonta africana,9785,MT-ND4,3,1,4717.34201324078,3145.23043416052,2359.1746446203897,1887.5411708963118,1573.11885508026
sp|Q2I3F2|NU4M_LOXAF,390,G41247ZX,HexNAc(2)Hex(6),GLQTLLPLMATWWLLASLINMAPPPTINLIGELLIITTSFSWSNFTIFPMGLNVLITTMYTLHMMTTTQR,347,417,70,NFTI,9270.61665048156,7892.140964481559,1378.475686,0.76,6.75,trypsin,N,0,Loxodonta africana,9785,MT-ND4,3,1,4636.31560124078,3091.21282616052,2318.6614386203896,1855.1306060963118,1546.1100510802598
sp|Q2I3F4|NU3M_LOXAF,29,G62765YT,HexNAc(2)Hex(8),MNLMITLLTNTMLTSLMVLIAFWLPQTYNYSEK,1,34,33,NYSE,5595.57045368559,3892.9891206855896,1702.581333,0.62,5.75,trypsin,N,0,Loxodonta africana,9785,MT-ND3,3,1,2798.792502842795,1866.19742722853,1399.8998894213976,1120.121366737118,933.602351614265
sp|Q2I3F4|NU3M_LOXAF,29,G31852PQ,HexNAc(2)Hex(7),MNLMITLLTNTMLTSLMVLIAFWLPQTYNYSEK,1,34,33,NYSE,5433.51763068559,3892.9891206855896,1540.52851,0.62,5.75,trypsin,N,0,Loxodonta africana,9785,MT-ND3,3,1,2717.766091342795,1812.1798195618633,1359.3866836713976,1087.710802137118,906.5935477809317
sp|Q2I3F4|NU3M_LOXAF,29,G41247ZX,HexNAc(2)Hex(6),MNLMITLLTNTMLTSLMVLIAFWLPQTYNYSEK,1,34,33,NYSE,5271.46480668559,3892.9891206855896,1378.475686,0.62,5.75,trypsin,N,0,Loxodonta africana,9785,MT-ND3,3,1,2636.7396793427947,1758.1622115618632,1318.8734776713975,1055.3002373371178,879.5847437809316
sp|Q2I3F4|NU3M_LOXAF,82,G62765YT,HexNAc(2)Hex(8),FFLVAITFLLFDLEIALLLPLPWAIQANNTSLTLLMSFMLIILLAIGLAYEWLQK,55,110,55,NNTS,7980.12158136366,6277.54024836366,1702.581333,1.49,4.14,trypsin,N,0,Loxodonta africana,9785,MT-ND3,3,1,3991.06806668183,2661.04780312122,1996.037671340915,1597.0315922727318,1331.02753956061
sp|Q2I3F4|NU3M_LOXAF,82,G31852PQ,HexNAc(2)Hex(7),FFLVAITFLLFDLEIALLLPLPWAIQANNTSLTLLMSFMLIILLAIGLAYEWLQK,55,110,55,NNTS,7818.06875836366,6277.54024836366,1540.52851,1.49,4.14,trypsin,N,0,Loxodonta africana,9785,MT-ND3,3,1,3910.04165518183,2607.0301954545534,1955.524465590915,1564.621027672732,1304.0187357272766
sp|Q2I3F4|NU3M_LOXAF,82,G41247ZX,HexNAc(2)Hex(6),FFLVAITFLLFDLEIALLLPLPWAIQANNTSLTLLMSFMLIILLAIGLAYEWLQK,55,110,55,NNTS,7656.01593436366,6277.54024836366,1378.475686,1.49,4.14,trypsin,N,0,Loxodonta africana,9785,MT-ND3,3,1,3829.0152431818296,2553.0125874545533,1915.011259590915,1532.2104628727318,1277.0099317272766
sp|Q2I3F5|COX3_LOXAF,133,G62765YT,HexNAc(2)Hex(8),YGMILFITSEVLFFTGFFWAFYHSSLAPTPELGSYWPPVGVYPLNPLEVPLLNTSVLLASGVTITWAHHSLMEGNR,81,157,76,NTSV,10199.89583844397,8497.31450544397,1702.581333,0.51,5.29,trypsin,N,0,Loxodonta africana,9785,MT-CO3,3,1,5100.955195221985,3400.9725554813235,2550.9812356109924,2040.986443688794,1700.9899157406617
sp|Q2I3F5|COX3_LOXAF,133,G31852PQ,HexNAc(2)Hex(7),YGMILFITSEVLFFTGFFWAFYHSSLAPTPELGSYWPPVGVYPLNPLEVPLLNTSVLLASGVTITWAHHSLMEGNR,81,157,76,NTSV,10037.84301544397,8497.31450544397,1540.52851,0.51,5.29,trypsin,N,0,Loxodonta africana,9785,MT-CO3,3,1,5019.928783721985,3346.954947814657,2510.4680298609924,2008.575879088794,1673.9811119073283
sp|Q2I3F5|COX3_LOXAF,133,G41247ZX,HexNAc(2)Hex(6),YGMILFITSEVLFFTGFFWAFYHSSLAPTPELGSYWPPVGVYPLNPLEVPLLNTSVLLASGVTITWAHHSLMEGNR,81,157,76,NTSV,9875.79019144397,8497.31450544397,1378.475686,0.51,5.29,trypsin,N,0,Loxodonta africana,9785,MT-CO3,3,1,4938.902371721985,3292.9373398146568,2469.9548238609923,1976.165314288794,1646.9723079073283
sp|Q9TA19|NU5M_LOXAF,211,G62765YT,HexNAc(2)Hex(8),NTTLPLLGLLLASAGK,211,227,16,NTTL,3283.5314762021203,1580.9501432021202,1702.581333,0.9,8.75,trypsin,N,0,Loxodonta africana,9785,MT-ND5,3,1,1642.7730141010602,1095.5177680673735,821.8901450505301,657.713571240424,548.2625220336867
sp|Q9TA19|NU5M_LOXAF,211,G31852PQ,HexNAc(2)Hex(7),NTTLPLLGLLLASAGK,211,227,16,NTTL,3121.4786532021203,1580.9501432021202,1540.52851,0.9,8.75,trypsin,N,0,Loxodonta africana,9785,MT-ND5,3,1,1561.7466026010602,1041.5001604007068,781.3769393005301,625.3030066404241,521.2537182003533
sp|Q9TA19|NU5M_LOXAF,211,G41247ZX,HexNAc(2)Hex(6),NTTLPLLGLLLASAGK,211,227,16,NTTL,2959.4258292021204,1580.9501432021202,1378.475686,0.9,8.75,trypsin,N,0,Loxodonta africana,9785,MT-ND5,3,1,1480.7201906010603,987.4825524007068,740.8637333005302,592.8924418404241,494.2449142003534
sp|Q9TA19|NU5M_LOXAF,273,G62765YT,HexNAc(2)Hex(8),FYPLMENNLTIQTSTLCLGAITTLFTAICALTQNDIK,266,303,37,NLTI,5777.6533313624095,4075.07199836241,1702.581333,0.58,4.37,trypsin,N,0,Loxodonta africana,9785,MT-ND5,3,1,2889.8339416812046,1926.8917197874698,1445.4206088406024,1156.5379422724818,963.9494978937349
sp|Q9TA19|NU5M_LOXAF,273,G31852PQ,HexNAc(2)Hex(7),FYPLMENNLTIQTSTLCLGAITTLFTAICALTQNDIK,266,303,37,NLTI,5615.6005083624095,4075.07199836241,1540.52851,0.58,4.37,trypsin,N,0,Loxodonta africana,9785,MT-ND5,3,1,2808.8075301812046,1872.8741121208031,1404.9074030906024,1124.1273776724818,936.9406940604016
sp|Q9TA19|NU5M_LOXAF,273,G41247ZX,HexNAc(2)Hex(6),FYPLMENNLTIQTSTLCLGAITTLFTAICALTQNDIK,266,303,37,NLTI,5453.54768436241,4075.07199836241,1378.475686,0.58,4.37,trypsin,N,0,Loxodonta africana,9785,MT-ND5,3,1,2727.781118181205,1818.8565041208033,1364.3941970906026,1091.716812872482,909.9318900604017
sp|Q9TA19|NU5M_LOXAF,403,G62765YT,HexNAc(2)Hex(8),DPIIETANMSYINTWALLITLIAVSMTASYSTR,396,429,33,NMSY,5361.44399021917,3658.8626572191697,1702.581333,0.57,4.37,trypsin,N,0,Loxodonta africana,9785,MT-ND5,3,1,2681.7292711095847,1788.1552727397232,1341.3682735547925,1073.2960740438339,894.5812743698616
sp|Q9TA19|NU5M_LOXAF,403,G31852PQ,HexNAc(2)Hex(7),DPIIETANMSYINTWALLITLIAVSMTASYSTR,396,429,33,NMSY,5199.39116721917,3658.8626572191697,1540.52851,0.57,4.37,trypsin,N,0,Loxodonta africana,9785,MT-ND5,3,1,2600.7028596095847,1734.1376650730565,1300.8550678047925,1040.8855094438338,867.5724705365283
sp|Q9TA19|NU5M_LOXAF,403,G41247ZX,HexNAc(2)Hex(6),DPIIETANMSYINTWALLITLIAVSMTASYSTR,396,429,33,NMSY,5037.3383432191695,3658.8626572191697,1378.475686,0.57,4.37,trypsin,N,0,Loxodonta africana,9785,MT-ND5,3,1,2519.6764476095846,1680.1200570730564,1260.3418618047924,1008.4749446438339,840.5636665365282
sp|Q9TA19|NU5M_LOXAF,509,G62765YT,HexNAc(2)Hex(8),FMALAVTLLGFTVATELNNMTHNLMFK,491,518,27,NMTH,4729.12451110545,3026.54317810545,1702.581333,0.84,6.75,trypsin,N,0,Loxodonta africana,9785,MT-ND5,3,1,2365.569531552725,1577.38211303515,1183.2884037763627,946.83217822109,789.194694517575
sp|Q9TA19|NU5M_LOXAF,509,G31852PQ,HexNAc(2)Hex(7),FMALAVTLLGFTVATELNNMTHNLMFK,491,518,27,NMTH,4567.07168810545,3026.54317810545,1540.52851,0.84,6.75,trypsin,N,0,Loxodonta africana,9785,MT-ND5,3,1,2284.543120052725,1523.3645053684834,1142.7751980263627,914.42161362109,762.1858906842417
sp|Q9TA19|NU5M_LOXAF,509,G41247ZX,HexNAc(2)Hex(6),FMALAVTLLGFTVATELNNMTHNLMFK,491,518,27,NMTH,4405.01886410545,3026.54317810545,1378.475686,0.84,6.75,trypsin,N,0,Loxodonta africana,9785,MT-ND5,3,1,2203.516708052725,1469.3468973684833,1102.2619920263626,882.01104882109,735.1770866842417
sp|Q9TA19|NU5M_LOXAF,568,G62765YT,HexNAc(2)Hex(8),NLTTMQK,568,575,7,NLTT,2537.00827147106,834.42693847106,1702.581333,-0.94,8.75,trypsin,N,0,Loxodonta africana,9785,MT-ND5,3,1,1269.5114117355301,846.6766998236867,635.2593438677651,508.40893029421204,423.8419879118433
sp|Q9TA19|NU5M_LOXAF,568,G31852PQ,HexNAc(2)Hex(7),NLTTMQK,568,575,7,NLTT,2374.95544847106,834.42693847106,1540.52851,-0.94,8.75,trypsin,N,0,Loxodonta africana,9785,MT-ND5,3,1,1188.4850002355302,792.65909215702,594.7461381177651,475.99836569421205,396.83318407851
sp|Q9TA19|NU5M_LOXAF,568,G41247ZX,HexNAc(2)Hex(6),NLTTMQK,568,575,7,NLTT,2212.90262447106,834.42693847106,1378.475686,-0.94,8.75,trypsin,N,0,Loxodonta africana,9785,MT-ND5,3,1,1107.45858823553,738.6414841570199,554.232932117765,443.58780089421197,369.82438007850993
sp|Q9TA21|NU4LM_LOXAF,7,G62765YT,HexNAc(2)Hex(8),MPYIYMNITLAFVISLIGTLMYR,1,24,23,NITL,4425.0113788461695,2722.43004584617,1702.581333,1.21,8.25,trypsin,N,0,Loxodonta africana,9785,MT-ND4L,3,1,2213.5129654230846,1476.011068948723,1107.2601207115424,886.0095517692338,738.5091724743615
sp|Q9TA21|NU4LM_LOXAF,7,G31852PQ,HexNAc(2)Hex(7),MPYIYMNITLAFVISLIGTLMYR,1,24,23,NITL,4262.9585558461695,2722.43004584617,1540.52851,1.21,8.25,trypsin,N,0,Loxodonta africana,9785,MT-ND4L,3,1,2132.4865539230846,1421.9934612820564,1066.7469149615424,853.5989871692339,711.5003686410282
sp|Q9TA21|NU4LM_LOXAF,7,G41247ZX,HexNAc(2)Hex(6),MPYIYMNITLAFVISLIGTLMYR,1,24,23,NITL,4100.90573184617,2722.43004584617,1378.475686,1.21,8.25,trypsin,N,0,Loxodonta africana,9785,MT-ND4L,3,1,2051.460141923085,1367.9758532820567,1026.2337089615426,821.1884223692339,684.4915646410283
sp|Q9TA21|NU4LM_LOXAF,52,G62765YT,HexNAc(2)Hex(8),SHLMSSLLCLEGMMLSLFTLNALLSLNMNFTLSTTVPLILLVFAACEAAVGLALLVMISNTYGLDYVQNLNLLQC,24,99,75,NFTL,9807.77750605217,8105.19617305217,1702.581333,1.2,4.13,trypsin,N,0,Loxodonta africana,9785,MT-ND4L,3,1,4904.896029026086,3270.266444684057,2452.9516525130425,1962.562777210434,1635.6368603420285
sp|Q9TA21|NU4LM_LOXAF,52,G31852PQ,HexNAc(2)Hex(7),SHLMSSLLCLEGMMLSLFTLNALLSLNMNFTLSTTVPLILLVFAACEAAVGLALLVMISNTYGLDYVQNLNLLQC,24,99,75,NFTL,9645.724683052169,8105.19617305217,1540.52851,1.2,4.13,trypsin,N,0,Loxodonta africana,9785,MT-ND4L,3,1,4823.869617526085,3216.24883701739,2412.438446763042,1930.1522126104337,1608.6280565086947
sp|Q9TA21|NU4LM_LOXAF,52,G41247ZX,HexNAc(2)Hex(6),SHLMSSLLCLEGMMLSLFTLNALLSLNMNFTLSTTVPLILLVFAACEAAVGLALLVMISNTYGLDYVQNLNLLQC,24,99,75,NFTL,9483.67185905217,8105.19617305217,1378.475686,1.2,4.13,trypsin,N,0,Loxodonta africana,9785,MT-ND4L,3,1,4742.8432055260855,3162.2312290173904,2371.9252407630424,1897.741647810434,1581.6192525086951
sp|Q9TA24|ATP6_LOXAF,97,G62765YT,HexNAc(2)Hex(8),GLSWSLMLITLTLFIGLTNLLGLLPYSFAPTTQLTVNLSMAIPLWTGTVVPGFR,61,115,54,NLSM,7549.79801539716,5847.21668239716,1702.581333,1.04,8.75,trypsin,N,0,Loxodonta africana,9785,MT-ATP6,3,2,3775.90628369858,2517.60661446572,1888.4567798492901,1510.966879079432,1259.30694523286
sp|Q9TA24|ATP6_LOXAF,97,G31852PQ,HexNAc(2)Hex(7),GLSWSLMLITLTLFIGLTNLLGLLPYSFAPTTQLTVNLSMAIPLWTGTVVPGFR,61,115,54,NLSM,7387.74519239716,5847.21668239716,1540.52851,1.04,8.75,trypsin,N,0,Loxodonta africana,9785,MT-ATP6,3,2,3694.87987219858,2463.5890067990535,1847.9435740992901,1478.5563144794319,1232.2981413995267
sp|Q9TA24|ATP6_LOXAF,97,G41247ZX,HexNAc(2)Hex(6),GLSWSLMLITLTLFIGLTNLLGLLPYSFAPTTQLTVNLSMAIPLWTGTVVPGFR,61,115,54,NLSM,7225.69236839716,5847.21668239716,1378.475686,1.04,8.75,trypsin,N,0,Loxodonta africana,9785,MT-ATP6,3,2,3613.85346019858,2409.5713987990534,1807.43036809929,1446.145749679432,1205.2893373995266
sp|Q9TA24|ATP6_LOXAF,159,G62765YT,HexNAc(2)Hex(8),LTANITAGHSLIHLTGTATLTLSSIHSMTITVTFVTVILLTILELAVALIQAYVFALLISLYLHENA,156,223,67,NITA,8846.57705343956,7143.99572043956,1702.581333,1.29,5.99,trypsin,N,0,Loxodonta africana,9785,MT-ATP6,3,2,4424.29580271978,2949.866293813187,2212.6515393598897,1770.3226866879118,1475.4367849065932
sp|Q9TA24|ATP6_LOXAF,159,G31852PQ,HexNAc(2)Hex(7),LTANITAGHSLIHLTGTATLTLSSIHSMTITVTFVTVILLTILELAVALIQAYVFALLISLYLHENA,156,223,67,NITA,8684.52423043956,7143.99572043956,1540.52851,1.29,5.99,trypsin,N,0,Loxodonta africana,9785,MT-ATP6,3,2,4343.26939121978,2895.8486861465203,2172.1383336098897,1737.912122087912,1448.4279810732598
sp|Q9TA24|ATP6_LOXAF,159,G41247ZX,HexNAc(2)Hex(6),LTANITAGHSLIHLTGTATLTLSSIHSMTITVTFVTVILLTILELAVALIQAYVFALLISLYLHENA,156,223,67,NITA,8522.47140643956,7143.99572043956,1378.475686,1.29,5.99,trypsin,N,0,Loxodonta africana,9785,MT-ATP6,3,2,4262.24297921978,2841.83107814652,2131.6251276098897,1705.5015572879117,1421.4191770732598
sp|Q9TA26|COX2_LOXAF,203,G62765YT,HexNAc(2)Hex(8),LNQVTLTSMRPGLFYGQCSEICGANHSFMPIVLELVPLK,179,218,39,NHSF,6007.76356760107,4305.1822346010695,1702.581333,0.43,6.74,trypsin,N,0,Loxodonta africana,9785,MT-CO2,3,1,3004.8890598005346,2003.5951318670232,1502.9481679002674,1202.5599895202138,1002.3012039335116
sp|Q9TA26|COX2_LOXAF,203,G31852PQ,HexNAc(2)Hex(7),LNQVTLTSMRPGLFYGQCSEICGANHSFMPIVLELVPLK,179,218,39,NHSF,5845.71074460107,4305.1822346010695,1540.52851,0.43,6.74,trypsin,N,0,Loxodonta africana,9785,MT-CO2,3,1,2923.8626483005346,1949.5775242003565,1462.4349621502674,1170.1494249202137,975.2924001001783
sp|Q9TA26|COX2_LOXAF,203,G41247ZX,HexNAc(2)Hex(6),LNQVTLTSMRPGLFYGQCSEICGANHSFMPIVLELVPLK,179,218,39,NHSF,5683.657920601069,4305.1822346010695,1378.475686,0.43,6.74,trypsin,N,0,Loxodonta africana,9785,MT-CO2,3,1,2842.8362363005344,1895.5599162003564,1421.9217561502674,1137.7388601202138,948.2835961001782
sp|Q9TA26|COX2_LOXAF,221,G62765YT,HexNAc(2)Hex(8),YFENWSASLAQ,218,229,11,NWSA,3017.16939946858,1314.58806646858,1702.581333,-0.37,4.05,trypsin,N,0,Loxodonta africana,9785,MT-CO2,3,1,1509.5919757342901,1006.7304091561933,755.2996258671451,604.4411558937161,503.8688425780967
sp|Q9TA26|COX2_LOXAF,221,G31852PQ,HexNAc(2)Hex(7),YFENWSASLAQ,218,229,11,NWSA,2855.11657646858,1314.58806646858,1540.52851,-0.37,4.05,trypsin,N,0,Loxodonta africana,9785,MT-CO2,3,1,1428.5655642342902,952.7128014895267,714.7864201171451,572.030591293716,476.86003874476336
sp|Q9TA26|COX2_LOXAF,221,G41247ZX,HexNAc(2)Hex(6),YFENWSASLAQ,218,229,11,NWSA,2693.06375246858,1314.58806646858,1378.475686,-0.37,4.05,trypsin,N,0,Loxodonta africana,9785,MT-CO2,3,1,1347.53915223429,898.6951934895266,674.273214117145,539.620026493716,449.8512347447633
sp|Q9TA28|NU2M_LOXAF,171,G62765YT,HexNAc(2)Hex(8),LAPLSLLYQMATYTNTNLIYLSGLLSILIGGWGGLNQTQLR,136,177,41,NQTQ,6182.00531179445,4479.42397879445,1702.581333,0.53,8.5,trypsin,N,0,Loxodonta africana,9785,MT-ND2,3,1,3092.0099318972248,2061.6757132648167,1546.5086039486125,1237.40833835889,1031.3414946324083
sp|Q9TA28|NU2M_LOXAF,171,G31852PQ,HexNAc(2)Hex(7),LAPLSLLYQMATYTNTNLIYLSGLLSILIGGWGGLNQTQLR,136,177,41,NQTQ,6019.95248879445,4479.42397879445,1540.52851,0.53,8.5,trypsin,N,0,Loxodonta africana,9785,MT-ND2,3,1,3010.9835203972248,2007.6581055981499,1505.9953981986125,1204.99777375889,1004.332690799075
sp|Q9TA28|NU2M_LOXAF,171,G41247ZX,HexNAc(2)Hex(6),LAPLSLLYQMATYTNTNLIYLSGLLSILIGGWGGLNQTQLR,136,177,41,NQTQ,5857.89966479445,4479.42397879445,1378.475686,0.53,8.5,trypsin,N,0,Loxodonta africana,9785,MT-ND2,3,1,2929.9571083972246,1953.6404975981498,1465.4821921986124,1172.5872089588897,977.3238867990749
sp|Q9TA28|NU2M_LOXAF,204,G62765YT,HexNAc(2)Hex(8),ILAYSSISHMGWMLIILPFNPTLTLLNLTIYIMLTLSIFMILTNTFTTSMSSLTLMWNK,178,237,59,NLTI,8470.149606293598,6767.568273293599,1702.581333,1.05,8.5,trypsin,N,0,Loxodonta africana,9785,MT-ND2,3,1,4236.0820791467995,2824.3904780978664,2118.5446775733994,1695.0371972587195,1412.6988770489331
sp|Q9TA28|NU2M_LOXAF,204,G31852PQ,HexNAc(2)Hex(7),ILAYSSISHMGWMLIILPFNPTLTLLNLTIYIMLTLSIFMILTNTFTTSMSSLTLMWNK,178,237,59,NLTI,8308.0967832936,6767.568273293599,1540.52851,1.05,8.5,trypsin,N,0,Loxodonta africana,9785,MT-ND2,3,1,4155.0556676468,2770.3728704312,2078.0314718234,1662.62663265872,1385.6900732156
sp|Q9TA28|NU2M_LOXAF,204,G41247ZX,HexNAc(2)Hex(6),ILAYSSISHMGWMLIILPFNPTLTLLNLTIYIMLTLSIFMILTNTFTTSMSSLTLMWNK,178,237,59,NLTI,8146.043959293599,6767.568273293599,1378.475686,1.05,8.5,trypsin,N,0,Loxodonta africana,9785,MT-ND2,3,1,4074.0292556467994,2716.3552624311997,2037.5182658233998,1630.2160678587197,1358.6812692155997
sp|Q9TA28|NU2M_LOXAF,273,G62765YT,HexNAc(2)Hex(8),NNSIIMPLTMAIMALLNMYFYMR,273,296,23,NNSI,4452.93036872749,2750.3490357274895,1702.581333,0.87,8.59,trypsin,N,0,Loxodonta africana,9785,MT-ND2,3,1,2227.4724603637446,1485.317398909163,1114.2398681818725,891.5933497454978,743.1623374545816
sp|Q9TA28|NU2M_LOXAF,273,G31852PQ,HexNAc(2)Hex(7),NNSIIMPLTMAIMALLNMYFYMR,273,296,23,NNSI,4290.87754572749,2750.3490357274895,1540.52851,0.87,8.59,trypsin,N,0,Loxodonta africana,9785,MT-ND2,3,1,2146.4460488637446,1431.2997912424964,1073.7266624318725,859.1827851454979,716.1535336212482
sp|Q9TA28|NU2M_LOXAF,273,G41247ZX,HexNAc(2)Hex(6),NNSIIMPLTMAIMALLNMYFYMR,273,296,23,NNSI,4128.824721727489,2750.3490357274895,1378.475686,0.87,8.59,trypsin,N,0,Loxodonta africana,9785,MT-ND2,3,1,2065.4196368637445,1377.2821832424963,1033.2134564318724,826.7722203454978,689.1447296212482
sp|Q9TA29|NU1M_LOXAF,99,G62765YT,HexNAc(2)Hex(8),FLFTVAPILALTLALTVWAPLPMPYPLINLNLSLLFILAMSSLMVYSILWSGWASNSK,69,127,58,NLSL,8123.100528649251,6420.519195649251,1702.581333,1.26,8.5,trypsin,N,0,Loxodonta africana,9785,MT-ND1,3,1,4062.5575403246253,2708.707452216417,2031.7824081623128,1625.6273817298502,1354.8573641082085
sp|Q9TA29|NU1M_LOXAF,99,G31852PQ,HexNAc(2)Hex(7),FLFTVAPILALTLALTVWAPLPMPYPLINLNLSLLFILAMSSLMVYSILWSGWASNSK,69,127,58,NLSL,7961.047705649251,6420.519195649251,1540.52851,1.26,8.5,trypsin,N,0,Loxodonta africana,9785,MT-ND1,3,1,3981.5311288246253,2654.6898445497504,1991.2692024123128,1593.2168171298501,1327.8485602748751
sp|Q9TA29|NU1M_LOXAF,99,G41247ZX,HexNAc(2)Hex(6),FLFTVAPILALTLALTVWAPLPMPYPLINLNLSLLFILAMSSLMVYSILWSGWASNSK,69,127,58,NLSL,7798.994881649251,6420.519195649251,1378.475686,1.26,8.5,trypsin,N,0,Loxodonta africana,9785,MT-ND1,3,1,3900.504716824625,2600.6722365497503,1950.7559964123127,1560.80625232985,1300.839756274875
sp|Q9TA29|NU1M_LOXAF,157,G62765YT,HexNAc(2)Hex(8),AVAQTISYEVSMTTITLSMVLMNGSFTLTAFAMTQEHLWLILPMWPLMMMWFTSTLAETNR,135,196,61,NGSF,8688.99253068219,6986.4111976821905,1702.581333,0.63,4.75,trypsin,N,0,Loxodonta africana,9785,MT-ND1,3,1,4345.503541341095,2897.3381195607303,2173.2554086705472,1738.8057821364378,1449.1726977803648
sp|Q9TA29|NU1M_LOXAF,157,G31852PQ,HexNAc(2)Hex(7),AVAQTISYEVSMTTITLSMVLMNGSFTLTAFAMTQEHLWLILPMWPLMMMWFTSTLAETNR,135,196,61,NGSF,8526.939707682192,6986.4111976821905,1540.52851,0.63,4.75,trypsin,N,0,Loxodonta africana,9785,MT-ND1,3,1,4264.477129841096,2843.320511894064,2132.7422029205477,1706.3952175364382,1422.163893947032
sp|Q9TA29|NU1M_LOXAF,157,G41247ZX,HexNAc(2)Hex(6),AVAQTISYEVSMTTITLSMVLMNGSFTLTAFAMTQEHLWLILPMWPLMMMWFTSTLAETNR,135,196,61,NGSF,8364.886883682191,6986.4111976821905,1378.475686,0.63,4.75,trypsin,N,0,Loxodonta africana,9785,MT-ND1,3,1,4183.450717841096,2789.302903894064,2092.2289969205476,1673.9846527364382,1395.155089947032
sp|Q108U3|ST7_LOXAF,47,G62765YT,HexNAc(2)Hex(8),INDNLSTVSMFLNTLTPK,44,62,18,NLST,3709.6160107550604,2007.03467775506,1702.581333,0.09,5.84,trypsin,N,0,Loxodonta africana,9785,ST7,3,1,1855.8152813775303,1237.5459462516867,928.4112786887652,742.930478151012,619.2766111258434
sp|Q108U3|ST7_LOXAF,47,G31852PQ,HexNAc(2)Hex(7),INDNLSTVSMFLNTLTPK,44,62,18,NLST,3547.5631877550604,2007.03467775506,1540.52851,0.09,5.84,trypsin,N,0,Loxodonta africana,9785,ST7,3,1,1774.7888698775303,1183.52833858502,887.8980729387652,710.5199135510121,592.26780729251
sp|Q108U3|ST7_LOXAF,47,G41247ZX,HexNAc(2)Hex(6),INDNLSTVSMFLNTLTPK,44,62,18,NLST,3385.51036375506,2007.03467775506,1378.475686,0.09,5.84,trypsin,N,0,Loxodonta africana,9785,ST7,3,1,1693.76245787753,1129.51073058502,847.3848669387651,678.109348751012,565.25900329251
sp|Q108U3|ST7_LOXAF,110,G62765YT,HexNAc(2)Hex(8),YGTSFIEQVSVSHLRPLLGGVDNNSSNNSNSSNGDSDSNR,88,128,40,NNSS,5926.51534467734,4223.93401167734,1702.581333,-0.9,4.66,trypsin,N,0,Loxodonta africana,9785,ST7,3,1,2964.26494833867,1976.5123908924468,1482.636112169335,1186.310344935468,988.7598334462233
sp|Q108U3|ST7_LOXAF,110,G31852PQ,HexNAc(2)Hex(7),YGTSFIEQVSVSHLRPLLGGVDNNSSNNSNSSNGDSDSNR,88,128,40,NNSS,5764.46252167734,4223.93401167734,1540.52851,-0.9,4.66,trypsin,N,0,Loxodonta africana,9785,ST7,3,1,2883.23853683867,1922.49478322578,1442.122906419335,1153.899780335468,961.75102961289
sp|Q108U3|ST7_LOXAF,110,G41247ZX,HexNAc(2)Hex(6),YGTSFIEQVSVSHLRPLLGGVDNNSSNNSNSSNGDSDSNR,88,128,40,NNSS,5602.40969767734,4223.93401167734,1378.475686,-0.9,4.66,trypsin,N,0,Loxodonta africana,9785,ST7,3,1,2802.2121248386698,1868.47717522578,1401.609700419335,1121.4892155354678,934.7422256128899
sp|Q108U3|ST7_LOXAF,114,G62765YT,HexNAc(2)Hex(8),YGTSFIEQVSVSHLRPLLGGVDNNSSNNSNSSNGDSDSNR,88,128,40,NNSN,5926.51534467734,4223.93401167734,1702.581333,-0.9,4.66,trypsin,N,0,Loxodonta africana,9785,ST7,3,1,2964.26494833867,1976.5123908924468,1482.636112169335,1186.310344935468,988.7598334462233
sp|Q108U3|ST7_LOXAF,114,G31852PQ,HexNAc(2)Hex(7),YGTSFIEQVSVSHLRPLLGGVDNNSSNNSNSSNGDSDSNR,88,128,40,NNSN,5764.46252167734,4223.93401167734,1540.52851,-0.9,4.66,trypsin,N,0,Loxodonta africana,9785,ST7,3,1,2883.23853683867,1922.49478322578,1442.122906419335,1153.899780335468,961.75102961289
sp|Q108U3|ST7_LOXAF,114,G41247ZX,HexNAc(2)Hex(6),YGTSFIEQVSVSHLRPLLGGVDNNSSNNSNSSNGDSDSNR,88,128,40,NNSN,5602.40969767734,4223.93401167734,1378.475686,-0.9,4.66,trypsin,N,0,Loxodonta africana,9785,ST7,3,1,2802.2121248386698,1868.47717522578,1401.609700419335,1121.4892155354678,934.7422256128899
sp|Q108U3|ST7_LOXAF,117,G62765YT,HexNAc(2)Hex(8),YGTSFIEQVSVSHLRPLLGGVDNNSSNNSNSSNGDSDSNR,88,128,40,NSSN,5926.51534467734,4223.93401167734,1702.581333,-0.9,4.66,trypsin,N,0,Loxodonta africana,9785,ST7,3,1,2964.26494833867,1976.5123908924468,1482.636112169335,1186.310344935468,988.7598334462233
sp|Q108U3|ST7_LOXAF,117,G31852PQ,HexNAc(2)Hex(7),YGTSFIEQVSVSHLRPLLGGVDNNSSNNSNSSNGDSDSNR,88,128,40,NSSN,5764.46252167734,4223.93401167734,1540.52851,-0.9,4.66,trypsin,N,0,Loxodonta africana,9785,ST7,3,1,2883.23853683867,1922.49478322578,1442.122906419335,1153.899780335468,961.75102961289
sp|Q108U3|ST7_LOXAF,117,G41247ZX,HexNAc(2)Hex(6),YGTSFIEQVSVSHLRPLLGGVDNNSSNNSNSSNGDSDSNR,88,128,40,NSSN,5602.40969767734,4223.93401167734,1378.475686,-0.9,4.66,trypsin,N,0,Loxodonta africana,9785,ST7,3,1,2802.2121248386698,1868.47717522578,1401.609700419335,1121.4892155354678,934.7422256128899
sp|Q108U3|ST7_LOXAF,166,G62765YT,HexNAc(2)Hex(8),EPLTYYDMNLSAQDHQTFFTCDSDHMRPADAIMQK,158,193,35,NLSA,5821.37204121405,4118.79070821405,1702.581333,-0.8,4.44,trypsin,N,0,Loxodonta africana,9785,ST7,3,1,2911.693296607025,1941.46462307135,1456.3502863035126,1165.28168424281,971.235949535675
sp|Q108U3|ST7_LOXAF,166,G31852PQ,HexNAc(2)Hex(7),EPLTYYDMNLSAQDHQTFFTCDSDHMRPADAIMQK,158,193,35,NLSA,5659.31921821405,4118.79070821405,1540.52851,-0.8,4.44,trypsin,N,0,Loxodonta africana,9785,ST7,3,1,2830.666885107025,1887.4470154046833,1415.8370805535126,1132.8711196428098,944.2271457023417
sp|Q108U3|ST7_LOXAF,166,G41247ZX,HexNAc(2)Hex(6),EPLTYYDMNLSAQDHQTFFTCDSDHMRPADAIMQK,158,193,35,NLSA,5497.26639421405,4118.79070821405,1378.475686,-0.8,4.44,trypsin,N,0,Loxodonta africana,9785,ST7,3,1,2749.6404731070247,1833.4294074046832,1375.3238745535125,1100.4605548428099,917.2183417023416
sp|Q108U9|TES_LOXAF,103,G62765YT,HexNAc(2)Hex(8),NISINTVTYEWAPPVHNQALAR,103,125,22,NISI,4195.85778911512,2493.27645611512,1702.581333,-0.28,6.75,trypsin,N,0,Loxodonta africana,9785,TES,3,1,2098.9361705575598,1399.6265390383733,1049.97172327878,840.1788338230239,700.3169075191867
sp|Q108U9|TES_LOXAF,103,G31852PQ,HexNAc(2)Hex(7),NISINTVTYEWAPPVHNQALAR,103,125,22,NISI,4033.80496611512,2493.27645611512,1540.52851,-0.28,6.75,trypsin,N,0,Loxodonta africana,9785,TES,3,1,2017.90975905756,1345.6089313717066,1009.45851752878,807.7682692230239,673.3081036858533
sp|Q108U9|TES_LOXAF,103,G41247ZX,HexNAc(2)Hex(6),NISINTVTYEWAPPVHNQALAR,103,125,22,NISI,3871.7521421151196,2493.27645611512,1378.475686,-0.28,6.75,trypsin,N,0,Loxodonta africana,9785,TES,3,1,1936.8833470575598,1291.5913233717065,968.9453115287799,775.357704423024,646.2992996858533
sp|Q108U9|TES_LOXAF,379,G62765YT,HexNAc(2)Hex(8),VTYNNFSWHASTECFLCSCCSK,375,397,22,NFSW,4231.603491202361,2529.0221582023605,1702.581333,0.05,6.69,trypsin,N,0,Loxodonta africana,9785,TES,3,1,2116.80902160118,1411.5417730674535,1058.9081488005902,847.327974240472,706.2745245337268
sp|Q108U9|TES_LOXAF,379,G31852PQ,HexNAc(2)Hex(7),VTYNNFSWHASTECFLCSCCSK,375,397,22,NFSW,4069.5506682023606,2529.0221582023605,1540.52851,0.05,6.69,trypsin,N,0,Loxodonta africana,9785,TES,3,1,2035.7826101011804,1357.5241654007868,1018.3949430505902,814.9174096404721,679.2657207003934
sp|Q108U9|TES_LOXAF,379,G41247ZX,HexNAc(2)Hex(6),VTYNNFSWHASTECFLCSCCSK,375,397,22,NFSW,3907.4978442023603,2529.0221582023605,1378.475686,0.05,6.69,trypsin,N,0,Loxodonta africana,9785,TES,3,1,1954.7561981011802,1303.5065574007867,977.8817370505901,782.506844840472,652.2569167003934
